datetime,open,high,low,close,volume
2026-03-12T07:00:00+00:00,5811.879999999998,5816.379999999998,5760.209999999998,5766.709999999998,354.952
2026-03-12T07:15:00+00:00,5766.709999999998,5773.699999999998,5765.719999999998,5772.219999999998,195
2026-03-12T07:30:00+00:00,5772.219999999998,5775.719999999998,5763.209999999998,5773.709999999998,307
2026-03-12T07:45:00+00:00,5773.709999999998,5790.719999999998,5766.719999999998,5789.209999999998,444
2026-03-12T08:00:00+00:00,5789.209999999998,5791.709999999998,5780.699999999998,5781.219999999998,1145
2026-03-12T08:15:00+00:00,5781.219999999998,5786.719999999998,5765.709999999998,5765.709999999998,954
2026-03-12T08:30:00+00:00,5765.709999999998,5779.699999999998,5764.219999999998,5776.709999999998,787
2026-03-12T08:45:00+00:00,5776.709999999998,5792.699999999998,5771.719999999998,5788.699999999998,712
2026-03-12T09:00:00+00:00,5788.699999999998,5790.209999999998,5761.709999999998,5763.699999999998,594
2026-03-12T09:15:00+00:00,5763.699999999998,5777.199999999998,5757.699999999998,5776.719999999998,670
2026-03-12T09:30:00+00:00,5776.719999999998,5792.719999999998,5776.699999999998,5791.199999999998,770
2026-03-12T09:45:00+00:00,5791.199999999998,5794.719999999998,5786.699999999998,5792.719999999998,503
2026-03-12T10:00:00+00:00,5792.719999999998,5796.719999999998,5782.699999999998,5789.719999999998,577
2026-03-12T10:15:00+00:00,5789.719999999998,5789.719999999998,5782.699999999998,5784.719999999998,398
2026-03-12T10:30:00+00:00,5784.719999999998,5802.219999999998,5782.719999999998,5785.199999999998,648
2026-03-12T10:45:00+00:00,5785.199999999998,5795.209999999998,5780.699999999998,5780.699999999998,420
2026-03-12T11:00:00+00:00,5780.699999999998,5781.719999999998,5769.699999999998,5779.209999999998,512
2026-03-12T11:15:00+00:00,5779.209999999998,5791.719999999998,5777.699999999998,5790.709999999998,398
2026-03-12T11:30:00+00:00,5790.709999999998,5805.719999999998,5790.709999999998,5802.199999999998,476
2026-03-12T11:45:00+00:00,5802.199999999998,5804.719999999998,5783.699999999998,5784.699999999998,551
2026-03-12T12:00:00+00:00,5784.699999999998,5785.719999999998,5764.699999999998,5770.719999999998,834
2026-03-12T12:15:00+00:00,5770.719999999998,5775.719999999998,5763.199999999998,5772.219999999998,685
2026-03-12T12:30:00+00:00,5772.219999999998,5772.719999999998,5762.699999999998,5770.699999999998,605
2026-03-12T12:45:00+00:00,5770.699999999998,5777.719999999998,5763.699999999998,5777.709999999998,618
2026-03-12T13:00:00+00:00,5777.709999999998,5788.719999999998,5776.199999999998,5776.199999999998,498
2026-03-12T13:15:00+00:00,5776.199999999998,5777.209999999998,5745.719999999998,5766.719999999998,1640
2026-03-12T13:30:00+00:00,5766.719999999998,5772.719999999998,5755.709999999998,5756.719999999998,3034
2026-03-12T13:45:00+00:00,5756.719999999998,5765.719999999998,5735.699999999998,5745.719999999998,1822
2026-03-12T14:00:00+00:00,5745.719999999998,5761.719999999998,5745.199999999998,5753.219999999998,1784
2026-03-12T14:15:00+00:00,5753.219999999998,5755.719999999998,5725.719999999998,5725.719999999998,1422
2026-03-12T14:30:00+00:00,5725.719999999998,5741.709999999998,5725.199999999998,5741.219999999998,1586
2026-03-12T14:45:00+00:00,5741.219999999998,5757.719999999998,5731.709999999998,5742.209999999998,1838
2026-03-12T15:00:00+00:00,5742.209999999998,5742.709999999998,5711.699999999998,5719.209999999998,918
2026-03-12T15:15:00+00:00,5719.209999999998,5738.719999999998,5717.199999999998,5734.699999999998,1226
2026-03-12T15:30:00+00:00,5734.699999999998,5755.219999999998,5725.709999999998,5750.719999999998,2016
2026-03-12T15:45:00+00:00,5750.719999999998,5757.709999999998,5742.699999999998,5757.209999999998,1734
2026-03-12T16:00:00+00:00,5757.209999999998,5767.699999999998,5745.699999999998,5756.709999999998,1263
2026-03-12T16:15:00+00:00,5756.709999999998,5780.699999999998,5755.219999999998,5766.709999999998,1443
2026-03-12T16:30:00+00:00,5766.709999999998,5781.719999999998,5764.699999999998,5773.219999999998,1034
2026-03-12T16:45:00+00:00,5773.219999999998,5773.719999999998,5758.719999999998,5767.199999999998,1104
2026-03-12T17:00:00+00:00,5767.199999999998,5778.719999999998,5764.699999999998,5767.219999999998,1132
2026-03-12T17:15:00+00:00,5767.219999999998,5776.709999999998,5762.699999999998,5771.209999999998,1099
2026-03-12T17:30:00+00:00,5771.209999999998,5781.719999999998,5767.709999999998,5768.199999999998,790
2026-03-12T17:45:00+00:00,5768.199999999998,5773.719999999998,5762.699999999998,5767.719999999998,825
2026-03-12T18:00:00+00:00,5767.719999999998,5777.699999999998,5767.699999999998,5774.709999999998,897
2026-03-12T18:15:00+00:00,5774.709999999998,5778.709999999998,5766.699999999998,5773.219999999998,675
2026-03-12T18:30:00+00:00,5773.219999999998,5774.209999999998,5765.709999999998,5770.719999999998,613
2026-03-12T18:45:00+00:00,5770.719999999998,5774.719999999998,5764.699999999998,5764.709999999998,530
2026-03-12T19:00:00+00:00,5764.709999999998,5771.709999999998,5758.699999999998,5763.699999999998,796
2026-03-12T19:15:00+00:00,5763.699999999998,5769.719999999998,5761.699999999998,5766.709999999998,389
2026-03-12T19:30:00+00:00,5766.709999999998,5770.719999999998,5761.699999999998,5763.219999999998,390
2026-03-12T19:45:00+00:00,5763.219999999998,5763.709999999998,5753.709999999998,5755.699999999998,479
2026-03-12T20:00:00+00:00,5755.699999999998,5757.209999999998,5751.699999999998,5753.199999999998,150
2026-03-12T20:15:00+00:00,5753.199999999998,5754.719999999998,5751.699999999998,5752.719999999998,129
2026-03-12T20:30:00+00:00,5752.719999999998,5752.719999999998,5750.699999999998,5752.219999999998,58.47327164236816
2026-03-12T20:45:00+00:00,5752.219999999998,5753.709999999998,5750.699999999998,5750.699999999998,43.61629024507448
2026-03-13T07:00:00+00:00,5750.699999999998,5751.699999999998,5723.039999999998,5724.029999999998,445.3897364771151
2026-03-13T07:15:00+00:00,5724.029999999998,5729.049999999998,5712.529999999998,5727.539999999998,309
2026-03-13T07:30:00+00:00,5727.539999999998,5738.049999999998,5727.049999999998,5734.039999999998,452
2026-03-13T07:45:00+00:00,5734.039999999998,5735.049999999998,5717.029999999998,5725.039999999998,454
2026-03-13T08:00:00+00:00,5725.039999999998,5726.049999999998,5705.039999999998,5708.549999999998,1448
2026-03-13T08:15:00+00:00,5708.549999999998,5709.049999999998,5688.029999999998,5696.549999999998,1210
2026-03-13T08:30:00+00:00,5696.549999999998,5720.049999999998,5696.029999999998,5713.049999999998,1012
2026-03-13T08:45:00+00:00,5713.049999999998,5733.049999999998,5709.039999999998,5730.029999999998,811
2026-03-13T09:00:00+00:00,5730.029999999998,5742.549999999998,5724.539999999998,5727.029999999998,1043
2026-03-13T09:15:00+00:00,5727.029999999998,5739.549999999998,5723.029999999998,5738.049999999998,752
2026-03-13T09:30:00+00:00,5738.049999999998,5739.049999999998,5722.049999999998,5730.049999999998,734
2026-03-13T09:45:00+00:00,5730.049999999998,5739.049999999998,5725.039999999998,5734.549999999998,552
2026-03-13T10:00:00+00:00,5734.549999999998,5757.549999999998,5730.529999999998,5757.549999999998,586
2026-03-13T10:15:00+00:00,5757.549999999998,5766.049999999998,5756.029999999998,5760.049999999998,363
2026-03-13T10:30:00+00:00,5760.049999999998,5760.049999999998,5748.029999999998,5749.549999999998,402
2026-03-13T10:45:00+00:00,5749.549999999998,5769.049999999998,5747.549999999998,5768.039999999998,683
2026-03-13T11:00:00+00:00,5768.039999999998,5777.029999999998,5762.039999999998,5765.049999999998,845
2026-03-13T11:15:00+00:00,5765.049999999998,5777.049999999998,5763.029999999998,5772.039999999998,535
2026-03-13T11:30:00+00:00,5772.039999999998,5777.029999999998,5767.529999999998,5777.029999999998,583
2026-03-13T11:45:00+00:00,5777.029999999998,5781.049999999998,5772.029999999998,5780.049999999998,651
2026-03-13T12:00:00+00:00,5780.049999999998,5786.049999999998,5777.029999999998,5781.039999999998,493
2026-03-13T12:15:00+00:00,5781.039999999998,5784.049999999998,5778.029999999998,5781.049999999998,536
2026-03-13T12:30:00+00:00,5781.049999999998,5789.049999999998,5776.549999999998,5783.029999999998,634
2026-03-13T12:45:00+00:00,5783.029999999998,5806.539999999998,5783.029999999998,5791.539999999998,1511
2026-03-13T13:00:00+00:00,5791.539999999998,5795.549999999998,5782.529999999998,5788.549999999998,1081
2026-03-13T13:15:00+00:00,5788.549999999998,5796.029999999998,5785.049999999998,5796.029999999998,599
2026-03-13T13:30:00+00:00,5796.029999999998,5816.549999999998,5794.049999999998,5815.049999999998,2191
2026-03-13T13:45:00+00:00,5815.049999999998,5817.549999999998,5797.039999999998,5798.539999999998,1378
2026-03-13T14:00:00+00:00,5798.539999999998,5804.049999999998,5781.029999999998,5784.539999999998,1413
2026-03-13T14:15:00+00:00,5784.539999999998,5788.049999999998,5777.029999999998,5786.029999999998,1690
2026-03-13T14:30:00+00:00,5786.029999999998,5796.049999999998,5771.039999999998,5771.049999999998,1706
2026-03-13T14:45:00+00:00,5771.049999999998,5773.049999999998,5750.549999999998,5751.539999999998,1297
2026-03-13T15:00:00+00:00,5751.539999999998,5766.039999999998,5750.039999999998,5765.549999999998,1756
2026-03-13T15:15:00+00:00,5765.549999999998,5765.549999999998,5742.029999999998,5747.049999999998,1344
2026-03-13T15:30:00+00:00,5747.049999999998,5752.039999999998,5733.529999999998,5738.049999999998,1495
2026-03-13T15:45:00+00:00,5738.049999999998,5751.549999999998,5726.029999999998,5727.029999999998,1677
2026-03-13T16:00:00+00:00,5727.029999999998,5735.539999999998,5724.039999999998,5728.049999999998,1238
2026-03-13T16:15:00+00:00,5728.049999999998,5737.049999999998,5722.049999999998,5736.549999999998,1076
2026-03-13T16:30:00+00:00,5736.549999999998,5744.029999999998,5731.029999999998,5731.029999999998,1063
2026-03-13T16:45:00+00:00,5731.029999999998,5740.049999999998,5724.029999999998,5728.049999999998,975
2026-03-13T17:00:00+00:00,5728.049999999998,5735.039999999998,5725.029999999998,5735.039999999998,845
2026-03-13T17:15:00+00:00,5735.039999999998,5739.039999999998,5725.029999999998,5728.539999999998,683
2026-03-13T17:30:00+00:00,5728.539999999998,5731.029999999998,5723.029999999998,5728.039999999998,628
2026-03-13T17:45:00+00:00,5728.039999999998,5730.049999999998,5715.039999999998,5716.549999999998,977
2026-03-13T18:00:00+00:00,5716.549999999998,5721.049999999998,5715.049999999998,5719.539999999998,670
2026-03-13T18:15:00+00:00,5719.539999999998,5723.049999999998,5713.539999999998,5723.039999999998,535
2026-03-13T18:30:00+00:00,5723.039999999998,5736.049999999998,5721.039999999998,5734.549999999998,758
2026-03-13T18:45:00+00:00,5734.549999999998,5737.049999999998,5732.029999999998,5734.029999999998,515
2026-03-13T19:00:00+00:00,5734.029999999998,5734.549999999998,5727.029999999998,5728.529999999998,454
2026-03-13T19:15:00+00:00,5728.529999999998,5731.049999999998,5718.029999999998,5719.039999999998,595
2026-03-13T19:30:00+00:00,5719.039999999998,5724.049999999998,5713.029999999998,5715.549999999998,397
2026-03-13T19:45:00+00:00,5715.549999999998,5724.049999999998,5712.029999999998,5723.549999999998,417
2026-03-13T20:00:00+00:00,5723.549999999998,5724.049999999998,5718.049999999998,5719.029999999998,147
2026-03-13T20:15:00+00:00,5719.029999999998,5721.049999999998,5718.029999999998,5720.049999999998,64.45820791849965
2026-03-13T20:30:00+00:00,5720.049999999998,5722.049999999998,5719.539999999998,5719.539999999998,47.91387957716514
2026-03-13T20:45:00+00:00,5719.539999999998,5720.549999999998,5711.529999999998,5711.549999999998,65
2026-03-16T07:00:00+00:00,5711.549999999998,5775.989999999998,5710.049999999998,5763.479999999999,408.0625
2026-03-16T07:15:00+00:00,5763.479999999999,5763.989999999998,5754.469999999998,5754.489999999998,250
2026-03-16T07:30:00+00:00,5754.489999999998,5756.479999999999,5742.479999999999,5750.989999999998,293
2026-03-16T07:45:00+00:00,5750.989999999998,5755.489999999998,5743.489999999998,5743.989999999998,383
2026-03-16T08:00:00+00:00,5743.989999999998,5755.479999999999,5735.489999999998,5735.489999999998,1360
2026-03-16T08:15:00+00:00,5735.489999999998,5738.469999999998,5724.469999999998,5727.969999999998,1339
2026-03-16T08:30:00+00:00,5727.969999999998,5733.489999999998,5715.969999999998,5717.469999999998,916
2026-03-16T08:45:00+00:00,5717.469999999998,5729.989999999998,5711.969999999998,5722.469999999998,818
2026-03-16T09:00:00+00:00,5722.469999999998,5729.479999999999,5708.469999999998,5724.489999999998,862
2026-03-16T09:15:00+00:00,5724.489999999998,5724.979999999999,5706.479999999999,5711.479999999999,466
2026-03-16T09:30:00+00:00,5711.479999999999,5711.479999999999,5696.489999999998,5698.489999999998,464
2026-03-16T09:45:00+00:00,5698.489999999998,5713.479999999999,5695.469999999998,5697.979999999999,514
2026-03-16T10:00:00+00:00,5697.979999999999,5710.469999999998,5695.469999999998,5707.469999999998,822
2026-03-16T10:15:00+00:00,5707.469999999998,5729.489999999998,5706.469999999998,5725.479999999999,675
2026-03-16T10:30:00+00:00,5725.479999999999,5735.469999999998,5723.469999999998,5730.489999999998,566
2026-03-16T10:45:00+00:00,5730.489999999998,5744.469999999998,5728.469999999998,5743.479999999999,543
2026-03-16T11:00:00+00:00,5743.479999999999,5749.489999999998,5741.469999999998,5744.989999999998,422
2026-03-16T11:15:00+00:00,5744.989999999998,5749.479999999999,5741.969999999998,5741.969999999998,362
2026-03-16T11:30:00+00:00,5741.969999999998,5750.489999999998,5736.469999999998,5749.969999999998,420
2026-03-16T11:45:00+00:00,5749.969999999998,5751.489999999998,5746.479999999999,5751.479999999999,329
2026-03-16T12:00:00+00:00,5751.479999999999,5765.489999999998,5751.469999999998,5761.969999999998,468
2026-03-16T12:15:00+00:00,5761.969999999998,5765.469999999998,5757.979999999999,5763.969999999998,321
2026-03-16T12:30:00+00:00,5763.969999999998,5771.489999999998,5763.469999999998,5770.479999999999,538
2026-03-16T12:45:00+00:00,5770.479999999999,5774.979999999999,5760.489999999998,5762.489999999998,424
2026-03-16T13:00:00+00:00,5762.489999999998,5770.489999999998,5762.489999999998,5767.469999999998,448
2026-03-16T13:15:00+00:00,5767.469999999998,5772.479999999999,5766.479999999999,5768.489999999998,382
2026-03-16T13:30:00+00:00,5768.489999999998,5779.479999999999,5765.969999999998,5778.989999999998,593
2026-03-16T13:45:00+00:00,5778.989999999998,5787.489999999998,5775.489999999998,5787.489999999998,782
2026-03-16T14:00:00+00:00,5787.489999999998,5793.989999999998,5782.979999999999,5787.489999999998,708
2026-03-16T14:15:00+00:00,5787.489999999998,5789.489999999998,5779.479999999999,5779.479999999999,552
2026-03-16T14:30:00+00:00,5779.479999999999,5780.989999999998,5766.469999999998,5767.989999999998,1190
2026-03-16T14:45:00+00:00,5767.989999999998,5784.479999999999,5767.479999999999,5783.979999999999,891
2026-03-16T15:00:00+00:00,5783.979999999999,5785.489999999998,5774.969999999998,5781.489999999998,737
2026-03-16T15:15:00+00:00,5781.489999999998,5787.489999999998,5778.469999999998,5784.969999999998,626
2026-03-16T15:30:00+00:00,5784.969999999998,5792.489999999998,5784.489999999998,5789.479999999999,474
2026-03-16T15:45:00+00:00,5789.479999999999,5792.489999999998,5772.479999999999,5772.989999999998,722
2026-03-16T16:00:00+00:00,5772.989999999998,5774.489999999998,5765.469999999998,5769.969999999998,608
2026-03-16T16:15:00+00:00,5769.969999999998,5778.489999999998,5759.469999999998,5759.979999999999,845
2026-03-16T16:30:00+00:00,5759.979999999999,5770.489999999998,5757.969999999998,5766.979999999999,600
2026-03-16T16:45:00+00:00,5766.979999999999,5766.979999999999,5758.469999999998,5759.469999999998,723
2026-03-16T17:00:00+00:00,5759.469999999998,5770.489999999998,5759.469999999998,5770.489999999998,763
2026-03-16T17:15:00+00:00,5770.489999999998,5773.469999999998,5764.469999999998,5769.489999999998,604
2026-03-16T17:30:00+00:00,5769.489999999998,5772.489999999998,5761.469999999998,5761.469999999998,533
2026-03-16T17:45:00+00:00,5761.469999999998,5765.489999999998,5755.469999999998,5760.969999999998,507
2026-03-16T18:00:00+00:00,5760.969999999998,5773.489999999998,5760.969999999998,5769.469999999998,513
2026-03-16T18:15:00+00:00,5769.469999999998,5777.489999999998,5768.469999999998,5773.989999999998,335
2026-03-16T18:30:00+00:00,5773.989999999998,5775.489999999998,5771.469999999998,5774.489999999998,368
2026-03-16T18:45:00+00:00,5774.489999999998,5775.489999999998,5772.469999999998,5773.489999999998,203.62137550922597
2026-03-16T19:00:00+00:00,5773.489999999998,5788.469999999998,5769.469999999998,5773.489999999998,592
2026-03-16T19:15:00+00:00,5773.489999999998,5776.989999999998,5766.969999999998,5772.469999999998,678
2026-03-16T19:30:00+00:00,5772.469999999998,5776.479999999999,5765.469999999998,5766.969999999998,399
2026-03-16T19:45:00+00:00,5766.969999999998,5779.489999999998,5764.479999999999,5778.489999999998,413
2026-03-16T20:00:00+00:00,5778.489999999998,5778.489999999998,5773.469999999998,5774.989999999998,69
2026-03-16T20:15:00+00:00,5774.989999999998,5775.469999999998,5769.979999999999,5769.979999999999,71.60066555740433
2026-03-16T20:30:00+00:00,5769.979999999999,5772.979999999999,5768.469999999998,5770.469999999998,75
2026-03-16T20:45:00+00:00,5770.469999999998,5773.489999999998,5769.469999999998,5773.019999999999,110.22560857917126
2026-03-17T07:00:00+00:00,5773.019999999999,5774.019999999999,5726.779999999998,5727.789999999998,236.29994242947612
2026-03-17T07:15:00+00:00,5727.789999999998,5743.289999999998,5725.779999999998,5741.289999999998,186
2026-03-17T07:30:00+00:00,5741.289999999998,5746.789999999998,5740.269999999999,5742.279999999998,147
2026-03-17T07:45:00+00:00,5742.279999999998,5743.789999999998,5733.779999999998,5740.789999999998,234
2026-03-17T08:00:00+00:00,5740.789999999998,5753.789999999998,5738.779999999998,5742.789999999998,1520
2026-03-17T08:15:00+00:00,5742.789999999998,5754.779999999998,5740.789999999998,5744.779999999998,1069
2026-03-17T08:30:00+00:00,5744.779999999998,5762.279999999998,5743.769999999999,5758.779999999998,821
2026-03-17T08:45:00+00:00,5758.779999999998,5760.789999999998,5744.279999999998,5752.789999999998,691
2026-03-17T09:00:00+00:00,5752.789999999998,5764.779999999998,5752.789999999998,5758.289999999998,718
2026-03-17T09:15:00+00:00,5758.289999999998,5777.789999999998,5756.789999999998,5776.769999999999,586
2026-03-17T09:30:00+00:00,5776.769999999999,5787.769999999999,5775.279999999998,5785.779999999998,593
2026-03-17T09:45:00+00:00,5785.779999999998,5790.779999999998,5782.769999999999,5786.779999999998,385
2026-03-17T10:00:00+00:00,5786.779999999998,5787.779999999998,5769.769999999999,5773.769999999999,435
2026-03-17T10:15:00+00:00,5773.769999999999,5774.779999999998,5763.769999999999,5766.779999999998,456
2026-03-17T10:30:00+00:00,5766.779999999998,5776.789999999998,5766.269999999999,5772.789999999998,492
2026-03-17T10:45:00+00:00,5772.789999999998,5775.779999999998,5764.769999999999,5771.769999999999,404
2026-03-17T11:00:00+00:00,5771.769999999999,5776.769999999999,5770.769999999999,5771.289999999998,518
2026-03-17T11:15:00+00:00,5771.289999999998,5779.789999999998,5770.789999999998,5775.279999999998,392
2026-03-17T11:30:00+00:00,5775.279999999998,5781.789999999998,5769.769999999999,5779.269999999999,248
2026-03-17T11:45:00+00:00,5779.269999999999,5781.779999999998,5772.769999999999,5774.289999999998,358
2026-03-17T12:00:00+00:00,5774.289999999998,5795.789999999998,5773.789999999998,5792.789999999998,395
2026-03-17T12:15:00+00:00,5792.789999999998,5798.269999999999,5789.769999999999,5798.269999999999,445
2026-03-17T12:30:00+00:00,5798.269999999999,5802.789999999998,5792.779999999998,5794.289999999998,316
2026-03-17T12:45:00+00:00,5794.289999999998,5798.789999999998,5791.769999999999,5798.789999999998,286
2026-03-17T13:00:00+00:00,5798.789999999998,5812.789999999998,5798.779999999998,5811.269999999999,500
2026-03-17T13:15:00+00:00,5811.269999999999,5817.789999999998,5810.769999999999,5812.779999999998,337
2026-03-17T13:30:00+00:00,5812.779999999998,5820.299999999998,5810.779999999998,5814.789999999998,701
2026-03-17T13:45:00+00:00,5814.789999999998,5821.279999999999,5812.299999999998,5813.279999999999,583
2026-03-17T14:00:00+00:00,5813.279999999999,5821.299999999998,5809.779999999999,5813.279999999999,497
2026-03-17T14:15:00+00:00,5813.279999999999,5816.299999999998,5807.299999999998,5809.299999999998,896
2026-03-17T14:30:00+00:00,5809.299999999998,5820.289999999998,5807.279999999999,5818.289999999998,533
2026-03-17T14:45:00+00:00,5818.289999999998,5824.799999999998,5818.289999999998,5821.279999999999,436
2026-03-17T15:00:00+00:00,5821.279999999999,5822.279999999999,5805.279999999999,5806.779999999999,740
2026-03-17T15:15:00+00:00,5806.779999999999,5811.299999999998,5798.289999999998,5799.789999999998,783
2026-03-17T15:30:00+00:00,5799.789999999998,5801.299999999998,5788.279999999999,5796.799999999998,1094
2026-03-17T15:45:00+00:00,5796.799999999998,5801.299999999998,5793.779999999999,5797.299999999998,720
2026-03-17T16:00:00+00:00,5797.299999999998,5797.299999999998,5784.779999999999,5791.799999999998,1107
2026-03-17T16:15:00+00:00,5791.799999999998,5798.789999999998,5785.299999999998,5786.789999999998,581
2026-03-17T16:30:00+00:00,5786.789999999998,5795.299999999998,5781.299999999998,5795.299999999998,799
2026-03-17T16:45:00+00:00,5795.299999999998,5795.299999999998,5782.279999999999,5782.789999999998,691
2026-03-17T17:00:00+00:00,5782.789999999998,5794.289999999998,5782.279999999999,5789.799999999998,572
2026-03-17T17:15:00+00:00,5789.799999999998,5790.299999999998,5786.279999999999,5788.799999999998,409
2026-03-17T17:30:00+00:00,5788.799999999998,5790.799999999998,5784.279999999999,5785.279999999999,266
2026-03-17T17:45:00+00:00,5785.279999999999,5790.789999999998,5782.779999999999,5788.279999999999,349.2674108226159
2026-03-17T18:00:00+00:00,5788.279999999999,5792.289999999998,5787.279999999999,5791.289999999998,211
2026-03-17T18:15:00+00:00,5791.289999999998,5791.299999999998,5780.279999999999,5780.799999999998,337
2026-03-17T18:30:00+00:00,5780.799999999998,5785.289999999998,5780.289999999998,5782.289999999998,389
2026-03-17T18:45:00+00:00,5782.289999999998,5788.799999999998,5782.279999999999,5785.289999999998,360.09462123345537
2026-03-17T19:00:00+00:00,5785.289999999998,5787.299999999998,5782.779999999999,5786.279999999999,260
2026-03-17T19:15:00+00:00,5786.279999999999,5790.299999999998,5785.2699999999995,5785.2699999999995,196
2026-03-17T19:30:00+00:00,5785.2699999999995,5787.2699999999995,5782.7699999999995,5784.289999999999,202
2026-03-17T19:45:00+00:00,5784.289999999999,5791.289999999999,5784.289999999999,5790.2699999999995,143
2026-03-17T20:00:00+00:00,5790.2699999999995,5792.289999999999,5789.2699999999995,5792.279999999999,56
2026-03-17T20:15:00+00:00,5792.279999999999,5792.289999999999,5791.2699999999995,5791.2699999999995,30.582991803278688
2026-03-17T20:30:00+00:00,5791.2699999999995,5792.289999999999,5791.2699999999995,5792.2699999999995,27.502726281352235
2026-03-17T20:45:00+00:00,5792.2699999999995,5792.2699999999995,5786.2699999999995,5788.2699999999995,86
2026-03-18T07:00:00+00:00,5788.2699999999995,5792.28,5784.259999999999,5785.78,290.37925445705025
2026-03-18T07:15:00+00:00,5785.78,5787.78,5781.259999999999,5784.759999999999,161
2026-03-18T07:30:00+00:00,5784.759999999999,5784.759999999999,5774.759999999999,5775.28,141
2026-03-18T07:45:00+00:00,5775.28,5775.7699999999995,5766.2699999999995,5774.78,232
2026-03-18T08:00:00+00:00,5774.78,5789.28,5769.259999999999,5785.759999999999,696
2026-03-18T08:15:00+00:00,5785.759999999999,5789.2699999999995,5771.259999999999,5771.759999999999,458
2026-03-18T08:30:00+00:00,5771.759999999999,5776.78,5766.259999999999,5772.7699999999995,592
2026-03-18T08:45:00+00:00,5772.7699999999995,5784.28,5768.759999999999,5782.28,405
2026-03-18T09:00:00+00:00,5782.28,5788.28,5777.259999999999,5777.7699999999995,538
2026-03-18T09:15:00+00:00,5777.7699999999995,5791.28,5777.759999999999,5789.78,453
2026-03-18T09:30:00+00:00,5789.78,5796.7699999999995,5788.2699999999995,5796.7699999999995,304
2026-03-18T09:45:00+00:00,5796.7699999999995,5798.759999999999,5790.28,5791.78,276
2026-03-18T10:00:00+00:00,5791.78,5798.2699999999995,5790.7699999999995,5794.78,318
2026-03-18T10:15:00+00:00,5794.78,5801.2699999999995,5792.259999999999,5794.28,326
2026-03-18T10:30:00+00:00,5794.28,5796.7699999999995,5790.259999999999,5790.28,251
2026-03-18T10:45:00+00:00,5790.28,5791.2699999999995,5784.259999999999,5784.2699999999995,301
2026-03-18T11:00:00+00:00,5784.2699999999995,5794.28,5782.259999999999,5794.259999999999,273
2026-03-18T11:15:00+00:00,5794.259999999999,5799.2699999999995,5769.2699999999995,5769.759999999999,736
2026-03-18T11:30:00+00:00,5769.759999999999,5785.259999999999,5768.259999999999,5781.28,680
2026-03-18T11:45:00+00:00,5781.28,5783.28,5775.28,5776.28,667
2026-03-18T12:00:00+00:00,5776.28,5778.28,5752.759999999999,5759.28,845
2026-03-18T12:15:00+00:00,5759.28,5759.759999999999,5734.2699999999995,5746.78,960
2026-03-18T12:30:00+00:00,5746.78,5746.78,5714.259999999999,5720.2699999999995,1402
2026-03-18T12:45:00+00:00,5720.2699999999995,5723.28,5703.28,5707.2699999999995,2160
2026-03-18T13:00:00+00:00,5707.2699999999995,5715.28,5701.259999999999,5701.7699999999995,1783
2026-03-18T13:15:00+00:00,5701.7699999999995,5722.28,5694.759999999999,5718.7699999999995,997
2026-03-18T13:30:00+00:00,5718.7699999999995,5728.28,5711.759999999999,5716.2699999999995,1911
2026-03-18T13:45:00+00:00,5716.2699999999995,5724.28,5702.2699999999995,5711.759999999999,1792
2026-03-18T14:00:00+00:00,5711.759999999999,5721.2699999999995,5701.259999999999,5702.259999999999,1874
2026-03-18T14:15:00+00:00,5702.259999999999,5707.2699999999995,5690.259999999999,5694.759999999999,1473
2026-03-18T14:30:00+00:00,5694.759999999999,5700.28,5683.259999999999,5685.2699999999995,1191
2026-03-18T14:45:00+00:00,5685.2699999999995,5696.78,5681.2699999999995,5696.78,1081
2026-03-18T15:00:00+00:00,5696.78,5714.28,5696.259999999999,5708.28,1100
2026-03-18T15:15:00+00:00,5708.28,5709.78,5693.259999999999,5704.2699999999995,1130
2026-03-18T15:30:00+00:00,5704.2699999999995,5707.28,5694.759999999999,5698.78,904
2026-03-18T15:45:00+00:00,5698.78,5704.28,5693.259999999999,5700.2699999999995,1229
2026-03-18T16:00:00+00:00,5700.2699999999995,5707.28,5696.259999999999,5704.759999999999,1047
2026-03-18T16:15:00+00:00,5704.759999999999,5713.28,5699.28,5710.2699999999995,549
2026-03-18T16:30:00+00:00,5710.2699999999995,5712.759999999999,5701.259999999999,5704.7699999999995,667
2026-03-18T16:45:00+00:00,5704.7699999999995,5712.2699999999995,5703.259999999999,5707.2699999999995,614
2026-03-18T17:00:00+00:00,5707.2699999999995,5709.2699999999995,5695.28,5697.2699999999995,644
2026-03-18T17:15:00+00:00,5697.2699999999995,5706.28,5697.259999999999,5702.759999999999,758
2026-03-18T17:30:00+00:00,5702.759999999999,5712.28,5699.259999999999,5709.7699999999995,644
2026-03-18T17:45:00+00:00,5709.7699999999995,5717.2699999999995,5709.259999999999,5714.259999999999,519
2026-03-18T18:00:00+00:00,5714.259999999999,5720.28,5711.259999999999,5713.2699999999995,725
2026-03-18T18:15:00+00:00,5713.2699999999995,5713.28,5698.28,5702.7699999999995,970
2026-03-18T18:30:00+00:00,5702.7699999999995,5705.28,5685.759999999999,5693.78,1172
2026-03-18T18:45:00+00:00,5693.78,5694.2699999999995,5676.2699999999995,5676.28,729
2026-03-18T19:00:00+00:00,5676.28,5684.28,5672.759999999999,5678.7699999999995,479
2026-03-18T19:15:00+00:00,5678.7699999999995,5679.78,5655.2699999999995,5660.259999999999,534
2026-03-18T19:30:00+00:00,5660.259999999999,5662.259999999999,5646.2699999999995,5649.259999999999,445
2026-03-18T19:45:00+00:00,5649.259999999999,5652.78,5644.259999999999,5645.259999999999,557
2026-03-18T20:00:00+00:00,5645.259999999999,5646.28,5632.259999999999,5633.2699999999995,138
2026-03-18T20:15:00+00:00,5633.2699999999995,5633.2699999999995,5615.2699999999995,5619.2699999999995,187
2026-03-18T20:30:00+00:00,5619.2699999999995,5627.78,5614.259999999999,5627.2699999999995,93
2026-03-18T20:45:00+00:00,5627.2699999999995,5629.259999999999,5618.82,5619.3099999999995,165
2026-03-19T07:00:00+00:00,5619.3099999999995,5621.3099999999995,5590.589999999999,5604.07,478.674078408426
2026-03-19T07:15:00+00:00,5604.07,5622.589999999999,5603.07,5611.58,503
2026-03-19T07:30:00+00:00,5611.58,5615.58,5596.58,5599.57,452
2026-03-19T07:45:00+00:00,5599.57,5611.58,5595.08,5608.08,636
2026-03-19T08:00:00+00:00,5608.08,5624.57,5605.589999999999,5619.58,1793
2026-03-19T08:15:00+00:00,5619.58,5623.58,5585.57,5592.589999999999,1454
2026-03-19T08:30:00+00:00,5592.589999999999,5602.589999999999,5569.57,5570.589999999999,1701
2026-03-19T08:45:00+00:00,5570.589999999999,5587.589999999999,5568.57,5579.08,1747
2026-03-19T09:00:00+00:00,5579.08,5597.089999999999,5579.08,5595.58,1686
2026-03-19T09:15:00+00:00,5595.58,5601.589999999999,5559.08,5567.57,2561
2026-03-19T09:30:00+00:00,5567.57,5584.08,5559.57,5575.07,2347
2026-03-19T09:45:00+00:00,5575.07,5608.08,5569.57,5600.57,1956
2026-03-19T10:00:00+00:00,5600.57,5601.089999999999,5583.07,5583.08,1423
2026-03-19T10:15:00+00:00,5583.08,5586.589999999999,5572.58,5583.589999999999,1250
2026-03-19T10:30:00+00:00,5583.589999999999,5590.089999999999,5576.57,5580.57,1207
2026-03-19T10:45:00+00:00,5580.57,5587.589999999999,5575.57,5580.089999999999,1000
2026-03-19T11:00:00+00:00,5580.089999999999,5588.589999999999,5573.57,5579.58,1098
2026-03-19T11:15:00+00:00,5579.58,5580.08,5567.58,5577.57,782
2026-03-19T11:30:00+00:00,5577.57,5580.58,5567.57,5570.07,784
2026-03-19T11:45:00+00:00,5570.07,5586.07,5568.57,5584.08,586
2026-03-19T12:00:00+00:00,5584.08,5586.589999999999,5562.589999999999,5569.08,1109
2026-03-19T12:15:00+00:00,5569.08,5571.589999999999,5550.58,5554.57,1234
2026-03-19T12:30:00+00:00,5554.57,5564.58,5547.07,5562.57,1616
2026-03-19T12:45:00+00:00,5562.57,5563.58,5546.57,5556.57,1702
2026-03-19T13:00:00+00:00,5556.57,5559.589999999999,5540.57,5544.589999999999,1300
2026-03-19T13:15:00+00:00,5544.589999999999,5571.589999999999,5536.589999999999,5540.589999999999,1812
2026-03-19T13:30:00+00:00,5540.589999999999,5563.589999999999,5536.58,5561.57,3931
2026-03-19T13:45:00+00:00,5561.57,5588.589999999999,5554.089999999999,5588.07,2198
2026-03-19T14:00:00+00:00,5588.07,5598.589999999999,5581.57,5589.57,2433
2026-03-19T14:15:00+00:00,5589.57,5593.57,5568.58,5574.08,2232
2026-03-19T14:30:00+00:00,5574.08,5592.589999999999,5570.57,5585.089999999999,1787
2026-03-19T14:45:00+00:00,5585.089999999999,5590.589999999999,5576.57,5577.58,1949
2026-03-19T15:00:00+00:00,5577.58,5601.589999999999,5576.589999999999,5592.57,1491
2026-03-19T15:15:00+00:00,5592.57,5601.08,5573.07,5577.57,1653
2026-03-19T15:30:00+00:00,5577.57,5580.589999999999,5567.57,5573.089999999999,1491
2026-03-19T15:45:00+00:00,5573.089999999999,5593.58,5568.57,5589.589999999999,1870
2026-03-19T16:00:00+00:00,5589.589999999999,5601.58,5579.58,5586.57,1485
2026-03-19T16:15:00+00:00,5586.57,5589.08,5571.57,5577.589999999999,1140
2026-03-19T16:30:00+00:00,5577.589999999999,5584.589999999999,5568.58,5575.07,1131
2026-03-19T16:45:00+00:00,5575.07,5576.589999999999,5557.57,5566.58,1148
2026-03-19T17:00:00+00:00,5566.58,5569.589999999999,5550.07,5553.58,789
2026-03-19T17:15:00+00:00,5553.58,5576.58,5550.57,5574.07,958
2026-03-19T17:30:00+00:00,5574.07,5577.089999999999,5562.57,5565.589999999999,782
2026-03-19T17:45:00+00:00,5565.589999999999,5567.58,5558.57,5560.08,695
2026-03-19T18:00:00+00:00,5560.08,5574.589999999999,5554.589999999999,5573.57,625
2026-03-19T18:15:00+00:00,5573.57,5576.589999999999,5561.57,5561.57,373
2026-03-19T18:30:00+00:00,5561.57,5562.089999999999,5553.57,5557.07,371
2026-03-19T18:45:00+00:00,5557.07,5574.589999999999,5555.089999999999,5572.57,397
2026-03-19T19:00:00+00:00,5572.57,5627.589999999999,5572.57,5625.58,2480
2026-03-19T19:15:00+00:00,5625.58,5638.58,5602.589999999999,5613.589999999999,1721
2026-03-19T19:30:00+00:00,5613.589999999999,5618.089999999999,5600.57,5618.07,1040
2026-03-19T19:45:00+00:00,5618.07,5618.07,5606.57,5609.57,633
2026-03-19T20:00:00+00:00,5609.57,5616.58,5604.58,5614.58,180
2026-03-19T20:15:00+00:00,5614.58,5617.58,5614.07,5617.08,90
2026-03-19T20:30:00+00:00,5617.08,5620.089999999999,5611.57,5618.139999999999,78.48370408691153
2026-03-19T20:45:00+00:00,5618.139999999999,5621.089999999999,5612.12,5614.129999999999,97
2026-03-20T07:00:00+00:00,5614.129999999999,5614.129999999999,5594.879999999999,5606.879999999999,435.8612487611497
2026-03-20T07:15:00+00:00,5606.879999999999,5623.9,5606.879999999999,5623.9,301
2026-03-20T07:30:00+00:00,5623.9,5634.879999999999,5622.889999999999,5632.9,302
2026-03-20T07:45:00+00:00,5632.9,5640.9,5631.379999999999,5633.879999999999,327
2026-03-20T08:00:00+00:00,5633.879999999999,5654.4,5628.9,5653.9,1152
2026-03-20T08:15:00+00:00,5653.9,5655.9,5636.9,5638.4,891
2026-03-20T08:30:00+00:00,5638.4,5649.879999999999,5631.879999999999,5633.389999999999,884
2026-03-20T08:45:00+00:00,5633.389999999999,5642.889999999999,5627.879999999999,5627.889999999999,656
2026-03-20T09:00:00+00:00,5627.889999999999,5634.389999999999,5617.879999999999,5618.879999999999,1059
2026-03-20T09:15:00+00:00,5618.879999999999,5618.879999999999,5604.379999999999,5606.879999999999,1075
2026-03-20T09:30:00+00:00,5606.879999999999,5618.379999999999,5599.379999999999,5606.379999999999,913
2026-03-20T09:45:00+00:00,5606.379999999999,5606.9,5579.9,5589.389999999999,1448
2026-03-20T10:00:00+00:00,5589.389999999999,5592.4,5562.879999999999,5566.4,1763
2026-03-20T10:15:00+00:00,5566.4,5570.9,5553.879999999999,5565.879999999999,1683
2026-03-20T10:30:00+00:00,5565.879999999999,5589.889999999999,5564.879999999999,5582.9,1076
2026-03-20T10:45:00+00:00,5582.9,5583.4,5558.879999999999,5566.879999999999,1626
2026-03-20T11:00:00+00:00,5566.879999999999,5597.4,5562.879999999999,5591.9,1026
2026-03-20T11:15:00+00:00,5591.9,5604.389999999999,5584.889999999999,5588.9,946
2026-03-20T11:30:00+00:00,5588.9,5602.9,5586.9,5599.889999999999,842
2026-03-20T11:45:00+00:00,5599.889999999999,5605.9,5590.879999999999,5604.379999999999,826
2026-03-20T12:00:00+00:00,5604.379999999999,5612.879999999999,5593.879999999999,5604.389999999999,1091
2026-03-20T12:15:00+00:00,5604.389999999999,5606.9,5594.879999999999,5604.889999999999,1044
2026-03-20T12:30:00+00:00,5604.889999999999,5610.9,5592.879999999999,5603.879999999999,1030
2026-03-20T12:45:00+00:00,5603.879999999999,5613.879999999999,5599.879999999999,5607.9,870
2026-03-20T13:00:00+00:00,5607.9,5609.9,5587.879999999999,5595.879999999999,826
2026-03-20T13:15:00+00:00,5595.879999999999,5599.889999999999,5587.879999999999,5589.4,1029
2026-03-20T13:30:00+00:00,5589.4,5594.889999999999,5574.879999999999,5587.879999999999,2276
2026-03-20T13:45:00+00:00,5587.879999999999,5591.9,5553.879999999999,5555.879999999999,2260
2026-03-20T14:00:00+00:00,5555.879999999999,5556.879999999999,5515.879999999999,5518.389999999999,2021
2026-03-20T14:15:00+00:00,5518.389999999999,5524.9,5503.379999999999,5503.379999999999,2144
2026-03-20T14:30:00+00:00,5503.379999999999,5515.889999999999,5492.389999999999,5496.889999999999,2076
2026-03-20T14:45:00+00:00,5496.889999999999,5501.9,5474.379999999999,5484.379999999999,2362
2026-03-20T15:00:00+00:00,5484.379999999999,5497.9,5477.879999999999,5491.9,2482
2026-03-20T15:15:00+00:00,5491.9,5502.9,5467.879999999999,5471.9,2185
2026-03-20T15:30:00+00:00,5471.9,5491.9,5471.879999999999,5485.879999999999,1991
2026-03-20T15:45:00+00:00,5485.879999999999,5493.889999999999,5480.889999999999,5483.879999999999,1860
2026-03-20T16:00:00+00:00,5483.879999999999,5497.9,5475.9,5478.379999999999,1529
2026-03-20T16:15:00+00:00,5478.379999999999,5485.9,5469.379999999999,5472.4,936
2026-03-20T16:30:00+00:00,5472.4,5473.9,5450.9,5453.9,1180
2026-03-20T16:45:00+00:00,5453.9,5457.9,5436.879999999999,5453.4,790
2026-03-20T17:00:00+00:00,5453.4,5462.889999999999,5445.879999999999,5452.889999999999,1478
2026-03-20T17:15:00+00:00,5452.889999999999,5462.889999999999,5448.9,5453.389999999999,1003
2026-03-20T17:30:00+00:00,5453.389999999999,5455.9,5436.879999999999,5445.889999999999,911
2026-03-20T17:45:00+00:00,5445.889999999999,5454.9,5441.889999999999,5453.389999999999,816
2026-03-20T18:00:00+00:00,5453.389999999999,5455.9,5439.879999999999,5440.4,732
2026-03-20T18:15:00+00:00,5440.4,5442.9,5412.879999999999,5424.889999999999,1211
2026-03-20T18:30:00+00:00,5424.889999999999,5428.4,5415.879999999999,5417.9,924
2026-03-20T18:45:00+00:00,5417.9,5422.9,5415.879999999999,5421.9,812
2026-03-20T19:00:00+00:00,5421.9,5427.9,5417.379999999999,5422.9,700
2026-03-20T19:15:00+00:00,5422.9,5426.4,5413.879999999999,5416.389999999999,584
2026-03-20T19:30:00+00:00,5416.389999999999,5420.889999999999,5401.889999999999,5418.9,972
2026-03-20T19:45:00+00:00,5418.9,5435.389999999999,5410.879999999999,5430.389999999999,1054
2026-03-20T20:00:00+00:00,5430.389999999999,5441.9,5429.889999999999,5437.9,262
2026-03-20T20:15:00+00:00,5437.9,5439.9,5430.879999999999,5432.879999999999,117
2026-03-20T20:30:00+00:00,5432.879999999999,5435.379999999999,5430.879999999999,5430.879999999999,108
2026-03-20T20:45:00+00:00,5430.879999999999,5442.379999999999,5430.879999999999,5438.889999999999,191
2026-03-23T07:00:00+00:00,5438.889999999999,5443.389999999999,5367.7,5390.69,608.2261868763229
2026-03-23T07:15:00+00:00,5390.69,5393.69,5364.679999999999,5371.2,591
2026-03-23T07:30:00+00:00,5371.2,5378.69,5362.7,5373.7,649
2026-03-23T07:45:00+00:00,5373.7,5380.7,5358.679999999999,5363.69,611
2026-03-23T08:00:00+00:00,5363.69,5389.69,5362.679999999999,5384.7,2535
2026-03-23T08:15:00+00:00,5384.7,5386.7,5368.179999999999,5369.179999999999,2154
2026-03-23T08:30:00+00:00,5369.179999999999,5393.7,5367.679999999999,5370.179999999999,2032
2026-03-23T08:45:00+00:00,5370.179999999999,5391.7,5368.69,5382.2,1851
2026-03-23T09:00:00+00:00,5382.2,5387.7,5366.69,5378.2,1759
2026-03-23T09:15:00+00:00,5378.2,5393.179999999999,5370.679999999999,5382.679999999999,1676
2026-03-23T09:30:00+00:00,5382.679999999999,5384.19,5351.679999999999,5360.179999999999,1737
2026-03-23T09:45:00+00:00,5360.179999999999,5376.69,5359.679999999999,5364.179999999999,1514
2026-03-23T10:00:00+00:00,5364.179999999999,5374.7,5357.69,5361.69,1908
2026-03-23T10:15:00+00:00,5361.69,5363.179999999999,5350.2,5351.679999999999,1220
2026-03-23T10:30:00+00:00,5351.679999999999,5369.69,5350.679999999999,5357.179999999999,1161
2026-03-23T10:45:00+00:00,5357.179999999999,5372.2,5345.179999999999,5360.7,1658
2026-03-23T11:00:00+00:00,5360.7,5708.08,5360.679999999999,5700.1,4794.620583476853
2026-03-23T11:15:00+00:00,5700.1,5707.55,5594.54,5632.03,5893
2026-03-23T11:30:00+00:00,5632.03,5669.05,5601.03,5605.03,4797
2026-03-23T11:45:00+00:00,5605.03,5611.54,5575.04,5583.55,4448
2026-03-23T12:00:00+00:00,5583.55,5602.04,5566.05,5566.53,4567
2026-03-23T12:15:00+00:00,5566.53,5630.05,5565.54,5624.05,2388
2026-03-23T12:30:00+00:00,5624.05,5650.05,5592.03,5649.04,3607
2026-03-23T12:45:00+00:00,5649.04,5656.05,5634.03,5645.03,3483
2026-03-23T13:00:00+00:00,5645.03,5657.05,5626.03,5626.53,2909
2026-03-23T13:15:00+00:00,5626.53,5632.55,5603.04,5604.05,2643
2026-03-23T13:30:00+00:00,5604.05,5644.54,5594.03,5618.05,2469
2026-03-23T13:45:00+00:00,5618.05,5644.04,5617.04,5637.54,2209
2026-03-23T14:00:00+00:00,5637.54,5656.05,5636.03,5642.05,1990
2026-03-23T14:15:00+00:00,5642.05,5678.03,5639.03,5656.03,1687
2026-03-23T14:30:00+00:00,5656.03,5657.55,5632.03,5650.53,2021
2026-03-23T14:45:00+00:00,5650.53,5676.03,5645.03,5668.03,1653
2026-03-23T15:00:00+00:00,5668.03,5696.04,5666.55,5688.05,1428
2026-03-23T15:15:00+00:00,5688.05,5691.05,5665.55,5670.54,1723
2026-03-23T15:30:00+00:00,5670.54,5674.04,5641.04,5643.53,1773
2026-03-23T15:45:00+00:00,5643.53,5650.53,5596.03,5599.55,2196
2026-03-23T16:00:00+00:00,5599.55,5618.03,5596.03,5613.03,2921
2026-03-23T16:15:00+00:00,5613.03,5615.04,5575.04,5575.04,2180
2026-03-23T16:30:00+00:00,5575.04,5598.05,5566.53,5597.53,1552
2026-03-23T16:45:00+00:00,5597.53,5608.04,5590.03,5595.03,1519
2026-03-23T17:00:00+00:00,5595.03,5609.05,5588.03,5599.53,1193
2026-03-23T17:15:00+00:00,5599.53,5618.54,5595.03,5617.04,1306
2026-03-23T17:30:00+00:00,5617.04,5643.03,5617.04,5628.53,1045
2026-03-23T17:45:00+00:00,5628.53,5634.05,5620.03,5632.04,725
2026-03-23T18:00:00+00:00,5632.04,5635.04,5613.53,5628.05,861
2026-03-23T18:15:00+00:00,5628.05,5633.04,5623.04,5625.55,723
2026-03-23T18:30:00+00:00,5625.55,5652.05,5625.54,5648.05,840
2026-03-23T18:45:00+00:00,5648.05,5655.04,5642.03,5642.04,671
2026-03-23T19:00:00+00:00,5642.04,5643.04,5635.55,5637.53,551
2026-03-23T19:15:00+00:00,5637.53,5640.05,5622.03,5625.53,618
2026-03-23T19:30:00+00:00,5625.53,5632.04,5624.03,5629.53,397
2026-03-23T19:45:00+00:00,5629.53,5638.04,5611.03,5617.09,474
2026-03-23T20:00:00+00:00,5617.09,5617.09,5607.03,5611.03,269
2026-03-23T20:15:00+00:00,5611.03,5615.04,5610.53,5612.55,93
2026-03-23T20:30:00+00:00,5612.55,5622.04,5609.53,5622.04,69
2026-03-23T20:45:00+00:00,5622.04,5622.04,5616.53,5617.08,96
2026-03-24T07:00:00+00:00,5617.08,5626.58,5587.72,5613.73,569.8902325581396
2026-03-24T07:15:00+00:00,5613.73,5629.72,5610.21,5614.21,600
2026-03-24T07:30:00+00:00,5614.21,5616.73,5600.77,5611.21,427
2026-03-24T07:45:00+00:00,5611.21,5614.73,5601.72,5612.71,712
2026-03-24T08:00:00+00:00,5612.71,5632.73,5608.71,5621.23,1939
2026-03-24T08:15:00+00:00,5621.23,5627.21,5588.73,5591.23,1983
2026-03-24T08:30:00+00:00,5591.23,5599.23,5580.23,5580.73,1670
2026-03-24T08:45:00+00:00,5580.73,5595.73,5568.71,5575.23,2054
2026-03-24T09:00:00+00:00,5575.23,5585.23,5553.73,5553.73,1995
2026-03-24T09:15:00+00:00,5553.73,5572.72,5549.73,5568.72,1408
2026-03-24T09:30:00+00:00,5568.72,5574.73,5558.71,5570.71,1235
2026-03-24T09:45:00+00:00,5570.71,5595.73,5563.71,5590.21,1204
2026-03-24T10:00:00+00:00,5590.21,5595.73,5573.72,5589.73,1005
2026-03-24T10:15:00+00:00,5589.73,5595.73,5576.71,5579.71,1123
2026-03-24T10:30:00+00:00,5579.71,5597.72,5573.22,5596.21,1273
2026-03-24T10:45:00+00:00,5596.21,5600.73,5581.72,5592.22,936
2026-03-24T11:00:00+00:00,5592.22,5601.73,5582.23,5598.22,1127
2026-03-24T11:15:00+00:00,5598.22,5598.73,5584.71,5592.23,818
2026-03-24T11:30:00+00:00,5592.23,5593.73,5583.22,5587.73,980
2026-03-24T11:45:00+00:00,5587.73,5604.22,5567.72,5600.72,1346
2026-03-24T12:00:00+00:00,5600.72,5603.73,5576.71,5584.23,1409
2026-03-24T12:15:00+00:00,5584.23,5595.73,5581.71,5582.71,1176
2026-03-24T12:30:00+00:00,5582.71,5584.23,5551.71,5552.22,1362
2026-03-24T12:45:00+00:00,5552.22,5560.73,5547.71,5550.73,1680
2026-03-24T13:00:00+00:00,5550.73,5557.73,5530.72,5550.21,1831
2026-03-24T13:15:00+00:00,5550.21,5554.71,5531.71,5540.22,1265
2026-03-24T13:30:00+00:00,5540.22,5559.73,5536.73,5541.23,2555
2026-03-24T13:45:00+00:00,5541.23,5558.21,5531.21,5558.21,2046
2026-03-24T14:00:00+00:00,5558.21,5577.73,5553.71,5563.71,1934
2026-03-24T14:15:00+00:00,5563.71,5568.73,5554.71,5560.71,2260
2026-03-24T14:30:00+00:00,5560.71,5578.71,5559.72,5575.23,1868
2026-03-24T14:45:00+00:00,5575.23,5611.73,5562.21,5596.21,2543
2026-03-24T15:00:00+00:00,5596.21,5608.72,5590.21,5599.23,2745
2026-03-24T15:15:00+00:00,5599.23,5618.72,5596.72,5609.73,1636
2026-03-24T15:30:00+00:00,5609.73,5617.73,5602.72,5614.72,1233
2026-03-24T15:45:00+00:00,5614.72,5623.71,5594.22,5594.22,1129
2026-03-24T16:00:00+00:00,5594.22,5598.73,5588.22,5593.23,1812
2026-03-24T16:15:00+00:00,5593.23,5608.73,5593.21,5606.72,960
2026-03-24T16:30:00+00:00,5606.72,5613.73,5585.71,5601.73,978
2026-03-24T16:45:00+00:00,5601.73,5606.72,5588.71,5595.73,1231
2026-03-24T17:00:00+00:00,5595.73,5597.73,5564.71,5571.72,1778
2026-03-24T17:15:00+00:00,5571.72,5580.73,5568.71,5580.21,1310
2026-03-24T17:30:00+00:00,5580.21,5585.73,5570.71,5571.21,928
2026-03-24T17:45:00+00:00,5571.21,5596.22,5570.71,5593.23,1130
2026-03-24T18:00:00+00:00,5593.23,5600.22,5588.72,5590.73,1164
2026-03-24T18:15:00+00:00,5590.73,5596.71,5581.73,5592.71,927
2026-03-24T18:30:00+00:00,5592.71,5618.73,5591.71,5605.72,1035
2026-03-24T18:45:00+00:00,5605.72,5611.71,5598.23,5603.23,760
2026-03-24T19:00:00+00:00,5603.23,5613.73,5601.72,5612.72,571
2026-03-24T19:15:00+00:00,5612.72,5612.72,5598.21,5598.71,682
2026-03-24T19:30:00+00:00,5598.71,5600.73,5590.71,5597.23,597
2026-03-24T19:45:00+00:00,5597.23,5597.73,5588.71,5591.73,458
2026-03-24T20:00:00+00:00,5591.73,5594.73,5590.23,5592.22,133
2026-03-24T20:15:00+00:00,5592.22,5676.22,5589.71,5642.22,1471
2026-03-24T20:30:00+00:00,5642.22,5685.73,5641.73,5661.22,1168
2026-03-24T20:45:00+00:00,5661.22,5671.73,5644.72,5666.78,890
2026-03-25T07:00:00+00:00,5666.78,5669.28,5650.52,5658.02,447.9644112478031
2026-03-25T07:15:00+00:00,5658.02,5661.54,5643.09,5650.03,332
2026-03-25T07:30:00+00:00,5650.03,5664.03,5647.52,5662.03,312
2026-03-25T07:45:00+00:00,5662.03,5680.54,5661.52,5674.04,403
2026-03-25T08:00:00+00:00,5674.04,5697.03,5667.02,5693.04,1740
2026-03-25T08:15:00+00:00,5693.04,5709.03,5692.53,5694.02,926
2026-03-25T08:30:00+00:00,5694.02,5706.53,5686.52,5700.02,1265
2026-03-25T08:45:00+00:00,5700.02,5706.52,5684.53,5689.54,1107
2026-03-25T09:00:00+00:00,5689.54,5704.04,5683.53,5702.53,886
2026-03-25T09:15:00+00:00,5702.53,5706.02,5681.52,5684.54,659
2026-03-25T09:30:00+00:00,5684.54,5695.04,5682.02,5683.53,751
2026-03-25T09:45:00+00:00,5683.53,5693.04,5671.04,5688.04,762
2026-03-25T10:00:00+00:00,5688.04,5700.02,5686.52,5691.53,926
2026-03-25T10:15:00+00:00,5691.53,5694.04,5683.04,5685.04,712
2026-03-25T10:30:00+00:00,5685.04,5692.03,5681.03,5681.03,747
2026-03-25T10:45:00+00:00,5681.03,5695.03,5679.02,5690.54,535
2026-03-25T11:00:00+00:00,5690.54,5701.54,5689.52,5696.54,507
2026-03-25T11:15:00+00:00,5696.54,5701.04,5692.02,5694.03,442
2026-03-25T11:30:00+00:00,5694.03,5702.54,5694.03,5701.53,389
2026-03-25T11:45:00+00:00,5701.53,5702.54,5679.52,5697.02,1115
2026-03-25T12:00:00+00:00,5697.02,5707.52,5695.03,5700.02,701
2026-03-25T12:15:00+00:00,5700.02,5700.54,5660.02,5670.03,2047
2026-03-25T12:30:00+00:00,5670.03,5681.04,5652.02,5672.53,1208
2026-03-25T12:45:00+00:00,5672.53,5685.52,5668.53,5679.04,852
2026-03-25T13:00:00+00:00,5679.04,5690.03,5672.02,5677.52,791
2026-03-25T13:15:00+00:00,5677.52,5683.04,5676.03,5678.04,737
2026-03-25T13:30:00+00:00,5678.04,5684.04,5668.52,5671.54,1616
2026-03-25T13:45:00+00:00,5671.54,5675.02,5654.02,5657.02,1734
2026-03-25T14:00:00+00:00,5657.02,5673.02,5645.02,5673.02,1947
2026-03-25T14:15:00+00:00,5673.02,5683.53,5667.02,5678.03,1213
2026-03-25T14:30:00+00:00,5678.03,5684.04,5673.02,5678.02,1371
2026-03-25T14:45:00+00:00,5678.02,5688.04,5671.02,5672.52,946
2026-03-25T15:00:00+00:00,5672.52,5675.04,5647.02,5648.04,1233
2026-03-25T15:15:00+00:00,5648.04,5666.03,5629.54,5666.03,1755
2026-03-25T15:30:00+00:00,5666.03,5668.04,5652.02,5660.53,1151
2026-03-25T15:45:00+00:00,5660.53,5663.03,5651.52,5655.04,1289
2026-03-25T16:00:00+00:00,5655.04,5658.04,5647.52,5654.53,1421
2026-03-25T16:15:00+00:00,5654.53,5665.02,5647.03,5662.53,1095
2026-03-25T16:30:00+00:00,5662.53,5687.04,5662.02,5682.52,798
2026-03-25T16:45:00+00:00,5682.52,5684.03,5674.02,5679.52,520
2026-03-25T17:00:00+00:00,5679.52,5685.54,5673.02,5679.04,858
2026-03-25T17:15:00+00:00,5679.04,5683.02,5671.52,5679.53,825
2026-03-25T17:30:00+00:00,5679.53,5690.53,5677.02,5684.02,658
2026-03-25T17:45:00+00:00,5684.02,5685.04,5669.52,5673.53,520
2026-03-25T18:00:00+00:00,5673.53,5677.54,5670.54,5673.03,375
2026-03-25T18:15:00+00:00,5673.03,5677.54,5671.54,5671.54,322
2026-03-25T18:30:00+00:00,5671.54,5675.03,5669.02,5671.02,242
2026-03-25T18:45:00+00:00,5671.02,5671.53,5651.03,5662.03,517
2026-03-25T19:00:00+00:00,5662.03,5668.03,5655.54,5667.02,635
2026-03-25T19:15:00+00:00,5667.02,5671.53,5667.02,5668.02,370
2026-03-25T19:30:00+00:00,5668.02,5668.04,5659.03,5660.04,374
2026-03-25T19:45:00+00:00,5660.04,5664.04,5658.52,5663.04,389
2026-03-25T20:00:00+00:00,5663.04,5666.04,5660.02,5661.03,121.22643391521197
2026-03-25T20:15:00+00:00,5661.03,5664.04,5657.52,5658.04,84
2026-03-25T20:30:00+00:00,5658.04,5660.04,5657.02,5660.04,59
2026-03-25T20:45:00+00:00,5660.04,5660.04,5657.02,5658.09,92.12760079986684
2026-03-26T07:00:00+00:00,5658.09,5660.09,5640.59,5646.610000000001,365.1757233592096
2026-03-26T07:15:00+00:00,5646.610000000001,5650.59,5635.610000000001,5643.1,342
2026-03-26T07:30:00+00:00,5643.1,5649.6,5637.59,5641.1,299
2026-03-26T07:45:00+00:00,5641.1,5648.610000000001,5641.1,5645.59,336
2026-03-26T08:00:00+00:00,5645.59,5664.1,5641.59,5642.59,1422
2026-03-26T08:15:00+00:00,5642.59,5652.6,5635.59,5636.6,1407
2026-03-26T08:30:00+00:00,5636.6,5647.610000000001,5633.59,5633.59,1176
2026-03-26T08:45:00+00:00,5633.59,5645.6,5630.59,5641.59,850
2026-03-26T09:00:00+00:00,5641.59,5642.6,5624.650000000001,5628.1,1032
2026-03-26T09:15:00+00:00,5628.1,5629.110000000001,5617.59,5617.59,855
2026-03-26T09:30:00+00:00,5617.59,5618.6,5610.09,5616.1,987
2026-03-26T09:45:00+00:00,5616.1,5628.610000000001,5613.59,5626.110000000001,838
2026-03-26T10:00:00+00:00,5626.110000000001,5636.1,5617.610000000001,5636.09,533
2026-03-26T10:15:00+00:00,5636.09,5640.110000000001,5630.09,5638.6,553
2026-03-26T10:30:00+00:00,5638.6,5643.610000000001,5628.09,5628.110000000001,838
2026-03-26T10:45:00+00:00,5628.110000000001,5633.610000000001,5625.6,5632.09,717
2026-03-26T11:00:00+00:00,5632.09,5641.610000000001,5627.610000000001,5632.6,513
2026-03-26T11:15:00+00:00,5632.6,5636.610000000001,5622.59,5627.610000000001,509
2026-03-26T11:30:00+00:00,5627.610000000001,5629.110000000001,5618.59,5620.110000000001,606
2026-03-26T11:45:00+00:00,5620.110000000001,5622.6,5612.59,5612.59,496
2026-03-26T12:00:00+00:00,5612.59,5633.610000000001,5608.59,5631.6,665
2026-03-26T12:15:00+00:00,5631.6,5633.610000000001,5620.6,5622.59,363
2026-03-26T12:30:00+00:00,5622.59,5623.1,5607.610000000001,5613.09,691
2026-03-26T12:45:00+00:00,5613.09,5623.610000000001,5613.09,5621.1,403
2026-03-26T13:00:00+00:00,5621.1,5624.6,5612.59,5621.1,558
2026-03-26T13:15:00+00:00,5621.1,5625.610000000001,5617.59,5622.09,583
2026-03-26T13:30:00+00:00,5622.09,5637.110000000001,5618.59,5637.110000000001,1586
2026-03-26T13:45:00+00:00,5637.110000000001,5647.610000000001,5628.6,5645.1,1621
2026-03-26T14:00:00+00:00,5645.1,5650.6,5636.610000000001,5648.610000000001,1903
2026-03-26T14:15:00+00:00,5648.610000000001,5657.610000000001,5647.6,5648.1,831
2026-03-26T14:30:00+00:00,5648.1,5665.610000000001,5636.6,5639.59,1356
2026-03-26T14:45:00+00:00,5639.59,5643.610000000001,5624.6,5638.6,2002
2026-03-26T15:00:00+00:00,5638.6,5644.6,5633.59,5640.59,1812
2026-03-26T15:15:00+00:00,5640.59,5641.59,5629.09,5634.1,1303
2026-03-26T15:30:00+00:00,5634.1,5634.610000000001,5621.59,5624.6,985
2026-03-26T15:45:00+00:00,5624.6,5641.610000000001,5623.59,5634.59,1025
2026-03-26T16:00:00+00:00,5634.59,5641.610000000001,5630.610000000001,5630.610000000001,777
2026-03-26T16:15:00+00:00,5630.610000000001,5631.110000000001,5607.110000000001,5612.110000000001,688
2026-03-26T16:30:00+00:00,5612.110000000001,5620.59,5606.59,5618.09,685
2026-03-26T16:45:00+00:00,5618.09,5619.610000000001,5607.09,5610.110000000001,559
2026-03-26T17:00:00+00:00,5610.110000000001,5620.610000000001,5609.59,5614.6,623
2026-03-26T17:15:00+00:00,5614.6,5618.610000000001,5604.610000000001,5610.610000000001,528
2026-03-26T17:30:00+00:00,5610.610000000001,5616.610000000001,5604.6,5605.1,507
2026-03-26T17:45:00+00:00,5605.1,5606.610000000001,5595.6,5600.59,448
2026-03-26T18:00:00+00:00,5600.59,5607.610000000001,5600.59,5606.59,537
2026-03-26T18:15:00+00:00,5606.59,5607.59,5602.59,5602.610000000001,319
2026-03-26T18:30:00+00:00,5602.610000000001,5611.6,5602.610000000001,5608.09,199
2026-03-26T18:45:00+00:00,5608.09,5609.610000000001,5603.6,5608.610000000001,156
2026-03-26T19:00:00+00:00,5608.610000000001,5609.6,5589.59,5593.09,253
2026-03-26T19:15:00+00:00,5593.09,5599.110000000001,5591.610000000001,5594.09,157
2026-03-26T19:30:00+00:00,5594.09,5594.6,5586.59,5586.6,188
2026-03-26T19:45:00+00:00,5586.6,5588.6,5579.1,5581.110000000001,200.46020066889633
2026-03-26T20:00:00+00:00,5581.110000000001,5692.1,5580.59,5631.09,417
2026-03-26T20:15:00+00:00,5631.09,5641.1,5602.6,5616.59,545
2026-03-26T20:30:00+00:00,5616.59,5626.610000000001,5614.6,5624.610000000001,351
2026-03-26T20:45:00+00:00,5624.610000000001,5625.110000000001,5606.610000000001,5609.150000000001,143
2026-03-27T07:00:00+00:00,5609.150000000001,5632.160000000001,5608.150000000001,5628.68,203.81830790568654
2026-03-27T07:15:00+00:00,5628.68,5629.18,5614.170000000001,5615.68,129
2026-03-27T07:30:00+00:00,5615.68,5624.170000000001,5614.160000000001,5623.18,198
2026-03-27T07:45:00+00:00,5623.18,5628.18,5620.160000000001,5624.170000000001,241
2026-03-27T08:00:00+00:00,5624.170000000001,5629.68,5606.170000000001,5610.670000000001,1291
2026-03-27T08:15:00+00:00,5610.670000000001,5611.18,5582.160000000001,5585.160000000001,1175
2026-03-27T08:30:00+00:00,5585.160000000001,5594.18,5574.170000000001,5585.68,1243
2026-03-27T08:45:00+00:00,5585.68,5589.170000000001,5571.68,5572.160000000001,951
2026-03-27T09:00:00+00:00,5572.160000000001,5574.18,5553.160000000001,5561.660000000001,1149
2026-03-27T09:15:00+00:00,5561.660000000001,5581.170000000001,5560.160000000001,5574.670000000001,1340
2026-03-27T09:30:00+00:00,5574.670000000001,5580.170000000001,5564.160000000001,5568.660000000001,1123
2026-03-27T09:45:00+00:00,5568.660000000001,5568.660000000001,5551.18,5553.660000000001,655
2026-03-27T10:00:00+00:00,5553.660000000001,5571.160000000001,5548.660000000001,5560.68,939
2026-03-27T10:15:00+00:00,5560.68,5573.160000000001,5558.160000000001,5568.160000000001,832
2026-03-27T10:30:00+00:00,5568.160000000001,5572.170000000001,5554.160000000001,5557.660000000001,1060
2026-03-27T10:45:00+00:00,5557.660000000001,5559.18,5539.160000000001,5541.160000000001,643
2026-03-27T11:00:00+00:00,5541.160000000001,5543.170000000001,5528.160000000001,5535.170000000001,1224
2026-03-27T11:15:00+00:00,5535.170000000001,5549.18,5533.160000000001,5549.160000000001,724
2026-03-27T11:30:00+00:00,5549.160000000001,5560.660000000001,5548.660000000001,5558.170000000001,584
2026-03-27T11:45:00+00:00,5558.170000000001,5562.18,5551.160000000001,5553.670000000001,687
2026-03-27T12:00:00+00:00,5553.670000000001,5554.18,5542.160000000001,5548.160000000001,1027
2026-03-27T12:15:00+00:00,5548.160000000001,5556.68,5547.160000000001,5552.160000000001,789
2026-03-27T12:30:00+00:00,5552.160000000001,5564.18,5550.160000000001,5560.18,617
2026-03-27T12:45:00+00:00,5560.18,5564.670000000001,5551.670000000001,5556.170000000001,805
2026-03-27T13:00:00+00:00,5556.170000000001,5558.18,5539.170000000001,5542.660000000001,1008
2026-03-27T13:15:00+00:00,5542.660000000001,5560.68,5542.160000000001,5558.160000000001,889
2026-03-27T13:30:00+00:00,5558.160000000001,5565.170000000001,5545.160000000001,5563.660000000001,2205
2026-03-27T13:45:00+00:00,5563.660000000001,5573.170000000001,5544.160000000001,5548.68,1445
2026-03-27T14:00:00+00:00,5548.68,5560.18,5546.160000000001,5558.170000000001,2024
2026-03-27T14:15:00+00:00,5558.170000000001,5567.68,5550.160000000001,5551.68,1591
2026-03-27T14:30:00+00:00,5551.68,5562.18,5546.18,5549.660000000001,1371
2026-03-27T14:45:00+00:00,5549.660000000001,5559.18,5544.170000000001,5552.170000000001,1230
2026-03-27T15:00:00+00:00,5552.170000000001,5571.160000000001,5550.160000000001,5556.18,1125
2026-03-27T15:15:00+00:00,5556.18,5576.18,5542.170000000001,5569.68,1280
2026-03-27T15:30:00+00:00,5569.68,5587.660000000001,5569.68,5573.18,1266
2026-03-27T15:45:00+00:00,5573.18,5580.170000000001,5560.170000000001,5561.68,1143
2026-03-27T16:00:00+00:00,5561.68,5564.170000000001,5549.170000000001,5558.160000000001,891
2026-03-27T16:15:00+00:00,5558.160000000001,5559.660000000001,5550.160000000001,5559.660000000001,712
2026-03-27T16:30:00+00:00,5559.660000000001,5564.68,5550.160000000001,5555.170000000001,548
2026-03-27T16:45:00+00:00,5555.170000000001,5565.18,5552.68,5556.68,721
2026-03-27T17:00:00+00:00,5556.68,5567.18,5550.160000000001,5556.170000000001,807
2026-03-27T17:15:00+00:00,5556.170000000001,5556.18,5539.660000000001,5542.670000000001,298
2026-03-27T17:30:00+00:00,5542.670000000001,5545.18,5539.160000000001,5539.160000000001,359
2026-03-27T17:45:00+00:00,5539.160000000001,5544.18,5536.68,5537.670000000001,248
2026-03-27T18:00:00+00:00,5537.670000000001,5539.170000000001,5529.170000000001,5530.170000000001,332
2026-03-27T18:15:00+00:00,5530.170000000001,5536.170000000001,5525.660000000001,5531.660000000001,582
2026-03-27T18:30:00+00:00,5531.660000000001,5538.670000000001,5529.18,5534.160000000001,548
2026-03-27T18:45:00+00:00,5534.160000000001,5535.18,5528.160000000001,5532.170000000001,242
2026-03-27T19:00:00+00:00,5532.170000000001,5534.18,5524.160000000001,5527.68,376
2026-03-27T19:15:00+00:00,5527.68,5532.18,5522.170000000001,5524.170000000001,300
2026-03-27T19:30:00+00:00,5524.170000000001,5527.18,5510.160000000001,5514.170000000001,404
2026-03-27T19:45:00+00:00,5514.170000000001,5528.18,5508.18,5523.18,693
2026-03-27T20:00:00+00:00,5523.18,5529.170000000001,5517.68,5520.170000000001,459
2026-03-27T20:15:00+00:00,5520.170000000001,5521.660000000001,5509.170000000001,5512.660000000001,279
2026-03-27T20:30:00+00:00,5512.660000000001,5517.68,5508.160000000001,5513.160000000001,155
2026-03-27T20:45:00+00:00,5513.160000000001,5513.170000000001,5505.160000000001,5506.160000000001,108.61955469506293
2026-03-30T06:00:00+00:00,5506.160000000001,5538.22,5502.660000000001,5533.210000000001,414.81111111111113
2026-03-30T06:15:00+00:00,5533.210000000001,5545.2300000000005,5533.210000000001,5541.210000000001,304
2026-03-30T06:30:00+00:00,5541.210000000001,5552.2300000000005,5540.22,5550.72,379
2026-03-30T06:45:00+00:00,5550.72,5559.2300000000005,5543.22,5547.710000000001,449
2026-03-30T07:00:00+00:00,5547.710000000001,5562.710000000001,5541.2300000000005,5561.210000000001,946
2026-03-30T07:15:00+00:00,5561.210000000001,5563.7300000000005,5548.210000000001,5552.7300000000005,898
2026-03-30T07:30:00+00:00,5552.7300000000005,5560.22,5548.2300000000005,5554.710000000001,1000
2026-03-30T07:45:00+00:00,5554.710000000001,5567.2300000000005,5552.210000000001,5566.710000000001,568
2026-03-30T08:00:00+00:00,5566.710000000001,5571.2300000000005,5557.210000000001,5569.210000000001,971
2026-03-30T08:15:00+00:00,5569.210000000001,5579.2300000000005,5568.710000000001,5577.710000000001,663
2026-03-30T08:30:00+00:00,5577.710000000001,5589.2300000000005,5576.210000000001,5582.7300000000005,394
2026-03-30T08:45:00+00:00,5582.7300000000005,5589.2300000000005,5579.710000000001,5588.2300000000005,558
2026-03-30T09:00:00+00:00,5588.2300000000005,5590.2300000000005,5577.210000000001,5578.7300000000005,601
2026-03-30T09:15:00+00:00,5578.7300000000005,5578.7300000000005,5566.210000000001,5567.2300000000005,877
2026-03-30T09:30:00+00:00,5567.2300000000005,5570.2300000000005,5557.210000000001,5559.210000000001,610
2026-03-30T09:45:00+00:00,5559.210000000001,5561.22,5552.210000000001,5556.710000000001,686
2026-03-30T10:00:00+00:00,5556.710000000001,5562.7300000000005,5551.210000000001,5560.210000000001,510
2026-03-30T10:15:00+00:00,5560.210000000001,5570.2300000000005,5559.210000000001,5565.710000000001,333
2026-03-30T10:30:00+00:00,5565.710000000001,5566.72,5556.7300000000005,5558.210000000001,445
2026-03-30T10:45:00+00:00,5558.210000000001,5571.210000000001,5558.210000000001,5571.210000000001,460
2026-03-30T11:00:00+00:00,5571.210000000001,5584.2300000000005,5570.72,5578.72,529
2026-03-30T11:15:00+00:00,5578.72,5624.210000000001,5577.210000000001,5594.2300000000005,2172
2026-03-30T11:30:00+00:00,5594.2300000000005,5596.22,5579.210000000001,5583.210000000001,2153
2026-03-30T11:45:00+00:00,5583.210000000001,5589.2300000000005,5574.210000000001,5577.72,520
2026-03-30T12:00:00+00:00,5577.72,5579.2300000000005,5570.210000000001,5574.72,527
2026-03-30T12:15:00+00:00,5574.72,5587.210000000001,5572.210000000001,5587.210000000001,541
2026-03-30T12:30:00+00:00,5587.210000000001,5595.2300000000005,5585.210000000001,5592.72,348
2026-03-30T12:45:00+00:00,5592.72,5595.22,5588.210000000001,5592.2300000000005,301
2026-03-30T13:00:00+00:00,5592.2300000000005,5597.210000000001,5582.210000000001,5590.7300000000005,594
2026-03-30T13:15:00+00:00,5590.7300000000005,5597.710000000001,5588.210000000001,5594.710000000001,472
2026-03-30T13:30:00+00:00,5594.710000000001,5599.22,5571.210000000001,5576.210000000001,2152
2026-03-30T13:45:00+00:00,5576.210000000001,5579.22,5558.22,5562.7300000000005,1870
2026-03-30T14:00:00+00:00,5562.7300000000005,5582.2300000000005,5562.72,5579.72,2129
2026-03-30T14:15:00+00:00,5579.72,5580.7300000000005,5568.72,5571.2300000000005,2039
2026-03-30T14:30:00+00:00,5571.2300000000005,5581.7300000000005,5563.210000000001,5563.72,1844
2026-03-30T14:45:00+00:00,5563.72,5591.22,5561.22,5591.22,2309.6042483902006
2026-03-30T15:00:00+00:00,5591.22,5604.21,5582.22,5582.71,1070
2026-03-30T15:15:00+00:00,5582.71,5592.21,5579.200000000001,5586.22,615
2026-03-30T15:30:00+00:00,5586.22,5614.22,5584.200000000001,5613.700000000001,731
2026-03-30T15:45:00+00:00,5613.700000000001,5619.22,5606.21,5608.22,586
2026-03-30T16:00:00+00:00,5608.22,5610.22,5595.21,5599.200000000001,790
2026-03-30T16:15:00+00:00,5599.200000000001,5600.200000000001,5588.200000000001,5589.21,520
2026-03-30T16:30:00+00:00,5589.21,5596.22,5588.200000000001,5593.22,674
2026-03-30T16:45:00+00:00,5593.22,5593.22,5588.700000000001,5592.71,577
2026-03-30T17:00:00+00:00,5592.71,5598.21,5588.200000000001,5588.72,578
2026-03-30T17:15:00+00:00,5588.72,5589.71,5573.21,5574.21,698
2026-03-30T17:30:00+00:00,5574.21,5583.22,5569.200000000001,5582.22,807
2026-03-30T17:45:00+00:00,5582.22,5585.72,5574.21,5577.71,828
2026-03-30T18:00:00+00:00,5577.71,5580.22,5572.200000000001,5578.200000000001,580
2026-03-30T18:15:00+00:00,5578.200000000001,5580.22,5569.700000000001,5570.22,751
2026-03-30T18:30:00+00:00,5570.22,5576.22,5564.700000000001,5568.21,321
2026-03-30T18:45:00+00:00,5568.21,5570.21,5558.200000000001,5559.700000000001,334
2026-03-30T19:00:00+00:00,5559.700000000001,5560.71,5540.21,5541.700000000001,340
2026-03-30T19:15:00+00:00,5541.700000000001,5552.22,5541.700000000001,5551.200000000001,512
2026-03-30T19:30:00+00:00,5551.200000000001,5564.22,5551.200000000001,5561.71,528
2026-03-30T19:45:00+00:00,5561.71,5569.21,5559.71,5567.77,435
2026-03-31T06:00:00+00:00,5567.77,5614.75,5564.77,5602.25,330.74213836477986
2026-03-31T06:15:00+00:00,5602.25,5612.76,5599.25,5606.25,403
2026-03-31T06:30:00+00:00,5606.25,5608.75,5593.76,5593.76,607
2026-03-31T06:45:00+00:00,5593.76,5600.25,5591.740000000001,5595.75,483
2026-03-31T07:00:00+00:00,5595.75,5601.76,5573.240000000001,5578.76,1699
2026-03-31T07:15:00+00:00,5578.76,5589.76,5573.740000000001,5588.740000000001,1153
2026-03-31T07:30:00+00:00,5588.740000000001,5618.75,5588.740000000001,5618.25,954
2026-03-31T07:45:00+00:00,5618.25,5638.25,5617.26,5638.240000000001,827
2026-03-31T08:00:00+00:00,5638.240000000001,5644.76,5626.240000000001,5626.76,1203
2026-03-31T08:15:00+00:00,5626.76,5637.76,5621.75,5625.240000000001,995
2026-03-31T08:30:00+00:00,5625.240000000001,5628.76,5616.740000000001,5617.76,821
2026-03-31T08:45:00+00:00,5617.76,5625.26,5611.75,5618.240000000001,1060
2026-03-31T09:00:00+00:00,5618.240000000001,5631.76,5616.81,5624.76,890
2026-03-31T09:15:00+00:00,5624.76,5631.76,5619.740000000001,5622.740000000001,970
2026-03-31T09:30:00+00:00,5622.740000000001,5631.76,5617.75,5631.26,1087
2026-03-31T09:45:00+00:00,5631.26,5637.740000000001,5625.25,5631.76,556
2026-03-31T10:00:00+00:00,5631.76,5641.75,5629.75,5632.25,601
2026-03-31T10:15:00+00:00,5632.25,5632.25,5623.740000000001,5628.26,539
2026-03-31T10:30:00+00:00,5628.26,5629.26,5601.740000000001,5603.740000000001,808
2026-03-31T10:45:00+00:00,5603.740000000001,5622.76,5600.740000000001,5621.26,620
2026-03-31T11:00:00+00:00,5621.26,5661.75,5614.75,5635.25,2287
2026-03-31T11:15:00+00:00,5635.25,5646.75,5629.740000000001,5632.75,2546
2026-03-31T11:30:00+00:00,5632.75,5640.76,5625.740000000001,5638.75,1293
2026-03-31T11:45:00+00:00,5638.75,5638.75,5625.740000000001,5636.740000000001,1381
2026-03-31T12:00:00+00:00,5636.740000000001,5651.75,5622.75,5623.26,1612
2026-03-31T12:15:00+00:00,5623.26,5648.76,5619.740000000001,5647.75,1863
2026-03-31T12:30:00+00:00,5647.75,5650.76,5641.740000000001,5648.25,895
2026-03-31T12:45:00+00:00,5648.25,5648.76,5633.740000000001,5635.25,803
2026-03-31T13:00:00+00:00,5635.25,5640.76,5626.75,5630.76,850
2026-03-31T13:15:00+00:00,5630.76,5644.76,5630.240000000001,5639.76,660
2026-03-31T13:30:00+00:00,5639.76,5642.76,5622.740000000001,5631.75,1968
2026-03-31T13:45:00+00:00,5631.75,5658.76,5631.75,5654.25,1199
2026-03-31T14:00:00+00:00,5654.25,5654.26,5638.740000000001,5645.26,1214
2026-03-31T14:15:00+00:00,5645.26,5650.76,5637.240000000001,5650.76,1149
2026-03-31T14:30:00+00:00,5650.76,5656.76,5631.740000000001,5635.25,1042
2026-03-31T14:45:00+00:00,5635.25,5638.76,5619.740000000001,5624.75,1134
2026-03-31T15:00:00+00:00,5624.75,5644.76,5624.740000000001,5643.740000000001,964
2026-03-31T15:15:00+00:00,5643.740000000001,5645.76,5609.75,5610.240000000001,937
2026-03-31T15:30:00+00:00,5610.240000000001,5628.25,5600.76,5623.240000000001,1263
2026-03-31T15:45:00+00:00,5623.240000000001,5628.76,5613.740000000001,5614.75,955
2026-03-31T16:00:00+00:00,5614.75,5623.76,5611.75,5617.76,706
2026-03-31T16:15:00+00:00,5617.76,5626.76,5615.740000000001,5620.75,473
2026-03-31T16:30:00+00:00,5620.75,5724.76,5615.26,5693.740000000001,4315
2026-03-31T16:45:00+00:00,5693.740000000001,5699.76,5661.740000000001,5672.26,5551
2026-03-31T17:00:00+00:00,5672.26,5693.76,5665.75,5673.25,2855
2026-03-31T17:15:00+00:00,5673.25,5691.75,5672.740000000001,5677.740000000001,2076
2026-03-31T17:30:00+00:00,5677.740000000001,5691.75,5672.740000000001,5676.740000000001,1681
2026-03-31T17:45:00+00:00,5676.740000000001,5681.76,5670.740000000001,5675.26,1202
2026-03-31T18:00:00+00:00,5675.26,5685.76,5674.240000000001,5680.740000000001,1222
2026-03-31T18:15:00+00:00,5680.740000000001,5687.76,5677.740000000001,5683.740000000001,1040
2026-03-31T18:30:00+00:00,5683.740000000001,5690.76,5678.740000000001,5688.26,862
2026-03-31T18:45:00+00:00,5688.26,5692.76,5685.740000000001,5690.26,456
2026-03-31T19:00:00+00:00,5690.26,5699.75,5686.740000000001,5699.75,331
2026-03-31T19:15:00+00:00,5699.75,5705.76,5694.75,5701.740000000001,498
2026-03-31T19:30:00+00:00,5701.740000000001,5710.75,5701.740000000001,5706.740000000001,392
2026-03-31T19:45:00+00:00,5706.740000000001,5713.740000000001,5703.75,5708.81,652
2026-04-01T06:00:00+00:00,5708.81,5742.33,5704.81,5742.33,250.6662326388889
2026-04-01T06:15:00+00:00,5742.33,5763.84,5741.820000000001,5762.33,363
2026-04-01T06:30:00+00:00,5762.33,5775.820000000001,5759.83,5768.84,542
2026-04-01T06:45:00+00:00,5768.84,5773.84,5759.83,5768.820000000001,598
2026-04-01T07:00:00+00:00,5768.820000000001,5779.84,5762.83,5766.83,1436
2026-04-01T07:15:00+00:00,5766.83,5768.84,5760.820000000001,5767.84,780
2026-04-01T07:30:00+00:00,5767.84,5782.84,5767.83,5781.320000000001,631
2026-04-01T07:45:00+00:00,5781.320000000001,5782.83,5741.33,5745.820000000001,988
2026-04-01T08:00:00+00:00,5745.820000000001,5753.84,5736.33,5740.320000000001,1288
2026-04-01T08:15:00+00:00,5740.320000000001,5765.84,5739.820000000001,5756.820000000001,814
2026-04-01T08:30:00+00:00,5756.820000000001,5765.84,5754.83,5756.820000000001,835
2026-04-01T08:45:00+00:00,5756.820000000001,5761.84,5740.34,5751.34,1231
2026-04-01T09:00:00+00:00,5751.34,5757.84,5731.83,5733.820000000001,798
2026-04-01T09:15:00+00:00,5733.820000000001,5735.84,5712.84,5722.34,683
2026-04-01T09:30:00+00:00,5722.34,5737.84,5721.84,5732.84,661
2026-04-01T09:45:00+00:00,5732.84,5747.84,5730.84,5735.84,690
2026-04-01T10:00:00+00:00,5735.84,5741.820000000001,5723.83,5732.83,548
2026-04-01T10:15:00+00:00,5732.83,5740.83,5729.820000000001,5738.320000000001,676
2026-04-01T10:30:00+00:00,5738.320000000001,5746.34,5732.820000000001,5745.320000000001,593
2026-04-01T10:45:00+00:00,5745.320000000001,5760.84,5744.83,5759.320000000001,456
2026-04-01T11:00:00+00:00,5759.320000000001,5766.84,5757.820000000001,5766.33,422
2026-04-01T11:15:00+00:00,5766.33,5772.34,5760.84,5767.34,350
2026-04-01T11:30:00+00:00,5767.34,5782.34,5766.83,5776.820000000001,456
2026-04-01T11:45:00+00:00,5776.820000000001,5783.820000000001,5774.820000000001,5777.84,469
2026-04-01T12:00:00+00:00,5777.84,5779.84,5767.84,5770.84,417
2026-04-01T12:15:00+00:00,5770.84,5773.83,5762.820000000001,5767.84,603
2026-04-01T12:30:00+00:00,5767.84,5800.34,5758.820000000001,5782.33,721
2026-04-01T12:45:00+00:00,5782.33,5790.84,5749.820000000001,5753.34,3119
2026-04-01T13:00:00+00:00,5753.34,5760.84,5746.820000000001,5756.84,1248
2026-04-01T13:15:00+00:00,5756.84,5764.84,5752.820000000001,5761.83,918
2026-04-01T13:30:00+00:00,5761.83,5778.34,5746.820000000001,5754.84,1924
2026-04-01T13:45:00+00:00,5754.84,5761.84,5746.33,5758.870000000001,2214
2026-04-01T14:00:00+00:00,5758.870000000001,5764.84,5752.820000000001,5763.83,2236
2026-04-01T14:15:00+00:00,5763.83,5777.83,5762.83,5771.33,1370
2026-04-01T14:30:00+00:00,5771.33,5785.84,5763.83,5777.320000000001,1623
2026-04-01T14:45:00+00:00,5777.320000000001,5786.84,5775.820000000001,5780.83,1115
2026-04-01T15:00:00+00:00,5780.83,5790.84,5776.820000000001,5778.820000000001,705
2026-04-01T15:15:00+00:00,5778.820000000001,5785.34,5776.820000000001,5777.33,562
2026-04-01T15:30:00+00:00,5777.33,5796.84,5771.34,5795.83,601
2026-04-01T15:45:00+00:00,5795.83,5808.83,5794.820000000001,5805.320000000001,326
2026-04-01T16:00:00+00:00,5805.320000000001,5806.84,5796.320000000001,5797.820000000001,556
2026-04-01T16:15:00+00:00,5797.820000000001,5799.83,5790.820000000001,5792.820000000001,451
2026-04-01T16:30:00+00:00,5792.820000000001,5798.84,5790.33,5797.84,236
2026-04-01T16:45:00+00:00,5797.84,5799.84,5794.84,5799.820000000001,152
2026-04-01T17:00:00+00:00,5799.820000000001,5804.84,5798.820000000001,5803.820000000001,165
2026-04-01T17:15:00+00:00,5803.820000000001,5805.33,5801.820000000001,5802.33,124
2026-04-01T17:30:00+00:00,5802.33,5802.83,5796.820000000001,5797.34,232
2026-04-01T17:45:00+00:00,5797.34,5798.84,5788.820000000001,5789.83,208
2026-04-01T18:00:00+00:00,5789.83,5790.84,5780.820000000001,5781.83,776
2026-04-01T18:15:00+00:00,5781.83,5781.83,5759.820000000001,5760.820000000001,650
2026-04-01T18:30:00+00:00,5760.820000000001,5768.34,5752.34,5764.83,919
2026-04-01T18:45:00+00:00,5764.83,5766.84,5758.820000000001,5760.820000000001,870
2026-04-01T19:00:00+00:00,5760.820000000001,5768.84,5759.34,5767.83,643
2026-04-01T19:15:00+00:00,5767.83,5783.84,5767.820000000001,5782.84,329
2026-04-01T19:30:00+00:00,5782.84,5792.34,5779.820000000001,5788.34,452
2026-04-01T19:45:00+00:00,5788.34,5790.84,5775.84,5785.89,593
2026-04-02T06:00:00+00:00,5785.89,5793.89,5658.650000000001,5662.650000000001,427.1089987325729
2026-04-02T06:15:00+00:00,5662.650000000001,5671.64,5658.64,5667.64,294
2026-04-02T06:30:00+00:00,5667.64,5675.660000000001,5666.64,5671.64,275
2026-04-02T06:45:00+00:00,5671.64,5679.660000000001,5666.14,5679.150000000001,334
2026-04-02T07:00:00+00:00,5679.150000000001,5693.660000000001,5678.650000000001,5690.14,1132
2026-04-02T07:15:00+00:00,5690.14,5695.660000000001,5681.64,5693.160000000001,500
2026-04-02T07:30:00+00:00,5693.160000000001,5696.660000000001,5684.650000000001,5692.14,502
2026-04-02T07:45:00+00:00,5692.14,5705.650000000001,5691.650000000001,5704.650000000001,271
2026-04-02T08:00:00+00:00,5704.650000000001,5706.660000000001,5691.64,5697.660000000001,494
2026-04-02T08:15:00+00:00,5697.660000000001,5700.650000000001,5689.650000000001,5697.64,488
2026-04-02T08:30:00+00:00,5697.64,5707.660000000001,5697.64,5698.660000000001,505
2026-04-02T08:45:00+00:00,5698.660000000001,5704.660000000001,5696.64,5701.660000000001,526
2026-04-02T09:00:00+00:00,5701.660000000001,5706.660000000001,5686.64,5688.14,380
2026-04-02T09:15:00+00:00,5688.14,5699.660000000001,5687.64,5698.660000000001,579
2026-04-02T09:30:00+00:00,5698.660000000001,5698.660000000001,5685.64,5687.650000000001,375
2026-04-02T09:45:00+00:00,5687.650000000001,5696.64,5685.64,5693.650000000001,433
2026-04-02T10:00:00+00:00,5693.650000000001,5694.660000000001,5679.64,5680.64,462
2026-04-02T10:15:00+00:00,5680.64,5680.64,5671.64,5675.650000000001,313
2026-04-02T10:30:00+00:00,5675.650000000001,5680.160000000001,5670.14,5676.660000000001,405
2026-04-02T10:45:00+00:00,5676.660000000001,5680.660000000001,5672.64,5678.150000000001,519
2026-04-02T11:00:00+00:00,5678.150000000001,5684.160000000001,5672.64,5674.660000000001,577
2026-04-02T11:15:00+00:00,5674.660000000001,5675.660000000001,5664.14,5664.150000000001,511
2026-04-02T11:30:00+00:00,5664.150000000001,5669.660000000001,5658.150000000001,5661.150000000001,320
2026-04-02T11:45:00+00:00,5661.150000000001,5668.650000000001,5656.64,5657.14,404
2026-04-02T12:00:00+00:00,5657.14,5658.660000000001,5646.64,5651.14,571
2026-04-02T12:15:00+00:00,5651.14,5665.660000000001,5647.64,5661.660000000001,401
2026-04-02T12:30:00+00:00,5661.660000000001,5665.660000000001,5659.64,5664.160000000001,461
2026-04-02T12:45:00+00:00,5664.160000000001,5669.660000000001,5662.14,5664.650000000001,378
2026-04-02T13:00:00+00:00,5664.650000000001,5671.14,5657.660000000001,5658.650000000001,555
2026-04-02T13:15:00+00:00,5658.650000000001,5666.650000000001,5657.660000000001,5665.150000000001,508
2026-04-02T13:30:00+00:00,5665.150000000001,5674.660000000001,5659.14,5665.650000000001,1638
2026-04-02T13:45:00+00:00,5665.650000000001,5696.660000000001,5664.64,5695.650000000001,1384
2026-04-02T14:00:00+00:00,5695.650000000001,5699.660000000001,5686.64,5694.64,1220
2026-04-02T14:15:00+00:00,5694.64,5707.660000000001,5694.64,5703.160000000001,1074
2026-04-02T14:30:00+00:00,5703.160000000001,5775.650000000001,5701.660000000001,5756.64,5635
2026-04-02T14:45:00+00:00,5756.64,5760.660000000001,5736.64,5750.660000000001,2781.1552355381987
2026-04-02T15:00:00+00:00,5750.660000000001,5752.680000000001,5738.660000000001,5745.670000000001,2015
2026-04-02T15:15:00+00:00,5745.670000000001,5751.180000000001,5729.680000000001,5739.660000000001,1332
2026-04-02T15:30:00+00:00,5739.660000000001,5759.680000000001,5737.660000000001,5756.170000000001,1024
2026-04-02T15:45:00+00:00,5756.170000000001,5756.680000000001,5737.170000000001,5746.670000000001,1147
2026-04-02T16:00:00+00:00,5746.670000000001,5752.680000000001,5737.160000000001,5743.680000000001,1291
2026-04-02T16:15:00+00:00,5743.680000000001,5747.680000000001,5733.660000000001,5741.660000000001,1424
2026-04-02T16:30:00+00:00,5741.660000000001,5756.680000000001,5736.660000000001,5753.170000000001,1517
2026-04-02T16:45:00+00:00,5753.170000000001,5754.680000000001,5745.680000000001,5746.660000000001,611
2026-04-02T17:00:00+00:00,5746.660000000001,5760.680000000001,5744.660000000001,5759.680000000001,753
2026-04-02T17:15:00+00:00,5759.680000000001,5763.670000000001,5756.660000000001,5760.670000000001,689
2026-04-02T17:30:00+00:00,5760.670000000001,5762.680000000001,5754.660000000001,5757.660000000001,535
2026-04-02T17:45:00+00:00,5757.660000000001,5757.680000000001,5744.660000000001,5751.160000000001,790
2026-04-02T18:00:00+00:00,5751.160000000001,5757.170000000001,5751.160000000001,5754.680000000001,642
2026-04-02T18:15:00+00:00,5754.680000000001,5756.680000000001,5750.660000000001,5753.180000000001,442
2026-04-02T18:30:00+00:00,5753.180000000001,5758.670000000001,5751.660000000001,5756.660000000001,397
2026-04-02T18:45:00+00:00,5756.660000000001,5758.180000000001,5753.660000000001,5753.660000000001,305
2026-04-02T19:00:00+00:00,5753.660000000001,5761.670000000001,5752.160000000001,5758.680000000001,219
2026-04-02T19:15:00+00:00,5758.680000000001,5759.680000000001,5752.660000000001,5753.660000000001,246
2026-04-02T19:30:00+00:00,5753.660000000001,5755.660000000001,5751.670000000001,5751.670000000001,132
2026-04-02T19:45:00+00:00,5751.670000000001,5762.2300000000005,5748.660000000001,5761.720000000001,171
2026-04-07T06:00:00+00:00,5761.720000000001,5762.720000000001,5739.330000000001,5739.840000000001,316.1251798561151
2026-04-07T06:15:00+00:00,5739.840000000001,5745.35,5736.330000000001,5744.840000000001,269
2026-04-07T06:30:00+00:00,5744.840000000001,5746.340000000001,5735.340000000001,5739.35,354
2026-04-07T06:45:00+00:00,5739.35,5755.340000000001,5736.35,5754.330000000001,416
2026-04-07T07:00:00+00:00,5754.330000000001,5757.340000000001,5740.330000000001,5748.330000000001,1289
2026-04-07T07:15:00+00:00,5748.330000000001,5752.340000000001,5737.35,5741.340000000001,1083
2026-04-07T07:30:00+00:00,5741.340000000001,5749.840000000001,5735.330000000001,5747.340000000001,776
2026-04-07T07:45:00+00:00,5747.340000000001,5753.85,5736.330000000001,5753.35,584
2026-04-07T08:00:00+00:00,5753.35,5780.35,5753.330000000001,5777.830000000001,2588
2026-04-07T08:15:00+00:00,5777.830000000001,5798.35,5771.330000000001,5797.330000000001,2041
2026-04-07T08:30:00+00:00,5797.330000000001,5808.330000000001,5795.830000000001,5800.85,1415
2026-04-07T08:45:00+00:00,5800.85,5805.35,5790.340000000001,5796.840000000001,1167
2026-04-07T09:00:00+00:00,5796.840000000001,5809.35,5794.330000000001,5802.85,894
2026-04-07T09:15:00+00:00,5802.85,5812.35,5800.340000000001,5808.840000000001,839
2026-04-07T09:30:00+00:00,5808.840000000001,5814.85,5805.35,5805.840000000001,798
2026-04-07T09:45:00+00:00,5805.840000000001,5811.85,5799.330000000001,5806.85,613
2026-04-07T10:00:00+00:00,5806.85,5811.35,5764.330000000001,5795.35,2205
2026-04-07T10:15:00+00:00,5795.35,5803.340000000001,5765.340000000001,5779.340000000001,2168
2026-04-07T10:30:00+00:00,5779.340000000001,5781.340000000001,5750.340000000001,5763.840000000001,1735
2026-04-07T10:45:00+00:00,5763.840000000001,5765.340000000001,5734.830000000001,5740.840000000001,2040
2026-04-07T11:00:00+00:00,5740.840000000001,5750.340000000001,5736.330000000001,5744.35,1514
2026-04-07T11:15:00+00:00,5744.35,5754.35,5740.340000000001,5741.35,1226
2026-04-07T11:30:00+00:00,5741.35,5747.340000000001,5728.340000000001,5740.830000000001,1432
2026-04-07T11:45:00+00:00,5740.830000000001,5742.340000000001,5730.330000000001,5734.35,765
2026-04-07T12:00:00+00:00,5734.35,5747.330000000001,5715.330000000001,5727.330000000001,2145
2026-04-07T12:15:00+00:00,5727.330000000001,5746.85,5718.340000000001,5746.85,1708
2026-04-07T12:30:00+00:00,5746.85,5748.340000000001,5736.330000000001,5737.830000000001,718
2026-04-07T12:45:00+00:00,5737.830000000001,5755.340000000001,5722.330000000001,5728.330000000001,1342
2026-04-07T13:00:00+00:00,5728.330000000001,5739.35,5723.340000000001,5731.85,1239
2026-04-07T13:15:00+00:00,5731.85,5736.830000000001,5723.830000000001,5727.840000000001,755
2026-04-07T13:30:00+00:00,5727.840000000001,5734.35,5715.330000000001,5719.35,2880
2026-04-07T13:45:00+00:00,5719.35,5720.35,5698.85,5699.330000000001,1465
2026-04-07T14:00:00+00:00,5699.330000000001,5700.840000000001,5678.330000000001,5691.340000000001,1572
2026-04-07T14:15:00+00:00,5691.340000000001,5712.840000000001,5689.840000000001,5709.330000000001,1363
2026-04-07T14:30:00+00:00,5709.330000000001,5717.35,5704.35,5708.830000000001,1789
2026-04-07T14:45:00+00:00,5708.830000000001,5722.330000000001,5682.330000000001,5683.35,1582
2026-04-07T15:00:00+00:00,5683.35,5685.35,5670.330000000001,5671.85,1456
2026-04-07T15:15:00+00:00,5671.85,5694.340000000001,5671.85,5694.340000000001,1852
2026-04-07T15:30:00+00:00,5694.340000000001,5697.35,5684.830000000001,5685.330000000001,1007
2026-04-07T15:45:00+00:00,5685.330000000001,5701.340000000001,5683.35,5697.830000000001,809
2026-04-07T16:00:00+00:00,5697.830000000001,5725.35,5697.830000000001,5709.330000000001,2028
2026-04-07T16:15:00+00:00,5709.330000000001,5724.35,5703.330000000001,5718.340000000001,1666
2026-04-07T16:30:00+00:00,5718.340000000001,5724.35,5714.340000000001,5720.35,991
2026-04-07T16:45:00+00:00,5720.35,5731.35,5719.840000000001,5724.340000000001,761
2026-04-07T17:00:00+00:00,5724.340000000001,5732.35,5721.330000000001,5727.340000000001,932
2026-04-07T17:15:00+00:00,5727.340000000001,5729.35,5714.340000000001,5716.330000000001,557
2026-04-07T17:30:00+00:00,5716.330000000001,5741.35,5716.330000000001,5728.330000000001,875
2026-04-07T17:45:00+00:00,5728.330000000001,5735.35,5724.35,5728.35,574
2026-04-07T18:00:00+00:00,5728.35,5732.340000000001,5722.330000000001,5728.330000000001,542
2026-04-07T18:15:00+00:00,5728.330000000001,5733.35,5726.840000000001,5732.35,783
2026-04-07T18:30:00+00:00,5732.35,5732.35,5721.35,5724.330000000001,501
2026-04-07T18:45:00+00:00,5724.330000000001,5727.35,5716.330000000001,5719.330000000001,635
2026-04-07T19:00:00+00:00,5719.330000000001,5723.85,5712.330000000001,5719.840000000001,997
2026-04-07T19:15:00+00:00,5719.840000000001,5761.35,5718.330000000001,5742.340000000001,3044
2026-04-07T19:30:00+00:00,5742.340000000001,5751.35,5734.330000000001,5744.35,955
2026-04-07T19:45:00+00:00,5744.35,5815.35,5741.330000000001,5767.390000000001,3537
2026-04-08T06:00:00+00:00,5767.390000000001,6004.31,5764.890000000001,5990.300000000001,941.4254955570746
2026-04-08T06:15:00+00:00,5990.300000000001,5995.300000000001,5981.290000000001,5983.300000000001,594
2026-04-08T06:30:00+00:00,5983.300000000001,5990.300000000001,5974.290000000001,5982.300000000001,711
2026-04-08T06:45:00+00:00,5982.300000000001,5998.290000000001,5975.790000000001,5975.790000000001,847
2026-04-08T07:00:00+00:00,5975.790000000001,5983.300000000001,5960.290000000001,5960.800000000001,2542
2026-04-08T07:15:00+00:00,5960.800000000001,5991.31,5958.290000000001,5980.290000000001,1466
2026-04-08T07:30:00+00:00,5980.290000000001,5980.290000000001,5956.290000000001,5957.290000000001,1665
2026-04-08T07:45:00+00:00,5957.290000000001,5964.31,5943.290000000001,5945.290000000001,1505
2026-04-08T08:00:00+00:00,5945.290000000001,5952.31,5934.290000000001,5949.31,1565
2026-04-08T08:15:00+00:00,5949.31,5956.81,5940.290000000001,5945.31,1125
2026-04-08T08:30:00+00:00,5945.31,5961.31,5935.290000000001,5943.800000000001,1301
2026-04-08T08:45:00+00:00,5943.800000000001,5958.300000000001,5943.800000000001,5955.300000000001,1316
2026-04-08T09:00:00+00:00,5955.300000000001,5967.31,5945.290000000001,5966.31,850
2026-04-08T09:15:00+00:00,5966.31,5968.300000000001,5958.290000000001,5960.300000000001,595
2026-04-08T09:30:00+00:00,5960.300000000001,5968.31,5938.290000000001,5939.300000000001,896
2026-04-08T09:45:00+00:00,5939.300000000001,5966.31,5936.290000000001,5959.290000000001,1211
2026-04-08T10:00:00+00:00,5959.290000000001,5966.31,5955.290000000001,5962.31,1065
2026-04-08T10:15:00+00:00,5962.31,5980.31,5955.290000000001,5979.31,644
2026-04-08T10:30:00+00:00,5979.31,5988.290000000001,5977.290000000001,5988.290000000001,437
2026-04-08T10:45:00+00:00,5988.290000000001,5989.300000000001,5981.290000000001,5982.31,460
2026-04-08T11:00:00+00:00,5982.31,5991.31,5977.290000000001,5987.31,694
2026-04-08T11:15:00+00:00,5987.31,6003.31,5980.300000000001,5994.300000000001,833
2026-04-08T11:30:00+00:00,5994.300000000001,5998.31,5986.290000000001,5995.31,1092
2026-04-08T11:45:00+00:00,5995.31,6005.31,5993.300000000001,5998.290000000001,623
2026-04-08T12:00:00+00:00,5998.290000000001,6007.800000000001,5994.290000000001,6005.290000000001,814
2026-04-08T12:15:00+00:00,6005.290000000001,6006.790000000001,5975.790000000001,5994.290000000001,2984
2026-04-08T12:30:00+00:00,5994.290000000001,6006.31,5993.31,6002.790000000001,811
2026-04-08T12:45:00+00:00,6002.790000000001,6011.31,6001.290000000001,6005.31,551
2026-04-08T13:00:00+00:00,6005.31,6011.31,6001.31,6005.290000000001,512
2026-04-08T13:15:00+00:00,6005.290000000001,6011.31,6002.290000000001,6004.31,502
2026-04-08T13:30:00+00:00,6004.31,6008.300000000001,5983.290000000001,5988.290000000001,1890
2026-04-08T13:45:00+00:00,5988.290000000001,6005.31,5985.300000000001,5994.800000000001,1778
2026-04-08T14:00:00+00:00,5994.800000000001,6004.300000000001,5985.300000000001,5997.800000000001,2171
2026-04-08T14:15:00+00:00,5997.800000000001,6002.31,5980.81,5982.800000000001,1584
2026-04-08T14:30:00+00:00,5982.800000000001,5985.300000000001,5967.300000000001,5968.790000000001,1706
2026-04-08T14:45:00+00:00,5968.790000000001,5973.31,5951.290000000001,5965.31,1561
2026-04-08T15:00:00+00:00,5965.31,5968.31,5951.300000000001,5960.300000000001,1329
2026-04-08T15:15:00+00:00,5960.300000000001,5971.81,5955.31,5965.81,793
2026-04-08T15:30:00+00:00,5965.81,5993.31,5962.300000000001,5988.300000000001,997
2026-04-08T15:45:00+00:00,5988.300000000001,5994.31,5988.300000000001,5991.81,324
2026-04-08T16:00:00+00:00,5991.81,5998.31,5990.290000000001,5992.790000000001,447
2026-04-08T16:15:00+00:00,5992.790000000001,5993.290000000001,5981.290000000001,5984.300000000001,444
2026-04-08T16:30:00+00:00,5984.300000000001,5988.31,5981.300000000001,5986.300000000001,188
2026-04-08T16:45:00+00:00,5986.300000000001,5991.31,5985.290000000001,5989.31,268.6826844762991
2026-04-08T17:00:00+00:00,5989.31,5991.82,5982.81,5986.32,250
2026-04-08T17:15:00+00:00,5986.32,5987.82,5974.3,5977.31,504
2026-04-08T17:30:00+00:00,5977.31,5985.82,5977.31,5983.82,666
2026-04-08T17:45:00+00:00,5983.82,5987.8,5981.8,5986.8,332
2026-04-08T18:00:00+00:00,5986.8,5992.82,5984.31,5991.82,167
2026-04-08T18:15:00+00:00,5991.82,5992.82,5964.82,5976.8,1577
2026-04-08T18:30:00+00:00,5976.8,5980.82,5962.32,5963.31,539
2026-04-08T18:45:00+00:00,5963.31,5966.82,5956.8,5958.3,582
2026-04-08T19:00:00+00:00,5958.3,5966.82,5956.81,5965.82,469
2026-04-08T19:15:00+00:00,5965.82,5967.81,5957.8,5961.31,390
2026-04-08T19:30:00+00:00,5961.31,5979.82,5961.3,5979.81,581
2026-04-08T19:45:00+00:00,5979.81,5998.82,5978.3,5994.37,503
2026-04-09T06:00:00+00:00,5994.37,5996.87,5962.1900000000005,5964.68,365.47318339100343
2026-04-09T06:15:00+00:00,5964.68,5966.1900000000005,5958.18,5963.2,259
2026-04-09T06:30:00+00:00,5963.2,5964.2,5959.18,5960.2,430
2026-04-09T06:45:00+00:00,5960.2,5965.2,5951.18,5964.1900000000005,378
2026-04-09T07:00:00+00:00,5964.1900000000005,5973.2,5959.68,5963.7,986
2026-04-09T07:15:00+00:00,5963.7,5963.7,5944.18,5947.68,706
2026-04-09T07:30:00+00:00,5947.68,5950.6900000000005,5938.18,5938.6900000000005,624
2026-04-09T07:45:00+00:00,5938.6900000000005,5943.1900000000005,5929.18,5941.18,604
2026-04-09T08:00:00+00:00,5941.18,5943.18,5930.1900000000005,5932.7,651
2026-04-09T08:15:00+00:00,5932.7,5940.2,5930.18,5931.6900000000005,792
2026-04-09T08:30:00+00:00,5931.6900000000005,5940.2,5931.18,5940.2,747
2026-04-09T08:45:00+00:00,5940.2,5942.2,5928.18,5928.68,473
2026-04-09T09:00:00+00:00,5928.68,5938.6900000000005,5924.1900000000005,5937.1900000000005,493
2026-04-09T09:15:00+00:00,5937.1900000000005,5941.7,5932.18,5936.18,418
2026-04-09T09:30:00+00:00,5936.18,5938.2,5929.18,5930.2,343
2026-04-09T09:45:00+00:00,5930.2,5937.1900000000005,5928.1900000000005,5936.2,279
2026-04-09T10:00:00+00:00,5936.2,5940.2,5930.18,5930.6900000000005,341
2026-04-09T10:15:00+00:00,5930.6900000000005,5940.18,5928.18,5934.18,431
2026-04-09T10:30:00+00:00,5934.18,5938.2,5929.1900000000005,5936.6900000000005,362
2026-04-09T10:45:00+00:00,5936.6900000000005,5937.2,5926.1900000000005,5926.1900000000005,623
2026-04-09T11:00:00+00:00,5926.1900000000005,5933.2,5923.2,5925.1900000000005,643
2026-04-09T11:15:00+00:00,5925.1900000000005,5930.2,5921.1900000000005,5928.6900000000005,428
2026-04-09T11:30:00+00:00,5928.6900000000005,5942.2,5927.68,5940.2,408
2026-04-09T11:45:00+00:00,5940.2,5944.2,5939.1900000000005,5942.18,576
2026-04-09T12:00:00+00:00,5942.18,5946.2,5940.1900000000005,5943.18,420
2026-04-09T12:15:00+00:00,5943.18,5946.7,5938.18,5946.1900000000005,396
2026-04-09T12:30:00+00:00,5946.1900000000005,5951.1900000000005,5936.2,5940.1900000000005,857
2026-04-09T12:45:00+00:00,5940.1900000000005,5943.2,5932.18,5935.6900000000005,513
2026-04-09T13:00:00+00:00,5935.6900000000005,5941.6900000000005,5930.18,5932.7,717
2026-04-09T13:15:00+00:00,5932.7,5937.68,5928.1900000000005,5937.68,268
2026-04-09T13:30:00+00:00,5937.68,5944.2,5935.18,5941.68,973
2026-04-09T13:45:00+00:00,5941.68,5942.2,5930.1900000000005,5937.7,796
2026-04-09T14:00:00+00:00,5937.7,5942.7,5932.18,5937.18,637
2026-04-09T14:15:00+00:00,5937.18,5937.2,5922.18,5926.1900000000005,852
2026-04-09T14:30:00+00:00,5926.1900000000005,5934.2,5925.1900000000005,5928.68,429
2026-04-09T14:45:00+00:00,5928.68,5938.2,5928.1900000000005,5936.18,569
2026-04-09T15:00:00+00:00,5936.18,5941.2,5927.2,5940.2,625
2026-04-09T15:15:00+00:00,5940.2,5954.2,5940.2,5951.2,689
2026-04-09T15:30:00+00:00,5951.2,5979.2,5947.18,5973.2,2260
2026-04-09T15:45:00+00:00,5973.2,5992.2,5970.18,5989.1900000000005,793
2026-04-09T16:00:00+00:00,5989.1900000000005,6003.1900000000005,5988.18,5988.6900000000005,710
2026-04-09T16:15:00+00:00,5988.6900000000005,5998.1900000000005,5988.18,5990.18,510
2026-04-09T16:30:00+00:00,5990.18,5991.68,5981.2,5983.18,503
2026-04-09T16:45:00+00:00,5983.18,5989.2,5978.1900000000005,5986.18,504
2026-04-09T17:00:00+00:00,5986.18,5994.2,5982.1900000000005,5991.7,437
2026-04-09T17:15:00+00:00,5991.7,5997.18,5990.18,5991.1900000000005,475
2026-04-09T17:30:00+00:00,5991.1900000000005,6000.2,5985.1900000000005,5994.2,632
2026-04-09T17:45:00+00:00,5994.2,5996.1900000000005,5990.18,5993.1900000000005,316
2026-04-09T18:00:00+00:00,5993.1900000000005,5994.2,5975.18,5979.1900000000005,863
2026-04-09T18:15:00+00:00,5979.1900000000005,5986.1900000000005,5975.2,5976.7,794
2026-04-09T18:30:00+00:00,5976.7,5981.2,5970.18,5977.1900000000005,607
2026-04-09T18:45:00+00:00,5977.1900000000005,5981.1900000000005,5975.1900000000005,5979.1900000000005,498
2026-04-09T19:00:00+00:00,5979.1900000000005,5989.2,5977.1900000000005,5987.2,418
2026-04-09T19:15:00+00:00,5987.2,5988.68,5982.1900000000005,5987.18,336
2026-04-09T19:30:00+00:00,5987.18,5991.18,5984.6900000000005,5987.2,170
2026-04-09T19:45:00+00:00,5987.2,5989.2,5977.18,5982.24,505
2026-04-10T06:00:00+00:00,5982.24,5989.36,5977.36,5978.36,184.77560975609757
2026-04-10T06:15:00+00:00,5978.36,5980.38,5974.36,5978.86,202
2026-04-10T06:30:00+00:00,5978.86,5979.87,5971.36,5977.87,213
2026-04-10T06:45:00+00:00,5977.87,5981.37,5973.37,5977.87,298
2026-04-10T07:00:00+00:00,5977.87,5985.36,5975.36,5978.36,645
2026-04-10T07:15:00+00:00,5978.36,5984.88,5973.36,5982.86,428
2026-04-10T07:30:00+00:00,5982.86,5988.37,5981.37,5981.37,365
2026-04-10T07:45:00+00:00,5981.37,5991.36,5979.36,5987.36,325
2026-04-10T08:00:00+00:00,5987.36,5988.36,5977.86,5982.87,493
2026-04-10T08:15:00+00:00,5982.87,5991.38,5980.36,5987.36,341
2026-04-10T08:30:00+00:00,5987.36,5990.37,5983.36,5986.86,298
2026-04-10T08:45:00+00:00,5986.86,5988.36,5969.37,5972.36,310
2026-04-10T09:00:00+00:00,5972.36,5980.38,5972.36,5975.38,312
2026-04-10T09:15:00+00:00,5975.38,6016.38,5974.88,5996.37,1792
2026-04-10T09:30:00+00:00,5996.37,6001.87,5989.36,6001.87,573
2026-04-10T09:45:00+00:00,6001.87,6016.38,6000.36,6014.88,650
2026-04-10T10:00:00+00:00,6014.88,6019.38,6001.36,6002.88,491
2026-04-10T10:15:00+00:00,6002.88,6027.37,6002.88,6025.86,362
2026-04-10T10:30:00+00:00,6025.86,6028.38,6019.36,6022.87,301
2026-04-10T10:45:00+00:00,6022.87,6029.88,6021.37,6024.36,347
2026-04-10T11:00:00+00:00,6024.36,6033.36,6021.37,6026.38,359
2026-04-10T11:15:00+00:00,6026.38,6030.87,6022.36,6025.86,220
2026-04-10T11:30:00+00:00,6025.86,6028.38,6023.86,6027.38,351
2026-04-10T11:45:00+00:00,6027.38,6027.87,6016.37,6019.87,204
2026-04-10T12:00:00+00:00,6019.87,6029.36,6017.36,6025.87,278
2026-04-10T12:15:00+00:00,6025.87,6028.87,6021.36,6027.41,267
2026-04-10T12:30:00+00:00,6027.41,6040.38,6025.37,6029.38,789
2026-04-10T12:45:00+00:00,6029.38,6030.38,6021.37,6022.38,318
2026-04-10T13:00:00+00:00,6022.38,6029.87,6019.36,6023.38,469
2026-04-10T13:15:00+00:00,6023.38,6026.37,6021.36,6023.88,334
2026-04-10T13:30:00+00:00,6023.88,6027.38,6012.36,6014.36,1210
2026-04-10T13:45:00+00:00,6014.36,6021.37,6007.36,6020.87,744
2026-04-10T14:00:00+00:00,6020.87,6025.38,6014.87,6024.87,742
2026-04-10T14:15:00+00:00,6024.87,6028.38,6023.36,6028.37,364
2026-04-10T14:30:00+00:00,6028.37,6030.38,6007.38,6012.36,533
2026-04-10T14:45:00+00:00,6012.36,6014.38,6007.36,6008.38,516.1439255442912
2026-04-10T15:00:00+00:00,6008.38,6018.88,6003.38,6016.87,362
2026-04-10T15:15:00+00:00,6016.87,6018.88,6004.86,6005.37,418
2026-04-10T15:30:00+00:00,6005.37,6007.88,5986.88,5991.87,747
2026-04-10T15:45:00+00:00,5991.87,5991.88,5978.88,5980.37,690
2026-04-10T16:00:00+00:00,5980.37,5985.88,5974.88,5985.37,413
2026-04-10T16:15:00+00:00,5985.37,5988.87,5980.87,5983.36,272
2026-04-10T16:30:00+00:00,5983.36,5985.86,5974.86,5976.36,402
2026-04-10T16:45:00+00:00,5976.36,5987.87,5975.86,5985.37,446
2026-04-10T17:00:00+00:00,5985.37,5985.38,5973.86,5975.87,433
2026-04-10T17:15:00+00:00,5975.87,5976.36,5970.36,5971.87,248
2026-04-10T17:30:00+00:00,5971.87,5978.86,5969.86,5977.86,204
2026-04-10T17:45:00+00:00,5977.86,5983.88,5976.86,5983.36,211
2026-04-10T18:00:00+00:00,5983.36,5983.38,5977.86,5980.36,359
2026-04-10T18:15:00+00:00,5980.36,5987.88,5980.36,5985.88,251
2026-04-10T18:30:00+00:00,5985.88,5988.88,5983.86,5985.36,348
2026-04-10T18:45:00+00:00,5985.36,5988.88,5983.86,5987.87,157
2026-04-10T19:00:00+00:00,5987.87,5992.87,5987.86,5991.88,140.6390605686032
2026-04-10T19:15:00+00:00,5991.88,5992.86,5988.86,5989.87,91
2026-04-10T19:30:00+00:00,5989.87,5991.38,5986.86,5990.86,279
2026-04-10T19:45:00+00:00,5990.86,5996.87,5988.36,5994.42,272
2026-04-13T06:00:00+00:00,5994.42,6002.92,5931.52,5934.03,321.1077738515901
2026-04-13T06:15:00+00:00,5934.03,5946.54,5933.52,5941.53,194
2026-04-13T06:30:00+00:00,5941.53,5942.54,5931.54,5938.54,257
2026-04-13T06:45:00+00:00,5938.54,5944.04,5934.54,5943.03,357
2026-04-13T07:00:00+00:00,5943.03,5952.52,5942.54,5950.52,774
2026-04-13T07:15:00+00:00,5950.52,5953.54,5946.54,5952.52,559
2026-04-13T07:30:00+00:00,5952.52,5954.53,5945.52,5953.52,459
2026-04-13T07:45:00+00:00,5953.52,5954.54,5947.52,5950.54,267
2026-04-13T08:00:00+00:00,5950.54,5957.54,5944.52,5946.54,509
2026-04-13T08:15:00+00:00,5946.54,5955.04,5944.52,5950.53,413
2026-04-13T08:30:00+00:00,5950.53,5954.53,5941.53,5944.52,325
2026-04-13T08:45:00+00:00,5944.52,5947.54,5941.52,5947.03,310
2026-04-13T09:00:00+00:00,5947.03,5955.54,5947.03,5951.04,520
2026-04-13T09:15:00+00:00,5951.04,5957.54,5950.52,5954.52,274
2026-04-13T09:30:00+00:00,5954.52,5957.52,5950.52,5951.02,142
2026-04-13T09:45:00+00:00,5951.02,5952.03,5944.52,5947.04,111
2026-04-13T10:00:00+00:00,5947.04,5952.53,5945.52,5952.53,169
2026-04-13T10:15:00+00:00,5952.53,5953.53,5946.54,5949.02,122.75054229934923
2026-04-13T10:30:00+00:00,5949.02,5951.54,5946.52,5947.04,132.94243577545194
2026-04-13T10:45:00+00:00,5947.04,5952.52,5946.52,5952.52,226
2026-04-13T11:00:00+00:00,5952.52,5960.53,5949.52,5952.02,430
2026-04-13T11:15:00+00:00,5952.02,5953.54,5942.52,5944.04,241
2026-04-13T11:30:00+00:00,5944.04,5948.54,5932.54,5940.02,386
2026-04-13T11:45:00+00:00,5940.02,5942.54,5928.52,5931.03,482
2026-04-13T12:00:00+00:00,5931.03,5942.54,5926.53,5940.04,503
2026-04-13T12:15:00+00:00,5940.04,5941.54,5937.52,5939.54,214
2026-04-13T12:30:00+00:00,5939.54,5942.54,5935.52,5937.52,351
2026-04-13T12:45:00+00:00,5937.52,5947.54,5937.52,5947.02,327
2026-04-13T13:00:00+00:00,5947.02,5951.52,5944.53,5947.54,184
2026-04-13T13:15:00+00:00,5947.54,5958.53,5947.54,5956.02,199
2026-04-13T13:30:00+00:00,5956.02,5960.54,5953.52,5957.03,520
2026-04-13T13:45:00+00:00,5957.03,5985.54,5954.03,5981.54,1473
2026-04-13T14:00:00+00:00,5981.54,5981.54,5971.52,5978.52,911
2026-04-13T14:15:00+00:00,5978.52,5983.54,5970.52,5980.02,1292
2026-04-13T14:30:00+00:00,5980.02,5987.54,5978.52,5985.53,599
2026-04-13T14:45:00+00:00,5985.53,5989.54,5978.04,5987.02,496
2026-04-13T15:00:00+00:00,5987.02,5991.53,5976.53,5989.02,695
2026-04-13T15:15:00+00:00,5989.02,5990.52,5982.53,5986.04,229
2026-04-13T15:30:00+00:00,5986.04,5993.53,5982.53,5986.04,371
2026-04-13T15:45:00+00:00,5986.04,5986.04,5975.02,5980.54,331
2026-04-13T16:00:00+00:00,5980.54,5992.52,5975.02,5985.53,743
2026-04-13T16:15:00+00:00,5985.53,6002.54,5984.52,5999.03,669
2026-04-13T16:30:00+00:00,5999.03,6008.54,5995.52,6003.52,1653
2026-04-13T16:45:00+00:00,6003.52,6019.54,6002.52,6011.02,871
2026-04-13T17:00:00+00:00,6011.02,6015.53,6009.52,6014.52,238
2026-04-13T17:15:00+00:00,6014.52,6018.03,6013.02,6015.04,287
2026-04-13T17:30:00+00:00,6015.04,6016.54,6013.02,6013.52,149
2026-04-13T17:45:00+00:00,6013.52,6013.54,6009.53,6010.53,206
2026-04-13T18:00:00+00:00,6010.53,6017.53,6010.53,6016.52,154
2026-04-13T18:15:00+00:00,6016.52,6016.54,6011.02,6012.02,124.1002138710663
2026-04-13T18:30:00+00:00,6012.02,6014.54,6011.52,6014.54,160
2026-04-13T18:45:00+00:00,6014.54,6020.04,6014.54,6017.03,146.0547112462006
2026-04-13T19:00:00+00:00,6017.03,6019.54,6012.54,6013.53,70.11068029608742
2026-04-13T19:15:00+00:00,6013.53,6018.54,6013.03,6017.54,37.190625
2026-04-13T19:30:00+00:00,6017.54,6019.54,6012.52,6012.54,103
2026-04-13T19:45:00+00:00,6012.54,6025.59,6010.02,6025.08,262
2026-04-14T06:00:00+00:00,6025.08,6026.58,6012.29,6015.31,251.79703356752538
2026-04-14T06:15:00+00:00,6015.31,6020.31,6012.29,6017.29,201
2026-04-14T06:30:00+00:00,6017.29,6028.31,6016.29,6026.3,332
2026-04-14T06:45:00+00:00,6026.3,6028.3,6018.29,6025.3,223
2026-04-14T07:00:00+00:00,6025.3,6039.31,6017.29,6035.29,1360
2026-04-14T07:15:00+00:00,6035.29,6040.3,6028.29,6037.3,874
2026-04-14T07:30:00+00:00,6037.3,6047.31,6036.79,6039.81,566
2026-04-14T07:45:00+00:00,6039.81,6045.29,6034.8,6044.31,436
2026-04-14T08:00:00+00:00,6044.31,6046.81,6036.29,6044.3,599
2026-04-14T08:15:00+00:00,6044.3,6050.31,6041.29,6049.31,369
2026-04-14T08:30:00+00:00,6049.31,6053.31,6043.31,6048.81,402
2026-04-14T08:45:00+00:00,6048.81,6057.31,6047.8,6056.81,388
2026-04-14T09:00:00+00:00,6056.81,6061.31,6051.3,6055.31,315
2026-04-14T09:15:00+00:00,6055.31,6056.29,6048.29,6048.31,322
2026-04-14T09:30:00+00:00,6048.31,6048.81,6041.29,6043.81,370
2026-04-14T09:45:00+00:00,6043.81,6044.31,6038.29,6043.79,241
2026-04-14T10:00:00+00:00,6043.79,6046.31,6039.29,6042.79,347
2026-04-14T10:15:00+00:00,6042.79,6047.3,6041.31,6042.8,251
2026-04-14T10:30:00+00:00,6042.8,6043.31,6033.31,6033.8,333
2026-04-14T10:45:00+00:00,6033.8,6040.31,6033.31,6035.8,226
2026-04-14T11:00:00+00:00,6035.8,6039.31,6033.29,6034.3,192
2026-04-14T11:15:00+00:00,6034.3,6046.31,6032.31,6045.8,177
2026-04-14T11:30:00+00:00,6045.8,6047.31,6042.29,6044.31,174
2026-04-14T11:45:00+00:00,6044.31,6060.31,6040.29,6050.31,707
2026-04-14T12:00:00+00:00,6050.31,6054.81,6049.29,6051.8,421
2026-04-14T12:15:00+00:00,6051.8,6060.31,6048.29,6060.3,259
2026-04-14T12:30:00+00:00,6060.3,6074.29,6051.81,6055.29,839
2026-04-14T12:45:00+00:00,6055.29,6056.31,6049.29,6053.81,294
2026-04-14T13:00:00+00:00,6053.81,6057.31,6051.29,6056.79,291
2026-04-14T13:15:00+00:00,6056.79,6061.31,6054.29,6056.79,401
2026-04-14T13:30:00+00:00,6056.79,6060.31,6048.29,6054.3,1097
2026-04-14T13:45:00+00:00,6054.3,6057.81,6046.3,6056.29,610
2026-04-14T14:00:00+00:00,6056.29,6067.31,6054.29,6066.31,597
2026-04-14T14:15:00+00:00,6066.31,6066.79,6056.8,6061.81,590
2026-04-14T14:30:00+00:00,6061.81,6066.31,6058.29,6063.29,506
2026-04-14T14:45:00+00:00,6063.29,6068.31,6063.29,6066.8,348
2026-04-14T15:00:00+00:00,6066.8,6067.8,6057.29,6057.31,411
2026-04-14T15:15:00+00:00,6057.31,6069.31,6055.8,6064.29,449
2026-04-14T15:30:00+00:00,6064.29,6072.81,6062.29,6071.31,329
2026-04-14T15:45:00+00:00,6071.31,6073.79,6067.79,6068.3,188
2026-04-14T16:00:00+00:00,6068.3,6071.3,6066.81,6068.3,135
2026-04-14T16:15:00+00:00,6068.3,6073.8,6066.29,6069.81,126
2026-04-14T16:30:00+00:00,6069.81,6070.31,6062.31,6063.3,150
2026-04-14T16:45:00+00:00,6063.3,6063.81,6057.81,6059.3,112.076
2026-04-14T17:00:00+00:00,6059.3,6063.31,6059.3,6062.31,115.86034019695613
2026-04-14T17:15:00+00:00,6062.31,6067.81,6061.3,6065.31,92
2026-04-14T17:30:00+00:00,6065.31,6067.31,6064.3,6067.29,67
2026-04-14T17:45:00+00:00,6067.29,6067.31,6063.29,6063.8,129
2026-04-14T18:00:00+00:00,6063.8,6070.31,6063.8,6069.29,157
2026-04-14T18:15:00+00:00,6069.29,6069.31,6059.8,6063.3,447
2026-04-14T18:30:00+00:00,6063.3,6066.31,6063.29,6063.31,203
2026-04-14T18:45:00+00:00,6063.31,6067.29,6062.29,6066.31,105
2026-04-14T19:00:00+00:00,6066.31,6070.3,6066.29,6070.29,134.30251419302513
2026-04-14T19:15:00+00:00,6070.29,6073.31,6070.29,6073.31,105
2026-04-14T19:30:00+00:00,6073.31,6073.81,6067.29,6068.79,192.7262984336356
2026-04-14T19:45:00+00:00,6068.79,6071.31,6063.29,6069.35,231
2026-04-15T06:00:00+00:00,6069.35,6071.35,6049.6,6052.11,129.68786433492318
2026-04-15T06:15:00+00:00,6052.11,6058.62,6051.1,6058.62,126
2026-04-15T06:30:00+00:00,6058.62,6061.62,6056.61,6060.6,169
2026-04-15T06:45:00+00:00,6060.6,6061.62,6057.6,6061.61,176
2026-04-15T07:00:00+00:00,6061.61,6064.62,6052.6,6055.12,688
2026-04-15T07:15:00+00:00,6055.12,6057.62,6049.6,6052.61,370
2026-04-15T07:30:00+00:00,6052.61,6057.6,6050.6,6055.62,279
2026-04-15T07:45:00+00:00,6055.62,6055.62,6046.61,6053.12,430
2026-04-15T08:00:00+00:00,6053.12,6056.61,6047.11,6053.11,286
2026-04-15T08:15:00+00:00,6053.11,6062.12,6051.6,6061.11,213
2026-04-15T08:30:00+00:00,6061.11,6066.62,6057.6,6061.6,235
2026-04-15T08:45:00+00:00,6061.6,6064.61,6058.6,6062.62,183
2026-04-15T09:00:00+00:00,6062.62,6064.62,6047.11,6054.1,664
2026-04-15T09:15:00+00:00,6054.1,6058.62,6047.6,6050.11,281
2026-04-15T09:30:00+00:00,6050.11,6053.62,6046.61,6050.6,315
2026-04-15T09:45:00+00:00,6050.6,6051.62,6045.6,6045.62,260
2026-04-15T10:00:00+00:00,6045.62,6053.6,6044.6,6047.11,359
2026-04-15T10:15:00+00:00,6047.11,6047.11,6032.6,6035.62,759
2026-04-15T10:30:00+00:00,6035.62,6049.61,6032.6,6047.11,569
2026-04-15T10:45:00+00:00,6047.11,6050.62,6042.1,6045.61,349
2026-04-15T11:00:00+00:00,6045.61,6049.62,6041.6,6048.62,221
2026-04-15T11:15:00+00:00,6048.62,6048.62,6041.62,6042.61,217
2026-04-15T11:30:00+00:00,6042.61,6049.62,6041.6,6044.62,379
2026-04-15T11:45:00+00:00,6044.62,6067.11,6040.6,6043.6,861
2026-04-15T12:00:00+00:00,6043.6,6043.62,6028.6,6028.6,581
2026-04-15T12:15:00+00:00,6028.6,6030.62,6024.62,6028.61,293
2026-04-15T12:30:00+00:00,6028.61,6040.62,6026.6,6040.11,263
2026-04-15T12:45:00+00:00,6040.11,6040.62,6035.6,6039.12,241
2026-04-15T13:00:00+00:00,6039.12,6044.62,6034.6,6043.12,249
2026-04-15T13:15:00+00:00,6043.12,6045.61,6038.6,6041.62,227
2026-04-15T13:30:00+00:00,6041.62,6042.61,6022.6,6023.11,1025
2026-04-15T13:45:00+00:00,6023.11,6030.12,6020.61,6030.11,479
2026-04-15T14:00:00+00:00,6030.11,6034.61,6026.11,6033.12,383
2026-04-15T14:15:00+00:00,6033.12,6038.62,6025.6,6037.11,425
2026-04-15T14:30:00+00:00,6037.11,6037.62,6026.6,6029.11,379
2026-04-15T14:45:00+00:00,6029.11,6029.62,6023.6,6027.09,172.4184064763528
2026-04-15T15:00:00+00:00,6027.09,6036.080000000001,6024.580000000001,6032.59,289
2026-04-15T15:15:00+00:00,6032.59,6035.1,6028.080000000001,6030.59,271
2026-04-15T15:30:00+00:00,6030.59,6033.080000000001,6025.080000000001,6027.1,240
2026-04-15T15:45:00+00:00,6027.1,6027.1,6019.080000000001,6020.59,119
2026-04-15T16:00:00+00:00,6020.59,6023.1,6018.080000000001,6022.1,132
2026-04-15T16:15:00+00:00,6022.1,6026.1,6020.080000000001,6023.1,109
2026-04-15T16:30:00+00:00,6023.1,6023.1,6007.59,6009.59,265
2026-04-15T16:45:00+00:00,6009.59,6012.1,6003.09,6007.09,420
2026-04-15T17:00:00+00:00,6007.09,6012.6,6007.080000000001,6009.580000000001,180
2026-04-15T17:15:00+00:00,6009.580000000001,6012.1,6009.080000000001,6010.1,83
2026-04-15T17:30:00+00:00,6010.1,6013.1,6007.080000000001,6007.580000000001,70
2026-04-15T17:45:00+00:00,6007.580000000001,6008.09,6005.080000000001,6005.1,75
2026-04-15T18:00:00+00:00,6005.1,6016.080000000001,6003.080000000001,6012.59,414
2026-04-15T18:15:00+00:00,6012.59,6014.1,6010.09,6013.080000000001,151
2026-04-15T18:30:00+00:00,6013.080000000001,6018.09,6013.080000000001,6015.1,141
2026-04-15T18:45:00+00:00,6015.1,6020.080000000001,6015.080000000001,6019.1,94
2026-04-15T19:00:00+00:00,6019.1,6021.1,6016.1,6018.6,110
2026-04-15T19:15:00+00:00,6018.6,6026.59,6017.09,6026.59,82.00610997963341
2026-04-15T19:30:00+00:00,6026.59,6029.1,6023.580000000001,6027.080000000001,154
2026-04-15T19:45:00+00:00,6027.080000000001,6031.6,6026.580000000001,6029.630000000001,124
2026-04-16T06:00:00+00:00,6029.630000000001,6051.670000000001,6027.630000000001,6048.670000000001,174.9356089992242
2026-04-16T06:15:00+00:00,6048.670000000001,6050.6900000000005,6045.670000000001,6049.170000000001,147
2026-04-16T06:30:00+00:00,6049.170000000001,6051.68,6044.68,6049.6900000000005,151
2026-04-16T06:45:00+00:00,6049.6900000000005,6049.6900000000005,6042.670000000001,6046.6900000000005,163
2026-04-16T07:00:00+00:00,6046.6900000000005,6047.6900000000005,6038.670000000001,6040.68,595
2026-04-16T07:15:00+00:00,6040.68,6049.6900000000005,6039.670000000001,6049.18,301
2026-04-16T07:30:00+00:00,6049.18,6051.6900000000005,6042.670000000001,6048.68,308
2026-04-16T07:45:00+00:00,6048.68,6048.68,6041.68,6046.18,244
2026-04-16T08:00:00+00:00,6046.18,6047.1900000000005,6033.68,6034.6900000000005,324
2026-04-16T08:15:00+00:00,6034.6900000000005,6040.68,6032.170000000001,6035.670000000001,421
2026-04-16T08:30:00+00:00,6035.670000000001,6038.6900000000005,6033.68,6037.18,250
2026-04-16T08:45:00+00:00,6037.18,6039.6900000000005,6034.670000000001,6038.6900000000005,195
2026-04-16T09:00:00+00:00,6038.6900000000005,6045.670000000001,6036.670000000001,6045.18,178
2026-04-16T09:15:00+00:00,6045.18,6048.6900000000005,6042.670000000001,6043.6900000000005,233
2026-04-16T09:30:00+00:00,6043.6900000000005,6045.6900000000005,6040.6900000000005,6042.18,182.578745811393
2026-04-16T09:45:00+00:00,6042.18,6044.6900000000005,6040.670000000001,6043.670000000001,145
2026-04-16T10:00:00+00:00,6043.670000000001,6051.6900000000005,6043.670000000001,6050.68,174
2026-04-16T10:15:00+00:00,6050.68,6051.670000000001,6044.670000000001,6046.170000000001,139
2026-04-16T10:30:00+00:00,6046.170000000001,6046.670000000001,6040.670000000001,6040.68,266
2026-04-16T10:45:00+00:00,6040.68,6045.68,6037.68,6044.18,168
2026-04-16T11:00:00+00:00,6044.18,6046.6900000000005,6043.670000000001,6044.670000000001,170
2026-04-16T11:15:00+00:00,6044.670000000001,6046.6900000000005,6042.170000000001,6044.170000000001,123
2026-04-16T11:30:00+00:00,6044.170000000001,6049.68,6044.170000000001,6048.6900000000005,143
2026-04-16T11:45:00+00:00,6048.6900000000005,6051.6900000000005,6045.670000000001,6051.18,236
2026-04-16T12:00:00+00:00,6051.18,6053.6900000000005,6045.670000000001,6050.170000000001,218
2026-04-16T12:15:00+00:00,6050.170000000001,6051.6900000000005,6047.670000000001,6048.670000000001,124
2026-04-16T12:30:00+00:00,6048.670000000001,6051.1900000000005,6045.670000000001,6049.670000000001,134
2026-04-16T12:45:00+00:00,6049.670000000001,6052.6900000000005,6047.670000000001,6050.6900000000005,181
2026-04-16T13:00:00+00:00,6050.6900000000005,6055.6900000000005,6049.670000000001,6052.68,177
2026-04-16T13:15:00+00:00,6052.68,6054.6900000000005,6051.18,6051.6900000000005,222
2026-04-16T13:30:00+00:00,6051.6900000000005,6052.670000000001,6033.6900000000005,6036.6900000000005,731
2026-04-16T13:45:00+00:00,6036.6900000000005,6036.6900000000005,6010.6900000000005,6024.170000000001,924
2026-04-16T14:00:00+00:00,6024.170000000001,6030.6900000000005,6019.670000000001,6025.18,844
2026-04-16T14:15:00+00:00,6025.18,6026.6900000000005,6011.670000000001,6014.68,1080
2026-04-16T14:30:00+00:00,6014.68,6019.6900000000005,6010.6900000000005,6016.170000000001,733
2026-04-16T14:45:00+00:00,6016.170000000001,6019.18,6012.670000000001,6015.18,775
2026-04-16T15:00:00+00:00,6015.18,6027.6900000000005,6014.670000000001,6023.170000000001,408
2026-04-16T15:15:00+00:00,6023.170000000001,6026.6900000000005,6014.68,6014.68,308
2026-04-16T15:30:00+00:00,6014.68,6026.6900000000005,6009.670000000001,6014.170000000001,660
2026-04-16T15:45:00+00:00,6014.170000000001,6018.68,6009.670000000001,6010.68,295
2026-04-16T16:00:00+00:00,6010.68,6012.6900000000005,6006.670000000001,6008.68,170
2026-04-16T16:15:00+00:00,6008.68,6011.670000000001,6002.6900000000005,6005.18,117
2026-04-16T16:30:00+00:00,6005.18,6005.68,5989.68,5997.6900000000005,504
2026-04-16T16:45:00+00:00,5997.6900000000005,6001.6900000000005,5991.670000000001,5992.68,363
2026-04-16T17:00:00+00:00,5992.68,5992.68,5983.68,5983.6900000000005,253
2026-04-16T17:15:00+00:00,5983.6900000000005,5992.6900000000005,5982.670000000001,5989.68,289
2026-04-16T17:30:00+00:00,5989.68,5996.670000000001,5989.670000000001,5994.6900000000005,223
2026-04-16T17:45:00+00:00,5994.6900000000005,5995.6900000000005,5988.670000000001,5992.18,297
2026-04-16T18:00:00+00:00,5992.18,5998.670000000001,5988.670000000001,5993.1900000000005,574
2026-04-16T18:15:00+00:00,5993.1900000000005,5995.6900000000005,5989.670000000001,5991.170000000001,334
2026-04-16T18:30:00+00:00,5991.170000000001,5997.1900000000005,5990.670000000001,5995.68,252
2026-04-16T18:45:00+00:00,5995.68,5998.6900000000005,5994.670000000001,5997.670000000001,235
2026-04-16T19:00:00+00:00,5997.670000000001,6000.6900000000005,5995.170000000001,5995.68,143
2026-04-16T19:15:00+00:00,5995.68,5999.6900000000005,5995.68,5998.18,78
2026-04-16T19:30:00+00:00,5998.18,6000.6900000000005,5997.68,5998.68,133
2026-04-16T19:45:00+00:00,5998.68,6004.68,5995.670000000001,6000.72,176
2026-04-17T06:00:00+00:00,6000.72,6008.110000000001,6000.72,6005.09,123.61812990720914
2026-04-17T06:15:00+00:00,6005.09,6008.09,5999.09,6000.110000000001,126
2026-04-17T06:30:00+00:00,6000.110000000001,6001.610000000001,5997.09,6000.59,156
2026-04-17T06:45:00+00:00,6000.59,6004.1,6000.09,6002.1,198
2026-04-17T07:00:00+00:00,6002.1,6018.09,6000.110000000001,6017.09,501
2026-04-17T07:15:00+00:00,6017.09,6024.110000000001,6015.09,6021.1,219
2026-04-17T07:30:00+00:00,6021.1,6028.1,6020.6,6027.6,191
2026-04-17T07:45:00+00:00,6027.6,6032.110000000001,6023.09,6030.6,215
2026-04-17T08:00:00+00:00,6030.6,6034.110000000001,6028.6,6030.6,282
2026-04-17T08:15:00+00:00,6030.6,6035.1,6028.09,6034.6,195
2026-04-17T08:30:00+00:00,6034.6,6042.1,6030.09,6041.110000000001,320
2026-04-17T08:45:00+00:00,6041.110000000001,6044.110000000001,6039.09,6044.1,169
2026-04-17T09:00:00+00:00,6044.1,6045.110000000001,6040.09,6043.1,194
2026-04-17T09:15:00+00:00,6043.1,6046.110000000001,6037.09,6045.1,203
2026-04-17T09:30:00+00:00,6045.1,6050.110000000001,6043.1,6048.1,129
2026-04-17T09:45:00+00:00,6048.1,6059.1,6046.59,6052.1,206
2026-04-17T10:00:00+00:00,6052.1,6052.1,6045.59,6048.09,236
2026-04-17T10:15:00+00:00,6048.09,6051.110000000001,6044.09,6046.59,141
2026-04-17T10:30:00+00:00,6046.59,6047.110000000001,6040.09,6041.09,184
2026-04-17T10:45:00+00:00,6041.09,6043.110000000001,6040.09,6042.610000000001,156
2026-04-17T11:00:00+00:00,6042.610000000001,6046.1,6032.09,6032.09,225
2026-04-17T11:15:00+00:00,6032.09,6037.110000000001,6031.09,6031.6,95
2026-04-17T11:30:00+00:00,6031.6,6036.110000000001,6031.6,6035.110000000001,106
2026-04-17T11:45:00+00:00,6035.110000000001,6037.1,6031.59,6035.6,113
2026-04-17T12:00:00+00:00,6035.6,6041.110000000001,6034.09,6039.1,114
2026-04-17T12:15:00+00:00,6039.1,6056.110000000001,6036.1,6052.610000000001,598
2026-04-17T12:30:00+00:00,6052.610000000001,6058.1,6049.09,6051.1,376
2026-04-17T12:45:00+00:00,6051.1,6128.110000000001,6049.09,6120.1,3405
2026-04-17T13:00:00+00:00,6120.1,6152.09,6115.110000000001,6138.59,1731
2026-04-17T13:15:00+00:00,6138.59,6143.6,6124.6,6127.1,1683
2026-04-17T13:30:00+00:00,6127.1,6137.110000000001,6121.09,6129.1,1744
2026-04-17T13:45:00+00:00,6129.1,6133.610000000001,6109.09,6129.110000000001,1630
2026-04-17T14:00:00+00:00,6129.110000000001,6139.110000000001,6124.6,6137.6,552
2026-04-17T14:15:00+00:00,6137.6,6150.610000000001,6130.09,6139.610000000001,764
2026-04-17T14:30:00+00:00,6139.610000000001,6159.09,6137.09,6155.59,872
2026-04-17T14:45:00+00:00,6155.59,6156.110000000001,6148.09,6150.08,520.3382050876916
2026-04-17T15:00:00+00:00,6150.08,6153.09,6139.59,6142.07,998
2026-04-17T15:15:00+00:00,6142.07,6145.09,6134.07,6139.09,518
2026-04-17T15:30:00+00:00,6139.09,6151.08,6137.07,6145.07,610
2026-04-17T15:45:00+00:00,6145.07,6151.08,6136.07,6137.07,506
2026-04-17T16:00:00+00:00,6137.07,6140.09,6132.59,6133.07,281
2026-04-17T16:15:00+00:00,6133.07,6135.09,6126.08,6134.59,213
2026-04-17T16:30:00+00:00,6134.59,6138.09,6133.07,6136.57,184
2026-04-17T16:45:00+00:00,6136.57,6138.09,6135.07,6135.58,171
2026-04-17T17:00:00+00:00,6135.58,6138.09,6117.08,6128.09,393
2026-04-17T17:15:00+00:00,6128.09,6129.09,6105.07,6111.09,1143
2026-04-17T17:30:00+00:00,6111.09,6115.09,6107.09,6112.07,541
2026-04-17T17:45:00+00:00,6112.07,6124.08,6111.07,6122.07,290
2026-04-17T18:00:00+00:00,6122.07,6124.09,6112.07,6112.57,318
2026-04-17T18:15:00+00:00,6112.57,6123.09,6112.07,6116.08,526
2026-04-17T18:30:00+00:00,6116.08,6121.09,6114.07,6116.07,209
2026-04-17T18:45:00+00:00,6116.07,6119.09,6110.08,6115.59,235
2026-04-17T19:00:00+00:00,6115.59,6119.09,6112.07,6115.59,106.9405785770133
2026-04-17T19:15:00+00:00,6115.59,6119.07,6114.07,6114.09,104
2026-04-17T19:30:00+00:00,6114.09,6124.09,6114.09,6124.08,92
2026-04-17T19:45:00+00:00,6124.08,6127.08,6119.07,6124.64,118
2026-04-20T06:00:00+00:00,6124.64,6128.64,6052.01,6053.53,393.5642570281125
2026-04-20T06:15:00+00:00,6053.53,6054.03,6048.03,6050.03,307
2026-04-20T06:30:00+00:00,6050.03,6060.03,6050.03,6054.53,307
2026-04-20T06:45:00+00:00,6054.53,6062.03,6048.01,6058.02,532
2026-04-20T07:00:00+00:00,6058.02,6074.03,6051.01,6074.02,1252
2026-04-20T07:15:00+00:00,6074.02,6079.02,6061.01,6064.02,539
2026-04-20T07:30:00+00:00,6064.02,6066.01,6052.01,6057.51,964
2026-04-20T07:45:00+00:00,6057.51,6060.01,6050.02,6059.52,425
2026-04-20T08:00:00+00:00,6059.52,6063.03,6048.01,6051.51,676
2026-04-20T08:15:00+00:00,6051.51,6059.03,6049.02,6057.51,486
2026-04-20T08:30:00+00:00,6057.51,6058.02,6052.01,6054.03,400
2026-04-20T08:45:00+00:00,6054.03,6064.03,6053.02,6059.52,446
2026-04-20T09:00:00+00:00,6059.52,6068.03,6055.01,6060.03,414
2026-04-20T09:15:00+00:00,6060.03,6064.51,6057.01,6064.51,246
2026-04-20T09:30:00+00:00,6064.51,6066.52,6059.01,6064.01,176
2026-04-20T09:45:00+00:00,6064.01,6064.01,6055.02,6055.51,176
2026-04-20T10:00:00+00:00,6055.51,6067.03,6054.02,6060.02,240
2026-04-20T10:15:00+00:00,6060.02,6066.03,6057.01,6059.03,256
2026-04-20T10:30:00+00:00,6059.03,6061.03,6052.51,6054.02,114
2026-04-20T10:45:00+00:00,6054.02,6057.03,6052.01,6056.51,180
2026-04-20T11:00:00+00:00,6056.51,6060.02,6049.02,6059.53,216
2026-04-20T11:15:00+00:00,6059.53,6059.53,6056.01,6056.03,207
2026-04-20T11:30:00+00:00,6056.03,6061.01,6052.01,6057.02,379
2026-04-20T11:45:00+00:00,6057.02,6063.03,6056.01,6059.51,245
2026-04-20T12:00:00+00:00,6059.51,6063.01,6053.01,6059.01,414
2026-04-20T12:15:00+00:00,6059.01,6063.03,6056.02,6057.03,207
2026-04-20T12:30:00+00:00,6057.03,6062.02,6054.01,6060.03,266
2026-04-20T12:45:00+00:00,6060.03,6062.02,6055.01,6056.51,138
2026-04-20T13:00:00+00:00,6056.51,6074.02,6053.01,6071.02,832
2026-04-20T13:15:00+00:00,6071.02,6082.03,6069.02,6081.03,527
2026-04-20T13:30:00+00:00,6081.03,6087.03,6075.01,6079.01,1509
2026-04-20T13:45:00+00:00,6079.01,6083.03,6075.01,6082.51,711
2026-04-20T14:00:00+00:00,6082.51,6082.51,6065.01,6070.52,481
2026-04-20T14:15:00+00:00,6070.52,6075.03,6069.01,6074.53,490
2026-04-20T14:30:00+00:00,6074.53,6077.03,6065.01,6069.51,574
2026-04-20T14:45:00+00:00,6069.51,6073.03,6044.02,6057.03,1925
2026-04-20T15:00:00+00:00,6057.03,6061.03,6053.01,6058.52,677
2026-04-20T15:15:00+00:00,6058.52,6072.03,6057.01,6071.53,812
2026-04-20T15:30:00+00:00,6071.53,6073.02,6062.01,6063.03,434
2026-04-20T15:45:00+00:00,6063.03,6066.03,6061.02,6065.03,330
2026-04-20T16:00:00+00:00,6065.03,6065.03,6060.01,6064.01,372
2026-04-20T16:15:00+00:00,6064.01,6067.01,6059.02,6063.51,242
2026-04-20T16:30:00+00:00,6063.51,6065.53,6060.01,6063.02,287
2026-04-20T16:45:00+00:00,6063.02,6065.02,6061.01,6062.52,88
2026-04-20T17:00:00+00:00,6062.52,6070.03,6062.52,6069.01,283
2026-04-20T17:15:00+00:00,6069.01,6070.03,6067.01,6067.01,140.75788061703554
2026-04-20T17:30:00+00:00,6067.01,6074.01,6065.01,6071.03,256
2026-04-20T17:45:00+00:00,6071.03,6073.02,6069.02,6070.01,205
2026-04-20T18:00:00+00:00,6070.01,6076.02,6067.02,6073.01,350
2026-04-20T18:15:00+00:00,6073.01,6076.02,6069.01,6071.03,246
2026-04-20T18:30:00+00:00,6071.03,6074.03,6069.01,6073.03,249
2026-04-20T18:45:00+00:00,6073.03,6078.03,6072.01,6076.03,84
2026-04-20T19:00:00+00:00,6076.03,6080.03,6075.02,6080.02,87
2026-04-20T19:15:00+00:00,6080.02,6080.03,6078.01,6078.52,69.05160490425678
2026-04-20T19:30:00+00:00,6078.52,6080.03,6075.02,6076.02,107
2026-04-20T19:45:00+00:00,6076.02,6083.56,6075.01,6082.57,159
2026-04-21T06:00:00+00:00,6082.57,6090.04,6080.55,6082.06,133.26911499096929
2026-04-21T06:15:00+00:00,6082.06,6083.06,6078.04,6080.06,144
2026-04-21T06:30:00+00:00,6080.06,6084.06,6079.04,6083.05,122
2026-04-21T06:45:00+00:00,6083.05,6083.56,6080.06,6082.06,136
2026-04-21T07:00:00+00:00,6082.06,6085.05,6071.05,6077.55,449
2026-04-21T07:15:00+00:00,6077.55,6082.06,6076.04,6080.05,323
2026-04-21T07:30:00+00:00,6080.05,6082.06,6073.05,6080.55,287
2026-04-21T07:45:00+00:00,6080.55,6090.04,6079.04,6080.54,325
2026-04-21T08:00:00+00:00,6080.54,6082.06,6073.04,6074.05,548
2026-04-21T08:15:00+00:00,6074.05,6089.06,6074.05,6087.06,236
2026-04-21T08:30:00+00:00,6087.06,6093.06,6082.04,6091.55,340
2026-04-21T08:45:00+00:00,6091.55,6092.06,6086.04,6086.04,235
2026-04-21T09:00:00+00:00,6086.04,6090.06,6078.06,6087.55,279
2026-04-21T09:15:00+00:00,6087.55,6094.06,6087.55,6090.06,134
2026-04-21T09:30:00+00:00,6090.06,6092.56,6089.04,6092.06,138
2026-04-21T09:45:00+00:00,6092.06,6101.06,6092.06,6094.54,175.38646616541354
2026-04-21T10:00:00+00:00,6094.54,6097.05,6090.04,6090.55,136
2026-04-21T10:15:00+00:00,6090.55,6092.06,6087.05,6088.56,76
2026-04-21T10:30:00+00:00,6088.56,6097.06,6088.04,6094.06,136
2026-04-21T10:45:00+00:00,6094.06,6099.06,6093.04,6098.06,123
2026-04-21T11:00:00+00:00,6098.06,6099.06,6084.06,6088.04,483
2026-04-21T11:15:00+00:00,6088.04,6094.05,6085.05,6093.05,198
2026-04-21T11:30:00+00:00,6093.05,6096.06,6089.05,6089.56,147
2026-04-21T11:45:00+00:00,6089.56,6089.56,6080.04,6080.55,111
2026-04-21T12:00:00+00:00,6080.55,6081.06,6076.05,6076.05,177
2026-04-21T12:15:00+00:00,6076.05,6079.05,6071.04,6078.05,288.51258992805754
2026-04-21T12:30:00+00:00,6078.05,6079.05,6066.04,6068.55,566
2026-04-21T12:45:00+00:00,6068.55,6071.06,6063.06,6067.04,308
2026-04-21T13:00:00+00:00,6067.04,6069.05,6060.04,6060.06,275
2026-04-21T13:15:00+00:00,6060.06,6062.06,6054.56,6058.04,374
2026-04-21T13:30:00+00:00,6058.04,6063.54,6055.04,6061.04,972
2026-04-21T13:45:00+00:00,6061.04,6066.05,6059.04,6064.54,430
2026-04-21T14:00:00+00:00,6064.54,6065.06,6052.04,6054.54,263
2026-04-21T14:15:00+00:00,6054.54,6058.06,6048.04,6049.04,475
2026-04-21T14:30:00+00:00,6049.04,6051.06,6038.04,6039.06,636
2026-04-21T14:45:00+00:00,6039.06,6039.06,6019.54,6020.54,876
2026-04-21T15:00:00+00:00,6020.54,6026.05,6008.04,6024.56,1647
2026-04-21T15:15:00+00:00,6024.56,6031.55,6019.54,6024.06,785
2026-04-21T15:30:00+00:00,6024.06,6024.06,6004.04,6012.05,615
2026-04-21T15:45:00+00:00,6012.05,6019.55,6010.04,6013.04,622
2026-04-21T16:00:00+00:00,6013.04,6028.06,6013.04,6017.05,990
2026-04-21T16:15:00+00:00,6017.05,6020.06,6014.04,6014.56,409
2026-04-21T16:30:00+00:00,6014.56,6020.05,6008.04,6009.06,498
2026-04-21T16:45:00+00:00,6009.06,6015.04,6004.05,6004.55,230
2026-04-21T17:00:00+00:00,6004.55,6010.06,5990.04,5995.06,1263
2026-04-21T17:15:00+00:00,5995.06,5998.06,5986.04,5993.56,550
2026-04-21T17:30:00+00:00,5993.56,6016.05,5993.56,6009.05,1407
2026-04-21T17:45:00+00:00,6009.05,6009.06,6000.04,6003.05,695
2026-04-21T18:00:00+00:00,6003.05,6011.06,6002.04,6006.05,647
2026-04-21T18:15:00+00:00,6006.05,6009.04,5992.05,5993.54,893
2026-04-21T18:30:00+00:00,5993.54,6002.06,5993.06,5995.06,214
2026-04-21T18:45:00+00:00,5995.06,6012.54,5991.04,6002.54,1298
2026-04-21T19:00:00+00:00,6002.54,6012.04,5996.55,6001.06,967
2026-04-21T19:15:00+00:00,6001.06,6015.05,5998.54,6013.55,906
2026-04-21T19:30:00+00:00,6013.55,6014.55,5963.55,5967.56,1712
2026-04-21T19:45:00+00:00,5967.56,5976.06,5960.04,5973.6,1494
2026-04-22T06:00:00+00:00,5973.6,6028.45,5968.6,6023.47,334.2860520094563
2026-04-22T06:15:00+00:00,6023.47,6028.47,6020.45,6027.45,126
2026-04-22T06:30:00+00:00,6027.45,6031.47,6026.97,6026.97,191
2026-04-22T06:45:00+00:00,6026.97,6031.47,6025.45,6031.47,147
2026-04-22T07:00:00+00:00,6031.47,6038.95,6030.45,6031.96,408
2026-04-22T07:15:00+00:00,6031.96,6033.47,6025.45,6028.95,416
2026-04-22T07:30:00+00:00,6028.95,6029.97,6022.45,6028.96,382
2026-04-22T07:45:00+00:00,6028.96,6030.47,6021.45,6021.46,334
2026-04-22T08:00:00+00:00,6021.46,6024.47,6015.45,6016.47,422
2026-04-22T08:15:00+00:00,6016.47,6016.47,6002.45,6005.97,417
2026-04-22T08:30:00+00:00,6005.97,6010.47,5997.45,6006.45,633
2026-04-22T08:45:00+00:00,6006.45,6012.47,6002.45,6009.96,361
2026-04-22T09:00:00+00:00,6009.96,6018.46,6008.45,6015.95,718
2026-04-22T09:15:00+00:00,6015.95,6017.47,6010.47,6013.45,289
2026-04-22T09:30:00+00:00,6013.45,6014.95,6006.45,6013.46,313
2026-04-22T09:45:00+00:00,6013.46,6013.95,5993.46,5998.96,544
2026-04-22T10:00:00+00:00,5998.96,6003.47,5987.45,5993.46,631
2026-04-22T10:15:00+00:00,5993.46,6004.47,5993.46,6003.95,385
2026-04-22T10:30:00+00:00,6003.95,6009.47,6001.45,6003.97,276
2026-04-22T10:45:00+00:00,6003.97,6006.47,6002.45,6005.97,264
2026-04-22T11:00:00+00:00,6005.97,6007.47,6000.95,6000.95,410
2026-04-22T11:15:00+00:00,6000.95,6008.47,6000.45,6006.97,198
2026-04-22T11:30:00+00:00,6006.97,6010.96,6001.45,6002.95,424
2026-04-22T11:45:00+00:00,6002.95,6015.47,6002.45,6013.46,257
2026-04-22T12:00:00+00:00,6013.46,6019.47,6011.46,6016.95,186
2026-04-22T12:15:00+00:00,6016.95,6021.47,6008.47,6008.97,354
2026-04-22T12:30:00+00:00,6008.97,6009.47,6000.96,6003.95,712
2026-04-22T12:45:00+00:00,6003.95,6007.47,5998.47,6001.45,405
2026-04-22T13:00:00+00:00,6001.45,6020.46,6000.46,6006.96,1036
2026-04-22T13:15:00+00:00,6006.96,6022.46,6002.45,6014.95,980
2026-04-22T13:30:00+00:00,6014.95,6015.47,5994.47,5998.97,1242
2026-04-22T13:45:00+00:00,5998.97,6005.47,5995.45,6001.96,771
2026-04-22T14:00:00+00:00,6001.96,6002.45,5992.45,5996.46,761
2026-04-22T14:15:00+00:00,5996.46,6003.47,5994.45,5997.45,744
2026-04-22T14:30:00+00:00,5997.45,6002.45,5988.97,5988.97,1397
2026-04-22T14:45:00+00:00,5988.97,5992.97,5978.45,5987.95,595.4918092464507
2026-04-22T15:00:00+00:00,5987.95,5991.96,5983.94,5983.96,807
2026-04-22T15:15:00+00:00,5983.96,5992.95,5980.94,5989.99,433
2026-04-22T15:30:00+00:00,5989.99,5991.96,5976.94,5977.96,479
2026-04-22T15:45:00+00:00,5977.96,5988.96,5975.94,5984.45,561
2026-04-22T16:00:00+00:00,5984.45,5997.94,5982.94,5995.94,531
2026-04-22T16:15:00+00:00,5995.94,5996.96,5991.94,5993.45,414
2026-04-22T16:30:00+00:00,5993.45,5997.96,5989.46,5990.95,502
2026-04-22T16:45:00+00:00,5990.95,5994.96,5989.94,5991.46,402
2026-04-22T17:00:00+00:00,5991.46,6005.95,5990.94,5999.95,767
2026-04-22T17:15:00+00:00,5999.95,6005.96,5996.95,6001.95,215
2026-04-22T17:30:00+00:00,6001.95,6006.96,6001.95,6004.94,157
2026-04-22T17:45:00+00:00,6004.94,6006.95,6000.94,6002.44,285
2026-04-22T18:00:00+00:00,6002.44,6002.44,5995.94,5995.94,149.04884576781532
2026-04-22T18:15:00+00:00,5995.94,5995.96,5986.95,5989.95,210
2026-04-22T18:30:00+00:00,5989.95,5994.96,5988.94,5993.45,101
2026-04-22T18:45:00+00:00,5993.45,5993.96,5988.94,5990.96,103
2026-04-22T19:00:00+00:00,5990.96,5990.96,5956.94,5976.45,597
2026-04-22T19:15:00+00:00,5976.45,5980.46,5974.94,5978.95,114
2026-04-22T19:30:00+00:00,5978.95,5980.96,5976.94,5979.96,204
2026-04-22T19:45:00+00:00,5979.96,5990.45,5977.94,5986.99,207
2026-04-23T06:00:00+00:00,5986.99,5989.99,5948.32,5949.82,280.38703099510604
2026-04-23T06:15:00+00:00,5949.82,5956.84,5949.33,5956.33,210
2026-04-23T06:30:00+00:00,5956.33,5957.33,5952.33,5953.83,182
2026-04-23T06:45:00+00:00,5953.83,5957.84,5947.82,5957.32,328
2026-04-23T07:00:00+00:00,5957.32,5966.34,5951.82,5962.33,555
2026-04-23T07:15:00+00:00,5962.33,5965.34,5958.33,5963.34,416
2026-04-23T07:30:00+00:00,5963.34,5969.84,5958.32,5969.84,548
2026-04-23T07:45:00+00:00,5969.84,5975.34,5961.32,5966.83,322
2026-04-23T08:00:00+00:00,5966.83,5968.32,5948.82,5948.82,575
2026-04-23T08:15:00+00:00,5948.82,5965.32,5947.82,5956.83,653
2026-04-23T08:30:00+00:00,5956.83,5956.83,5938.32,5938.83,542
2026-04-23T08:45:00+00:00,5938.83,5942.84,5936.32,5936.32,467
2026-04-23T09:00:00+00:00,5936.32,5940.34,5923.32,5936.82,683
2026-04-23T09:15:00+00:00,5936.82,5949.34,5935.32,5940.32,697
2026-04-23T09:30:00+00:00,5940.32,5947.32,5937.82,5940.32,545
2026-04-23T09:45:00+00:00,5940.32,5941.33,5931.34,5935.32,486
2026-04-23T10:00:00+00:00,5935.32,5937.34,5926.32,5926.83,580
2026-04-23T10:15:00+00:00,5926.83,5942.34,5926.83,5936.33,392
2026-04-23T10:30:00+00:00,5936.33,5947.34,5936.32,5940.34,381
2026-04-23T10:45:00+00:00,5940.34,5953.34,5940.32,5951.84,305
2026-04-23T11:00:00+00:00,5951.84,5955.32,5943.32,5946.84,406
2026-04-23T11:15:00+00:00,5946.84,5951.34,5941.32,5945.33,436
2026-04-23T11:30:00+00:00,5945.33,5954.34,5939.32,5951.33,686
2026-04-23T11:45:00+00:00,5951.33,5964.34,5949.32,5960.33,815
2026-04-23T12:00:00+00:00,5960.33,5978.34,5959.32,5972.33,958
2026-04-23T12:15:00+00:00,5972.33,5972.84,5960.32,5964.83,388
2026-04-23T12:30:00+00:00,5964.83,5967.33,5958.32,5958.82,494
2026-04-23T12:45:00+00:00,5958.82,5964.34,5942.83,5964.33,1340
2026-04-23T13:00:00+00:00,5964.33,5971.34,5956.32,5961.83,474
2026-04-23T13:15:00+00:00,5961.83,5975.82,5961.83,5974.84,432
2026-04-23T13:30:00+00:00,5974.84,5981.34,5970.32,5978.84,608
2026-04-23T13:45:00+00:00,5978.84,5982.34,5972.32,5973.82,613
2026-04-23T14:00:00+00:00,5973.82,5981.34,5966.32,5979.82,783
2026-04-23T14:15:00+00:00,5979.82,5984.34,5977.32,5982.84,593
2026-04-23T14:30:00+00:00,5982.84,5987.34,5977.33,5981.84,416
2026-04-23T14:45:00+00:00,5981.84,5989.34,5980.82,5986.82,415
2026-04-23T15:00:00+00:00,5986.82,5987.33,5977.32,5978.32,272
2026-04-23T15:15:00+00:00,5978.32,5984.34,5978.32,5980.32,320
2026-04-23T15:30:00+00:00,5980.32,5980.32,5960.32,5960.33,261
2026-04-23T15:45:00+00:00,5960.33,5971.33,5951.33,5967.33,934
2026-04-23T16:00:00+00:00,5967.33,5971.34,5961.32,5967.34,490
2026-04-23T16:15:00+00:00,5967.34,5973.34,5966.33,5970.83,442
2026-04-23T16:30:00+00:00,5970.83,5975.32,5968.32,5975.32,246
2026-04-23T16:45:00+00:00,5975.32,5978.34,5970.32,5973.34,388
2026-04-23T17:00:00+00:00,5973.34,5975.34,5932.32,5934.83,3074
2026-04-23T17:15:00+00:00,5934.83,5934.84,5911.33,5912.84,2376
2026-04-23T17:30:00+00:00,5912.84,5927.34,5880.33,5885.33,2839
2026-04-23T17:45:00+00:00,5885.33,5950.34,5869.32,5924.33,4765
2026-04-23T18:00:00+00:00,5924.33,5938.34,5921.32,5931.34,2451
2026-04-23T18:15:00+00:00,5931.34,5938.32,5928.32,5937.32,1335
2026-04-23T18:30:00+00:00,5937.32,5946.34,5934.83,5939.33,929
2026-04-23T18:45:00+00:00,5939.33,5939.34,5920.82,5924.82,1092
2026-04-23T19:00:00+00:00,5924.82,5933.34,5921.32,5931.33,1155
2026-04-23T19:15:00+00:00,5931.33,5936.34,5931.32,5933.34,587
2026-04-23T19:30:00+00:00,5933.34,5936.34,5921.32,5924.32,1025
2026-04-23T19:45:00+00:00,5924.32,5940.82,5924.32,5937.88,637
2026-04-24T06:00:00+00:00,5937.88,5950.87,5937.38,5948.85,395.3024054982818
2026-04-24T06:15:00+00:00,5948.85,5948.87,5939.86,5940.85,220
2026-04-24T06:30:00+00:00,5940.85,5945.37,5938.85,5944.37,287
2026-04-24T06:45:00+00:00,5944.37,5947.87,5937.37,5946.85,276
2026-04-24T07:00:00+00:00,5946.85,5960.87,5945.37,5951.86,831
2026-04-24T07:15:00+00:00,5951.86,5962.85,5944.87,5958.87,399
2026-04-24T07:30:00+00:00,5958.87,5958.87,5946.36,5950.36,454
2026-04-24T07:45:00+00:00,5950.36,5958.87,5948.85,5956.37,445
2026-04-24T08:00:00+00:00,5956.37,5958.36,5941.85,5943.35,779
2026-04-24T08:15:00+00:00,5943.35,5964.35,5939.85,5944.86,1013
2026-04-24T08:30:00+00:00,5944.86,5944.87,5934.85,5935.37,570
2026-04-24T08:45:00+00:00,5935.37,5940.37,5924.85,5930.35,651
2026-04-24T09:00:00+00:00,5930.35,5935.87,5926.37,5933.86,617
2026-04-24T09:15:00+00:00,5933.86,5936.85,5918.87,5922.35,734
2026-04-24T09:30:00+00:00,5922.35,5936.86,5922.35,5936.35,476
2026-04-24T09:45:00+00:00,5936.35,5938.37,5925.85,5931.35,319
2026-04-24T10:00:00+00:00,5931.35,5942.87,5930.86,5938.85,456
2026-04-24T10:15:00+00:00,5938.85,5945.87,5937.86,5944.36,262
2026-04-24T10:30:00+00:00,5944.36,5949.85,5941.85,5948.37,274
2026-04-24T10:45:00+00:00,5948.37,5951.87,5945.86,5946.36,231
2026-04-24T11:00:00+00:00,5946.36,5983.87,5945.85,5977.85,2503
2026-04-24T11:15:00+00:00,5977.85,5998.87,5971.86,5998.85,2623
2026-04-24T11:30:00+00:00,5998.85,6002.85,5975.85,5977.36,920
2026-04-24T11:45:00+00:00,5977.36,5979.85,5970.85,5977.91,526
2026-04-24T12:00:00+00:00,5977.91,5989.87,5975.85,5987.37,666
2026-04-24T12:15:00+00:00,5987.37,5990.87,5975.85,5983.36,859
2026-04-24T12:30:00+00:00,5983.36,5983.36,5960.85,5962.87,528
2026-04-24T12:45:00+00:00,5962.87,5965.87,5950.86,5961.37,786
2026-04-24T13:00:00+00:00,5961.37,5968.87,5958.85,5960.86,691
2026-04-24T13:15:00+00:00,5960.86,5968.87,5957.85,5961.85,532
2026-04-24T13:30:00+00:00,5961.85,5965.87,5953.85,5962.86,1677
2026-04-24T13:45:00+00:00,5962.86,5966.87,5951.37,5956.85,1237
2026-04-24T14:00:00+00:00,5956.85,5969.87,5950.37,5962.85,1842
2026-04-24T14:15:00+00:00,5962.85,5967.87,5949.86,5958.86,1168
2026-04-24T14:30:00+00:00,5958.86,5966.87,5955.85,5964.36,1058
2026-04-24T14:45:00+00:00,5964.36,5966.37,5959.36,5965.860000000001,655.1358525345622
2026-04-24T15:00:00+00:00,5965.860000000001,5969.88,5962.860000000001,5968.38,647
2026-04-24T15:15:00+00:00,5968.38,5968.88,5958.860000000001,5962.87,403
2026-04-24T15:30:00+00:00,5962.87,6006.860000000001,5956.860000000001,5999.87,825
2026-04-24T15:45:00+00:00,5999.87,6013.37,5976.860000000001,5985.37,2650
2026-04-24T16:00:00+00:00,5985.37,5988.37,5975.860000000001,5982.87,768
2026-04-24T16:15:00+00:00,5982.87,5985.88,5979.860000000001,5980.860000000001,356
2026-04-24T16:30:00+00:00,5980.860000000001,5987.860000000001,5973.860000000001,5977.37,601
2026-04-24T16:45:00+00:00,5977.37,5983.88,5976.88,5983.38,691
2026-04-24T17:00:00+00:00,5983.38,5984.88,5978.860000000001,5979.88,456
2026-04-24T17:15:00+00:00,5979.88,5982.88,5977.860000000001,5981.860000000001,315
2026-04-24T17:30:00+00:00,5981.860000000001,5985.88,5978.860000000001,5983.860000000001,542
2026-04-24T17:45:00+00:00,5983.860000000001,5992.88,5982.860000000001,5984.360000000001,493
2026-04-24T18:00:00+00:00,5984.360000000001,5984.88,5979.860000000001,5980.38,232
2026-04-24T18:15:00+00:00,5980.38,5982.360000000001,5976.860000000001,5977.87,427
2026-04-24T18:30:00+00:00,5977.87,5981.88,5976.87,5979.88,301
2026-04-24T18:45:00+00:00,5979.88,5980.88,5976.860000000001,5978.88,335
2026-04-24T19:00:00+00:00,5978.88,5984.87,5978.88,5983.38,360
2026-04-24T19:15:00+00:00,5983.38,5986.88,5979.860000000001,5981.860000000001,229
2026-04-24T19:30:00+00:00,5981.860000000001,5983.88,5979.860000000001,5981.360000000001,213.86929982046678
2026-04-24T19:45:00+00:00,5981.360000000001,5987.88,5980.360000000001,5986.93,185
2026-04-27T06:00:00+00:00,5986.93,5986.93,5957.38,5959.37,225.5780415430267
2026-04-27T06:15:00+00:00,5959.37,5965.38,5957.37,5964.37,165.2107809260539
2026-04-27T06:30:00+00:00,5964.37,5964.38,5956.38,5959.37,174
2026-04-27T06:45:00+00:00,5959.37,5963.39,5957.37,5961.38,198
2026-04-27T07:00:00+00:00,5961.38,5973.89,5956.87,5972.38,684
2026-04-27T07:15:00+00:00,5972.38,5974.39,5961.37,5963.37,444
2026-04-27T07:30:00+00:00,5963.37,5967.39,5956.88,5962.37,444
2026-04-27T07:45:00+00:00,5962.37,5966.39,5956.37,5956.39,428
2026-04-27T08:00:00+00:00,5956.39,5961.38,5947.38,5951.37,829
2026-04-27T08:15:00+00:00,5951.37,5964.39,5951.37,5963.39,413
2026-04-27T08:30:00+00:00,5963.39,5974.39,5963.38,5974.38,231
2026-04-27T08:45:00+00:00,5974.38,5976.39,5970.37,5972.88,260
2026-04-27T09:00:00+00:00,5972.88,5977.37,5972.37,5976.37,192
2026-04-27T09:15:00+00:00,5976.37,5976.38,5971.38,5975.88,110
2026-04-27T09:30:00+00:00,5975.88,5981.88,5975.37,5981.88,103
2026-04-27T09:45:00+00:00,5981.88,5985.38,5981.37,5983.38,150
2026-04-27T10:00:00+00:00,5983.38,5985.39,5979.87,5981.89,149
2026-04-27T10:15:00+00:00,5981.89,5986.39,5980.88,5984.38,161
2026-04-27T10:30:00+00:00,5984.38,5995.39,5983.37,5994.37,166
2026-04-27T10:45:00+00:00,5994.37,6001.37,5994.37,5997.89,257
2026-04-27T11:00:00+00:00,5997.89,6002.37,5997.37,5999.39,153
2026-04-27T11:15:00+00:00,5999.39,6007.39,5998.37,6005.88,139
2026-04-27T11:30:00+00:00,6005.88,6010.39,6005.39,6008.89,109
2026-04-27T11:45:00+00:00,6008.89,6010.88,6000.37,6003.89,87
2026-04-27T12:00:00+00:00,6003.89,6004.37,5994.38,5996.88,153
2026-04-27T12:15:00+00:00,5996.88,5997.38,5982.87,5984.89,186
2026-04-27T12:30:00+00:00,5984.89,5988.38,5977.37,5980.38,303
2026-04-27T12:45:00+00:00,5980.38,5981.39,5965.37,5968.39,280
2026-04-27T13:00:00+00:00,5968.39,5969.39,5959.37,5959.87,509
2026-04-27T13:15:00+00:00,5959.87,5967.39,5959.87,5966.38,345
2026-04-27T13:30:00+00:00,5966.38,5974.39,5959.38,5959.87,651
2026-04-27T13:45:00+00:00,5959.87,5961.39,5944.37,5960.88,945
2026-04-27T14:00:00+00:00,5960.88,5962.39,5947.37,5954.38,798
2026-04-27T14:15:00+00:00,5954.38,5955.39,5947.37,5950.87,549
2026-04-27T14:30:00+00:00,5950.87,5953.88,5941.37,5946.87,977
2026-04-27T14:45:00+00:00,5946.87,5947.39,5938.37,5938.88,448
2026-04-27T15:00:00+00:00,5938.88,5940.39,5930.37,5935.87,482
2026-04-27T15:15:00+00:00,5935.87,5940.39,5930.37,5940.39,371
2026-04-27T15:30:00+00:00,5940.39,5949.39,5937.39,5947.38,270
2026-04-27T15:45:00+00:00,5947.38,5959.38,5945.38,5957.37,254
2026-04-27T16:00:00+00:00,5957.37,5960.39,5954.39,5958.38,177
2026-04-27T16:15:00+00:00,5958.38,5960.38,5953.38,5953.88,126
2026-04-27T16:30:00+00:00,5953.88,5955.89,5952.37,5952.88,142
2026-04-27T16:45:00+00:00,5952.88,5956.39,5952.88,5954.37,170
2026-04-27T17:00:00+00:00,5954.37,5956.39,5952.37,5953.37,72
2026-04-27T17:15:00+00:00,5953.37,5955.39,5946.37,5953.39,292
2026-04-27T17:30:00+00:00,5953.39,5958.37,5952.37,5952.87,91.92380522993687
2026-04-27T17:45:00+00:00,5952.87,5953.37,5949.38,5950.37,112.84144505770196
2026-04-27T18:00:00+00:00,5950.37,5950.88,5947.38,5950.39,50
2026-04-27T18:15:00+00:00,5950.39,5954.37,5949.37,5952.87,106
2026-04-27T18:30:00+00:00,5952.87,5955.39,5951.37,5951.88,101
2026-04-27T18:45:00+00:00,5951.88,5955.38,5951.38,5953.38,76.40220588235294
2026-04-27T19:00:00+00:00,5953.38,5955.39,5952.37,5955.39,88
2026-04-27T19:15:00+00:00,5955.39,5959.89,5954.38,5957.87,121.73916469661151
2026-04-27T19:30:00+00:00,5957.87,5959.39,5954.37,5956.39,119
2026-04-27T19:45:00+00:00,5956.39,5958.87,5948.37,5948.93,193
2026-04-28T06:00:00+00:00,5948.93,5948.93,5932.06,5937.55,230.58243157224697
2026-04-28T06:15:00+00:00,5937.55,5940.04,5932.05,5938.04,164
2026-04-28T06:30:00+00:00,5938.04,5940.06,5933.04,5934.04,197
2026-04-28T06:45:00+00:00,5934.04,5937.06,5929.04,5934.55,220
2026-04-28T07:00:00+00:00,5934.55,5937.06,5923.06,5927.05,721
2026-04-28T07:15:00+00:00,5927.05,5937.05,5923.05,5935.06,565
2026-04-28T07:30:00+00:00,5935.06,5950.05,5935.05,5947.54,434
2026-04-28T07:45:00+00:00,5947.54,5951.05,5944.54,5950.54,387
2026-04-28T08:00:00+00:00,5950.54,5951.06,5930.04,5935.56,1052
2026-04-28T08:15:00+00:00,5935.56,5957.06,5935.56,5957.06,712
2026-04-28T08:30:00+00:00,5957.06,5958.06,5949.04,5951.04,505
2026-04-28T08:45:00+00:00,5951.04,5954.05,5947.04,5953.56,452
2026-04-28T09:00:00+00:00,5953.56,5957.06,5947.05,5956.54,526
2026-04-28T09:15:00+00:00,5956.54,5962.05,5953.04,5956.56,488
2026-04-28T09:30:00+00:00,5956.56,5957.56,5950.04,5955.04,287
2026-04-28T09:45:00+00:00,5955.04,5955.56,5944.04,5949.04,367
2026-04-28T10:00:00+00:00,5949.04,5956.56,5947.04,5947.55,420
2026-04-28T10:15:00+00:00,5947.55,5954.06,5945.05,5951.06,394
2026-04-28T10:30:00+00:00,5951.06,5957.06,5951.04,5951.05,378
2026-04-28T10:45:00+00:00,5951.05,5958.06,5947.06,5956.55,248
2026-04-28T11:00:00+00:00,5956.55,5961.06,5940.04,5941.06,509
2026-04-28T11:15:00+00:00,5941.06,5941.06,5923.05,5926.04,481
2026-04-28T11:30:00+00:00,5926.04,5926.55,5911.04,5921.06,704
2026-04-28T11:45:00+00:00,5921.06,5923.06,5907.04,5912.55,864
2026-04-28T12:00:00+00:00,5912.55,5920.06,5909.04,5918.06,782
2026-04-28T12:15:00+00:00,5918.06,5928.05,5901.04,5903.55,1505
2026-04-28T12:30:00+00:00,5903.55,5917.56,5896.04,5914.56,651
2026-04-28T12:45:00+00:00,5914.56,5935.06,5913.54,5931.04,589
2026-04-28T13:00:00+00:00,5931.04,5932.56,5916.04,5916.06,473
2026-04-28T13:15:00+00:00,5916.06,5926.06,5912.04,5920.05,658
2026-04-28T13:30:00+00:00,5920.05,5933.06,5911.54,5929.54,1621
2026-04-28T13:45:00+00:00,5929.54,5930.06,5915.56,5920.56,573
2026-04-28T14:00:00+00:00,5920.56,5923.06,5913.04,5916.05,777
2026-04-28T14:15:00+00:00,5916.05,5922.06,5911.04,5916.54,810
2026-04-28T14:30:00+00:00,5916.54,5918.54,5903.04,5908.55,1134
2026-04-28T14:45:00+00:00,5908.55,5918.54,5898.06,5918.54,1469
2026-04-28T15:00:00+00:00,5918.54,5926.06,5913.54,5919.04,1132
2026-04-28T15:15:00+00:00,5919.04,5923.06,5915.06,5918.06,520
2026-04-28T15:30:00+00:00,5918.06,5918.06,5904.04,5904.54,402
2026-04-28T15:45:00+00:00,5904.54,5910.04,5900.04,5907.55,694
2026-04-28T16:00:00+00:00,5907.55,5916.06,5905.04,5911.05,354
2026-04-28T16:15:00+00:00,5911.05,5912.06,5906.55,5911.56,271
2026-04-28T16:30:00+00:00,5911.56,5912.06,5906.56,5907.06,283
2026-04-28T16:45:00+00:00,5907.06,5914.55,5906.04,5911.05,362
2026-04-28T17:00:00+00:00,5911.05,5912.05,5905.04,5908.04,207
2026-04-28T17:15:00+00:00,5908.04,5908.04,5902.04,5905.55,215
2026-04-28T17:30:00+00:00,5905.55,5912.55,5905.55,5909.06,180.4587050359712
2026-04-28T17:45:00+00:00,5909.06,5909.56,5905.05,5908.56,202
2026-04-28T18:00:00+00:00,5908.56,5911.04,5906.04,5908.05,134
2026-04-28T18:15:00+00:00,5908.05,5913.56,5907.06,5911.04,428
2026-04-28T18:30:00+00:00,5911.04,5911.06,5906.04,5910.56,192
2026-04-28T18:45:00+00:00,5910.56,5912.06,5908.04,5909.55,216
2026-04-28T19:00:00+00:00,5909.55,5914.06,5907.55,5912.04,122
2026-04-28T19:15:00+00:00,5912.04,5912.04,5908.04,5908.56,151
2026-04-28T19:30:00+00:00,5908.56,5909.06,5904.04,5908.04,115
2026-04-28T19:45:00+00:00,5908.04,5909.06,5906.54,5908.04,109
2026-04-29T06:00:00+00:00,5908.04,5932.96,5908.04,5927.97,114.47256097560975
2026-04-29T06:15:00+00:00,5927.97,5928.96,5924.97,5926.47,97
2026-04-29T06:30:00+00:00,5926.47,5929.97,5921.97,5923.95,116
2026-04-29T06:45:00+00:00,5923.95,5925.47,5913.95,5915.45,234
2026-04-29T07:00:00+00:00,5915.45,5923.95,5903.95,5904.97,569
2026-04-29T07:15:00+00:00,5904.97,5908.96,5900.45,5906.45,317
2026-04-29T07:30:00+00:00,5906.45,5907.97,5895.95,5896.45,399
2026-04-29T07:45:00+00:00,5896.45,5896.45,5887.95,5890.97,420
2026-04-29T08:00:00+00:00,5890.97,5898.45,5880.45,5883.45,1127
2026-04-29T08:15:00+00:00,5883.45,5893.97,5879.95,5890.95,721
2026-04-29T08:30:00+00:00,5890.95,5891.97,5878.95,5888.46,842
2026-04-29T08:45:00+00:00,5888.46,5890.97,5881.95,5883.95,457
2026-04-29T09:00:00+00:00,5883.95,5893.97,5881.95,5890.95,416
2026-04-29T09:15:00+00:00,5890.95,5893.97,5886.95,5891.45,384
2026-04-29T09:30:00+00:00,5891.45,5896.47,5884.96,5884.96,498
2026-04-29T09:45:00+00:00,5884.96,5885.95,5873.95,5877.47,435
2026-04-29T10:00:00+00:00,5877.47,5888.97,5874.95,5888.97,351
2026-04-29T10:15:00+00:00,5888.97,5900.47,5888.95,5895.96,384
2026-04-29T10:30:00+00:00,5895.96,5902.97,5891.97,5893.45,375
2026-04-29T10:45:00+00:00,5893.45,5895.96,5889.95,5892.46,240
2026-04-29T11:00:00+00:00,5892.46,5895.97,5888.45,5892.97,494
2026-04-29T11:15:00+00:00,5892.97,5897.47,5888.95,5893.97,478
2026-04-29T11:30:00+00:00,5893.97,5900.97,5891.95,5894.47,515
2026-04-29T11:45:00+00:00,5894.47,5899.97,5890.95,5899.45,244
2026-04-29T12:00:00+00:00,5899.45,5903.96,5897.95,5900.45,314
2026-04-29T12:15:00+00:00,5900.45,5904.47,5896.95,5899.47,356
2026-04-29T12:30:00+00:00,5899.47,5899.95,5887.96,5895.97,354
2026-04-29T12:45:00+00:00,5895.97,5899.97,5892.95,5898.95,292
2026-04-29T13:00:00+00:00,5898.95,5906.96,5898.95,5904.97,253
2026-04-29T13:15:00+00:00,5904.97,5904.97,5888.45,5894.45,676
2026-04-29T13:30:00+00:00,5894.45,5897.97,5880.95,5880.95,1178
2026-04-29T13:45:00+00:00,5880.95,5887.46,5870.96,5886.47,780
2026-04-29T14:00:00+00:00,5886.47,5899.96,5883.95,5896.45,609
2026-04-29T14:15:00+00:00,5896.45,5898.97,5892.95,5894.47,476
2026-04-29T14:30:00+00:00,5894.47,5899.97,5890.45,5894.46,505
2026-04-29T14:45:00+00:00,5894.46,5897.97,5889.95,5896.45,532.1350658232177
2026-04-29T15:00:00+00:00,5896.45,5900.44,5875.44,5878.44,382
2026-04-29T15:15:00+00:00,5878.44,5889.46,5878.44,5889.45,330
2026-04-29T15:30:00+00:00,5889.45,5891.46,5879.44,5886.94,382
2026-04-29T15:45:00+00:00,5886.94,5890.95,5866.45,5873.96,1301
2026-04-29T16:00:00+00:00,5873.96,5880.46,5872.44,5875.44,555
2026-04-29T16:15:00+00:00,5875.44,5878.45,5867.94,5867.96,506
2026-04-29T16:30:00+00:00,5867.96,5867.96,5856.94,5862.95,603
2026-04-29T16:45:00+00:00,5862.95,5867.46,5860.44,5863.95,377
2026-04-29T17:00:00+00:00,5863.95,5864.45,5855.44,5857.95,349
2026-04-29T17:15:00+00:00,5857.95,5866.46,5854.44,5865.45,500
2026-04-29T17:30:00+00:00,5865.45,5869.45,5861.44,5864.45,429.02850494473535
2026-04-29T17:45:00+00:00,5864.45,5871.46,5863.94,5870.94,343
2026-04-29T18:00:00+00:00,5870.94,5873.95,5854.44,5859.44,1000
2026-04-29T18:15:00+00:00,5859.44,5866.46,5858.44,5861.46,664
2026-04-29T18:30:00+00:00,5861.46,5868.45,5850.44,5850.94,1470
2026-04-29T18:45:00+00:00,5850.94,5869.45,5848.46,5867.95,984
2026-04-29T19:00:00+00:00,5867.95,5872.96,5862.45,5871.95,768
2026-04-29T19:15:00+00:00,5871.95,5874.46,5867.44,5868.45,474
2026-04-29T19:30:00+00:00,5868.45,5868.45,5859.44,5864.45,498
2026-04-29T19:45:00+00:00,5864.45,5866.5,5859.94,5866.49,234
2026-04-30T06:00:00+00:00,5866.49,5867.99,5804.74,5806.73,528.109163928441
2026-04-30T06:15:00+00:00,5806.73,5811.25,5803.23,5810.23,406
2026-04-30T06:30:00+00:00,5810.23,5831.25,5810.23,5820.73,404
2026-04-30T06:45:00+00:00,5820.73,5822.25,5814.23,5821.23,336
2026-04-30T07:00:00+00:00,5821.23,5839.73,5814.23,5837.74,1035
2026-04-30T07:15:00+00:00,5837.74,5849.75,5836.23,5849.75,710
2026-04-30T07:30:00+00:00,5849.75,5855.25,5842.23,5853.75,500
2026-04-30T07:45:00+00:00,5853.75,5857.25,5844.73,5850.74,502
2026-04-30T08:00:00+00:00,5850.74,5856.25,5849.23,5854.75,876
2026-04-30T08:15:00+00:00,5854.75,5862.23,5849.23,5861.23,611
2026-04-30T08:30:00+00:00,5861.23,5862.74,5846.23,5847.73,469
2026-04-30T08:45:00+00:00,5847.73,5849.75,5840.23,5840.75,377
2026-04-30T09:00:00+00:00,5840.75,5849.25,5839.23,5848.25,662
2026-04-30T09:15:00+00:00,5848.25,5860.25,5841.25,5858.74,749
2026-04-30T09:30:00+00:00,5858.74,5874.25,5858.74,5867.25,970
2026-04-30T09:45:00+00:00,5867.25,5875.75,5866.25,5871.25,458
2026-04-30T10:00:00+00:00,5871.25,5883.25,5870.23,5878.23,553
2026-04-30T10:15:00+00:00,5878.23,5888.25,5876.25,5884.73,470
2026-04-30T10:30:00+00:00,5884.73,5889.24,5869.24,5873.75,1075
2026-04-30T10:45:00+00:00,5873.75,5889.24,5871.23,5886.73,730
2026-04-30T11:00:00+00:00,5886.73,5907.25,5886.73,5897.75,985
2026-04-30T11:15:00+00:00,5897.75,5910.24,5896.74,5909.23,485
2026-04-30T11:30:00+00:00,5909.23,5909.23,5897.23,5899.23,564
2026-04-30T11:45:00+00:00,5899.23,5908.74,5898.25,5905.24,371
2026-04-30T12:00:00+00:00,5905.24,5908.25,5901.73,5907.75,354
2026-04-30T12:15:00+00:00,5907.75,5923.3,5907.23,5920.25,617
2026-04-30T12:30:00+00:00,5920.25,5922.24,5909.25,5912.23,714
2026-04-30T12:45:00+00:00,5912.23,5920.24,5910.73,5913.23,535
2026-04-30T13:00:00+00:00,5913.23,5922.73,5913.23,5917.25,554
2026-04-30T13:15:00+00:00,5917.25,5921.25,5910.74,5911.75,391
2026-04-30T13:30:00+00:00,5911.75,5912.74,5895.23,5904.24,1367
2026-04-30T13:45:00+00:00,5904.24,5907.25,5897.23,5904.25,1153
2026-04-30T14:00:00+00:00,5904.25,5912.25,5900.23,5910.75,828
2026-04-30T14:15:00+00:00,5910.75,5928.25,5906.23,5928.25,758
2026-04-30T14:30:00+00:00,5928.25,5937.74,5925.23,5934.73,1175
2026-04-30T14:45:00+00:00,5934.73,5949.25,5933.24,5942.24,754.7497969130789
2026-04-30T15:00:00+00:00,5942.24,5949.25,5937.23,5947.25,566
2026-04-30T15:15:00+00:00,5947.25,5954.24,5939.23,5948.25,317
2026-04-30T15:30:00+00:00,5948.25,5957.74,5941.73,5943.25,542
2026-04-30T15:45:00+00:00,5943.25,5949.25,5940.23,5947.74,394
2026-04-30T16:00:00+00:00,5947.74,5953.25,5944.23,5951.23,310.1444566410538
2026-04-30T16:15:00+00:00,5951.23,5952.25,5948.23,5951.23,240
2026-04-30T16:30:00+00:00,5951.23,5956.25,5951.23,5953.74,174
2026-04-30T16:45:00+00:00,5953.74,5955.25,5949.23,5952.23,241
2026-04-30T17:00:00+00:00,5952.23,5958.25,5952.23,5957.75,179
2026-04-30T17:15:00+00:00,5957.75,5957.75,5952.24,5955.73,221
2026-04-30T17:30:00+00:00,5955.73,5962.25,5955.73,5958.73,285
2026-04-30T17:45:00+00:00,5958.73,5961.25,5958.23,5960.25,234.97855227882036
2026-04-30T18:00:00+00:00,5960.25,5965.25,5959.74,5963.73,262.80183946488296
2026-04-30T18:15:00+00:00,5963.73,5966.25,5961.23,5962.25,136
2026-04-30T18:30:00+00:00,5962.25,5966.75,5960.23,5961.24,208.58223523670082
2026-04-30T18:45:00+00:00,5961.24,5963.75,5958.23,5959.25,84.59693094629156
2026-04-30T19:00:00+00:00,5959.25,5971.25,5959.24,5969.25,178
2026-04-30T19:15:00+00:00,5969.25,5969.25,5964.24,5967.25,185
2026-04-30T19:30:00+00:00,5967.25,5967.25,5961.23,5963.24,116
2026-04-30T19:45:00+00:00,5963.24,5964.25,5955.25,5955.78,188
2026-05-04T06:00:00+00:00,5955.78,5975.14,5954.28,5973.63,184.29970501474926
2026-05-04T06:15:00+00:00,5973.63,5980.13,5971.12,5974.14,93
2026-05-04T06:30:00+00:00,5974.14,5978.14,5960.12,5961.62,223
2026-05-04T06:45:00+00:00,5961.62,5968.13,5959.12,5962.64,169
2026-05-04T07:00:00+00:00,5962.64,5963.13,5945.14,5949.12,506
2026-05-04T07:15:00+00:00,5949.12,5952.14,5944.12,5947.12,356
2026-05-04T07:30:00+00:00,5947.12,5954.14,5943.12,5952.63,164
2026-05-04T07:45:00+00:00,5952.63,5957.12,5940.13,5940.62,168
2026-05-04T08:00:00+00:00,5940.62,5942.12,5923.13,5925.64,317
2026-05-04T08:15:00+00:00,5925.64,5928.14,5920.12,5925.64,237
2026-05-04T08:30:00+00:00,5925.64,5930.14,5918.13,5918.13,222
2026-05-04T08:45:00+00:00,5918.13,5918.62,5908.12,5909.63,135
2026-05-04T09:00:00+00:00,5909.63,5921.14,5909.12,5920.63,155
2026-05-04T09:15:00+00:00,5920.63,5926.13,5918.62,5924.63,83
2026-05-04T09:30:00+00:00,5924.63,5931.13,5923.12,5927.13,101.82346337356161
2026-05-04T09:45:00+00:00,5927.13,5930.12,5923.13,5923.14,115
2026-05-04T10:00:00+00:00,5923.14,5928.14,5849.12,5859.14,3922
2026-05-04T10:15:00+00:00,5859.14,5877.13,5848.62,5873.14,1781
2026-05-04T10:30:00+00:00,5873.14,5903.14,5865.14,5890.12,2207
2026-05-04T10:45:00+00:00,5890.12,5899.14,5887.13,5887.62,712
2026-05-04T11:00:00+00:00,5887.62,5900.14,5883.12,5891.62,1233
2026-05-04T11:15:00+00:00,5891.62,5903.13,5891.62,5895.14,488
2026-05-04T11:30:00+00:00,5895.14,5896.14,5881.14,5892.12,1022
2026-05-04T11:45:00+00:00,5892.12,5902.13,5887.12,5897.63,503
2026-05-04T12:00:00+00:00,5897.63,5904.14,5896.13,5900.62,429
2026-05-04T12:15:00+00:00,5900.62,5912.14,5896.63,5905.12,699
2026-05-04T12:30:00+00:00,5905.12,5909.13,5894.63,5906.62,392
2026-05-04T12:45:00+00:00,5906.62,5908.14,5896.12,5900.13,564
2026-05-04T13:00:00+00:00,5900.13,5902.12,5878.12,5890.64,2013
2026-05-04T13:15:00+00:00,5890.64,5893.14,5879.12,5884.12,387
2026-05-04T13:30:00+00:00,5884.12,5899.12,5880.12,5892.64,977
2026-05-04T13:45:00+00:00,5892.64,5892.64,5883.14,5885.63,668
2026-05-04T14:00:00+00:00,5885.63,5887.14,5867.12,5877.64,937
2026-05-04T14:15:00+00:00,5877.64,5892.14,5877.13,5882.12,552
2026-05-04T14:30:00+00:00,5882.12,5888.14,5880.12,5884.13,517
2026-05-04T14:45:00+00:00,5884.13,5887.13,5865.12,5866.12,705
2026-05-04T15:00:00+00:00,5866.12,5872.14,5858.12,5866.63,922
2026-05-04T15:15:00+00:00,5866.63,5871.14,5826.12,5840.64,1916
2026-05-04T15:30:00+00:00,5840.64,5842.13,5821.14,5830.13,1196
2026-05-04T15:45:00+00:00,5830.13,5831.14,5810.14,5821.64,1703
2026-05-04T16:00:00+00:00,5821.64,5825.12,5794.12,5802.14,1939
2026-05-04T16:15:00+00:00,5802.14,5825.14,5800.12,5811.64,1644
2026-05-04T16:30:00+00:00,5811.64,5817.14,5800.62,5800.62,813
2026-05-04T16:45:00+00:00,5800.62,5805.12,5798.12,5800.13,600
2026-05-04T17:00:00+00:00,5800.13,5817.14,5800.12,5816.12,749
2026-05-04T17:15:00+00:00,5816.12,5834.14,5812.12,5833.14,747
2026-05-04T17:30:00+00:00,5833.14,5833.14,5823.12,5828.62,329
2026-05-04T17:45:00+00:00,5828.62,5830.14,5825.62,5826.12,199
2026-05-04T18:00:00+00:00,5826.12,5832.14,5824.63,5825.14,365
2026-05-04T18:15:00+00:00,5825.14,5825.14,5810.13,5815.13,447
2026-05-04T18:30:00+00:00,5815.13,5815.62,5808.12,5809.14,299
2026-05-04T18:45:00+00:00,5809.14,5811.14,5803.13,5809.63,474
2026-05-04T19:00:00+00:00,5809.63,5820.13,5807.12,5820.13,532
2026-05-04T19:15:00+00:00,5820.13,5822.14,5812.12,5817.14,172
2026-05-04T19:30:00+00:00,5817.14,5821.12,5816.13,5817.64,97
2026-05-04T19:45:00+00:00,5817.64,5825.14,5815.12,5823.18,273
2026-05-05T06:00:00+00:00,5823.18,5828.68,5820.66,5821.67,439.1469115191987
2026-05-05T06:15:00+00:00,5821.67,5822.67,5811.67,5814.68,288
2026-05-05T06:30:00+00:00,5814.68,5831.68,5814.68,5831.18,460
2026-05-05T06:45:00+00:00,5831.18,5844.67,5829.16,5843.16,361
2026-05-05T07:00:00+00:00,5843.16,5864.68,5837.66,5862.68,1379
2026-05-05T07:15:00+00:00,5862.68,5875.68,5861.67,5873.67,736
2026-05-05T07:30:00+00:00,5873.67,5905.68,5872.66,5893.66,1395
2026-05-05T07:45:00+00:00,5893.66,5894.67,5881.66,5882.67,735
2026-05-05T08:00:00+00:00,5882.67,5891.68,5880.66,5890.17,805
2026-05-05T08:15:00+00:00,5890.17,5903.18,5889.66,5896.68,635
2026-05-05T08:30:00+00:00,5896.68,5903.66,5895.68,5899.68,705
2026-05-05T08:45:00+00:00,5899.68,5905.68,5895.68,5904.18,538
2026-05-05T09:00:00+00:00,5904.18,5905.16,5895.67,5903.17,615
2026-05-05T09:15:00+00:00,5903.17,5906.68,5900.66,5904.67,465
2026-05-05T09:30:00+00:00,5904.67,5910.68,5902.16,5909.18,531
2026-05-05T09:45:00+00:00,5909.18,5915.18,5906.66,5913.67,275
2026-05-05T10:00:00+00:00,5913.67,5914.68,5909.66,5911.67,284
2026-05-05T10:15:00+00:00,5911.67,5914.68,5908.66,5912.67,195
2026-05-05T10:30:00+00:00,5912.67,5928.68,5911.67,5912.68,730
2026-05-05T10:45:00+00:00,5912.68,5918.68,5910.66,5917.68,472
2026-05-05T11:00:00+00:00,5917.68,5922.67,5905.66,5905.66,664
2026-05-05T11:15:00+00:00,5905.66,5913.68,5900.66,5908.66,715
2026-05-05T11:30:00+00:00,5908.66,5917.68,5906.66,5915.16,473
2026-05-05T11:45:00+00:00,5915.16,5915.68,5907.16,5907.16,356
2026-05-05T12:00:00+00:00,5907.16,5920.66,5900.66,5918.18,1025
2026-05-05T12:15:00+00:00,5918.18,5924.18,5915.66,5921.66,882
2026-05-05T12:30:00+00:00,5921.66,5923.18,5908.67,5910.68,375
2026-05-05T12:45:00+00:00,5910.68,5911.68,5906.16,5910.18,253
2026-05-05T13:00:00+00:00,5910.18,5922.68,5908.66,5919.17,320
2026-05-05T13:15:00+00:00,5919.17,5921.68,5914.67,5918.66,324
2026-05-05T13:30:00+00:00,5918.66,5919.68,5902.66,5905.67,674
2026-05-05T13:45:00+00:00,5905.67,5916.68,5905.67,5911.67,708
2026-05-05T14:00:00+00:00,5911.67,5918.68,5899.66,5903.68,1086
2026-05-05T14:15:00+00:00,5903.68,5912.68,5891.67,5907.17,1447
2026-05-05T14:30:00+00:00,5907.17,5910.68,5902.18,5909.18,629
2026-05-05T14:45:00+00:00,5909.18,5916.68,5904.16,5916.66,514
2026-05-05T15:00:00+00:00,5916.66,5929.68,5914.66,5928.66,403
2026-05-05T15:15:00+00:00,5928.66,5939.18,5928.66,5937.17,306
2026-05-05T15:30:00+00:00,5937.17,5948.68,5933.67,5944.17,468
2026-05-05T15:45:00+00:00,5944.17,5948.68,5938.67,5938.67,172
2026-05-05T16:00:00+00:00,5938.67,5943.17,5935.66,5942.67,241
2026-05-05T16:15:00+00:00,5942.67,5943.68,5937.66,5941.18,191
2026-05-05T16:30:00+00:00,5941.18,5941.66,5937.66,5941.17,170
2026-05-05T16:45:00+00:00,5941.17,5942.68,5938.66,5939.67,118
2026-05-05T17:00:00+00:00,5939.67,5940.16,5935.66,5938.68,64
2026-05-05T17:15:00+00:00,5938.68,5942.68,5938.67,5942.66,75.10664819944598
2026-05-05T17:30:00+00:00,5942.66,5949.16,5942.66,5945.17,101
2026-05-05T17:45:00+00:00,5945.17,5946.68,5942.68,5944.66,52
2026-05-05T18:00:00+00:00,5944.66,5949.68,5943.66,5948.16,83
2026-05-05T18:15:00+00:00,5948.16,5948.67,5945.66,5947.68,50.18776077885953
2026-05-05T18:30:00+00:00,5947.68,5948.68,5944.66,5947.17,65
2026-05-05T18:45:00+00:00,5947.17,5948.68,5946.66,5948.68,40.01427212178877
2026-05-05T19:00:00+00:00,5948.68,5951.66,5947.67,5948.67,41.00400801603206
2026-05-05T19:15:00+00:00,5948.67,5949.68,5947.66,5949.67,42
2026-05-05T19:30:00+00:00,5949.67,5952.68,5948.66,5952.18,62
2026-05-05T19:45:00+00:00,5952.18,5952.18,5942.68,5945.72,144
2026-05-06T06:00:00+00:00,5945.72,5999.15,5945.72,5988.15,279.11697660467905
2026-05-06T06:15:00+00:00,5988.15,5997.15,5986.14,5993.15,236
2026-05-06T06:30:00+00:00,5993.15,5997.15,5986.15,5995.13,373
2026-05-06T06:45:00+00:00,5995.13,5999.15,5993.14,5999.15,302
2026-05-06T07:00:00+00:00,5999.15,6020.15,5994.13,6011.15,1029
2026-05-06T07:15:00+00:00,6011.15,6012.15,6002.14,6007.15,594
2026-05-06T07:30:00+00:00,6007.15,6019.15,6003.63,6019.15,583
2026-05-06T07:45:00+00:00,6019.15,6030.15,6016.14,6028.15,631
2026-05-06T08:00:00+00:00,6028.15,6034.15,6026.13,6030.14,747
2026-05-06T08:15:00+00:00,6030.14,6031.15,6026.13,6030.13,545
2026-05-06T08:30:00+00:00,6030.13,6039.15,6028.14,6035.64,415
2026-05-06T08:45:00+00:00,6035.64,6105.15,6035.64,6088.14,4589
2026-05-06T09:00:00+00:00,6088.14,6096.15,6069.13,6073.64,1841
2026-05-06T09:15:00+00:00,6073.64,6081.15,6067.13,6067.63,1144
2026-05-06T09:30:00+00:00,6067.63,6088.15,6065.13,6085.64,1141
2026-05-06T09:45:00+00:00,6085.64,6091.65,6080.13,6089.14,597
2026-05-06T10:00:00+00:00,6089.14,6099.15,6088.13,6095.64,897
2026-05-06T10:15:00+00:00,6095.64,6108.13,6095.64,6104.65,548
2026-05-06T10:30:00+00:00,6104.65,6117.14,6102.65,6116.63,707
2026-05-06T10:45:00+00:00,6116.63,6137.15,6107.13,6126.15,1604
2026-05-06T11:00:00+00:00,6126.15,6134.15,6120.13,6130.64,1081
2026-05-06T11:15:00+00:00,6130.64,6136.15,6126.15,6131.63,729
2026-05-06T11:30:00+00:00,6131.63,6141.13,6122.13,6122.15,998
2026-05-06T11:45:00+00:00,6122.15,6126.15,6114.13,6116.64,1050
2026-05-06T12:00:00+00:00,6116.64,6117.15,6078.14,6091.13,1305
2026-05-06T12:15:00+00:00,6091.13,6100.14,6072.13,6095.14,1901
2026-05-06T12:30:00+00:00,6095.14,6098.15,6089.13,6095.13,726
2026-05-06T12:45:00+00:00,6095.13,6100.15,6089.14,6095.65,621
2026-05-06T13:00:00+00:00,6095.65,6097.15,6074.13,6087.15,1340
2026-05-06T13:15:00+00:00,6087.15,6092.15,6081.13,6085.63,638
2026-05-06T13:30:00+00:00,6085.63,6094.15,6083.13,6087.14,1436
2026-05-06T13:45:00+00:00,6087.14,6090.15,6074.13,6086.13,841
2026-05-06T14:00:00+00:00,6086.13,6094.15,6078.14,6090.15,1008
2026-05-06T14:15:00+00:00,6090.15,6093.15,6081.13,6082.14,1080
2026-05-06T14:30:00+00:00,6082.14,6107.15,6080.65,6103.14,1124
2026-05-06T14:45:00+00:00,6103.14,6107.15,6091.14,6100.65,887.9987946361308
2026-05-06T15:00:00+00:00,6100.65,6102.669999999999,6095.65,6102.15,519
2026-05-06T15:15:00+00:00,6102.15,6114.16,6099.65,6109.16,431
2026-05-06T15:30:00+00:00,6109.16,6111.669999999999,6093.15,6099.65,543
2026-05-06T15:45:00+00:00,6099.65,6103.669999999999,6097.65,6100.16,309
2026-05-06T16:00:00+00:00,6100.16,6103.669999999999,6098.169999999999,6102.669999999999,360
2026-05-06T16:15:00+00:00,6102.669999999999,6104.66,6101.65,6102.669999999999,292
2026-05-06T16:30:00+00:00,6102.669999999999,6107.669999999999,6102.65,6105.66,176
2026-05-06T16:45:00+00:00,6105.66,6106.669999999999,6095.65,6100.169999999999,450
2026-05-06T17:00:00+00:00,6100.169999999999,6107.65,6098.65,6102.169999999999,290
2026-05-06T17:15:00+00:00,6102.169999999999,6102.669999999999,6100.15,6102.669999999999,116
2026-05-06T17:30:00+00:00,6102.669999999999,6103.669999999999,6099.65,6103.15,201
2026-05-06T17:45:00+00:00,6103.15,6104.669999999999,6102.65,6104.66,118
2026-05-06T18:00:00+00:00,6104.66,6107.669999999999,6103.66,6105.169999999999,207
2026-05-06T18:15:00+00:00,6105.169999999999,6109.66,6105.169999999999,6107.66,59
2026-05-06T18:30:00+00:00,6107.66,6108.669999999999,6105.65,6106.65,182
2026-05-06T18:45:00+00:00,6106.65,6108.669999999999,6106.65,6107.669999999999,87.92503469675869
2026-05-06T19:00:00+00:00,6107.669999999999,6115.669999999999,6107.66,6115.65,216
2026-05-06T19:15:00+00:00,6115.65,6116.669999999999,6113.66,6115.65,110.41539927936986
2026-05-06T19:30:00+00:00,6115.65,6116.669999999999,6111.669999999999,6116.169999999999,121
2026-05-06T19:45:00+00:00,6116.169999999999,6121.669999999999,6111.7,6112.2,383
2026-05-07T06:00:00+00:00,6112.2,6115.7,6106.179999999999,6106.19,265.3862718707941
2026-05-07T06:15:00+00:00,6106.19,6113.179999999999,6105.679999999999,6110.69,171
2026-05-07T06:30:00+00:00,6110.69,6133.679999999999,6108.679999999999,6127.679999999999,380
2026-05-07T06:45:00+00:00,6127.679999999999,6128.19,6118.69,6122.7,423
2026-05-07T07:00:00+00:00,6122.7,6128.2,6109.679999999999,6127.2,1878
2026-05-07T07:15:00+00:00,6127.2,6134.7,6115.679999999999,6133.69,1365
2026-05-07T07:30:00+00:00,6133.69,6139.7,6129.679999999999,6131.69,759
2026-05-07T07:45:00+00:00,6131.69,6131.7,6117.679999999999,6118.179999999999,584
2026-05-07T08:00:00+00:00,6118.179999999999,6126.7,6118.179999999999,6126.19,640
2026-05-07T08:15:00+00:00,6126.19,6129.679999999999,6112.679999999999,6121.19,967
2026-05-07T08:30:00+00:00,6121.19,6125.7,6116.679999999999,6117.2,392
2026-05-07T08:45:00+00:00,6117.2,6118.7,6106.179999999999,6108.7,411
2026-05-07T09:00:00+00:00,6108.7,6111.679999999999,6105.679999999999,6110.69,426
2026-05-07T09:15:00+00:00,6110.69,6114.69,6109.179999999999,6112.69,269
2026-05-07T09:30:00+00:00,6112.69,6114.7,6108.679999999999,6109.679999999999,414
2026-05-07T09:45:00+00:00,6109.679999999999,6111.7,6099.679999999999,6101.179999999999,323
2026-05-07T10:00:00+00:00,6101.179999999999,6103.7,6094.679999999999,6100.2,390
2026-05-07T10:15:00+00:00,6100.2,6106.19,6097.679999999999,6101.69,327
2026-05-07T10:30:00+00:00,6101.69,6107.69,6097.679999999999,6105.69,371
2026-05-07T10:45:00+00:00,6105.69,6106.69,6094.679999999999,6095.69,252
2026-05-07T11:00:00+00:00,6095.69,6099.7,6091.19,6099.179999999999,283
2026-05-07T11:15:00+00:00,6099.179999999999,6103.7,6095.679999999999,6099.69,487
2026-05-07T11:30:00+00:00,6099.69,6106.7,6096.679999999999,6104.679999999999,253
2026-05-07T11:45:00+00:00,6104.679999999999,6105.7,6098.7,6100.69,251.05403225806452
2026-05-07T12:00:00+00:00,6100.69,6104.7,6097.2,6102.179999999999,309
2026-05-07T12:15:00+00:00,6102.179999999999,6113.7,6100.679999999999,6113.7,317
2026-05-07T12:30:00+00:00,6113.7,6118.7,6111.679999999999,6115.679999999999,256
2026-05-07T12:45:00+00:00,6115.679999999999,6119.7,6107.69,6112.69,324
2026-05-07T13:00:00+00:00,6112.69,6112.69,6099.69,6100.7,363
2026-05-07T13:15:00+00:00,6100.7,6105.679999999999,6099.679999999999,6102.2,262
2026-05-07T13:30:00+00:00,6102.2,6102.2,6080.69,6081.69,557
2026-05-07T13:45:00+00:00,6081.69,6084.7,6072.679999999999,6081.179999999999,1062
2026-05-07T14:00:00+00:00,6081.179999999999,6082.7,6067.679999999999,6071.7,665
2026-05-07T14:15:00+00:00,6071.7,6072.7,6061.69,6064.69,524
2026-05-07T14:30:00+00:00,6064.69,6072.7,6062.179999999999,6064.679999999999,629
2026-05-07T14:45:00+00:00,6064.679999999999,6071.7,6061.69,6070.19,424
2026-05-07T15:00:00+00:00,6070.19,6070.19,6057.7,6063.19,575
2026-05-07T15:15:00+00:00,6063.19,6063.19,6039.679999999999,6046.69,916
2026-05-07T15:30:00+00:00,6046.69,6052.7,6037.19,6043.679999999999,639
2026-05-07T15:45:00+00:00,6043.679999999999,6044.69,6026.679999999999,6030.19,694
2026-05-07T16:00:00+00:00,6030.19,6033.7,6015.679999999999,6019.179999999999,1253
2026-05-07T16:15:00+00:00,6019.179999999999,6027.7,6012.679999999999,6025.679999999999,1419
2026-05-07T16:30:00+00:00,6025.679999999999,6029.7,6010.2,6015.679999999999,725
2026-05-07T16:45:00+00:00,6015.679999999999,6015.69,6007.69,6012.7,674
2026-05-07T17:00:00+00:00,6012.7,6016.7,6010.679999999999,6011.679999999999,600
2026-05-07T17:15:00+00:00,6011.679999999999,6014.7,5976.19,5986.69,1885
2026-05-07T17:30:00+00:00,5986.69,5996.679999999999,5982.679999999999,5990.69,1616
2026-05-07T17:45:00+00:00,5990.69,6000.7,5982.7,6000.2,1186
2026-05-07T18:00:00+00:00,6000.2,6002.7,5992.69,5996.7,757
2026-05-07T18:15:00+00:00,5996.7,6002.7,5992.679999999999,5993.7,665
2026-05-07T18:30:00+00:00,5993.7,5998.7,5978.179999999999,5981.679999999999,882
2026-05-07T18:45:00+00:00,5981.679999999999,5993.7,5977.679999999999,5993.7,1429
2026-05-07T19:00:00+00:00,5993.7,6000.7,5988.679999999999,5995.7,755
2026-05-07T19:15:00+00:00,5995.7,5995.7,5974.679999999999,5983.69,969
2026-05-07T19:30:00+00:00,5983.69,5993.69,5983.19,5990.179999999999,341
2026-05-07T19:45:00+00:00,5990.179999999999,5995.7,5979.2,5985.74,813
2026-05-08T06:00:00+00:00,5985.74,5992.37,5976.24,5986.879999999999,432.5885286783042
2026-05-08T06:15:00+00:00,5986.879999999999,5999.389999999999,5985.379999999999,5995.37,311
2026-05-08T06:30:00+00:00,5995.37,5998.37,5987.37,5991.37,439
2026-05-08T06:45:00+00:00,5991.37,5992.389999999999,5984.379999999999,5990.389999999999,353
2026-05-08T07:00:00+00:00,5990.389999999999,5990.389999999999,5971.379999999999,5973.389999999999,1129
2026-05-08T07:15:00+00:00,5973.389999999999,5979.37,5970.37,5975.379999999999,858
2026-05-08T07:30:00+00:00,5975.379999999999,5978.389999999999,5967.37,5976.889999999999,702
2026-05-08T07:45:00+00:00,5976.889999999999,5989.389999999999,5975.37,5988.389999999999,592
2026-05-08T08:00:00+00:00,5988.389999999999,5989.389999999999,5975.37,5975.879999999999,664
2026-05-08T08:15:00+00:00,5975.879999999999,5984.37,5975.379999999999,5977.379999999999,531
2026-05-08T08:30:00+00:00,5977.379999999999,5985.389999999999,5977.37,5978.889999999999,468
2026-05-08T08:45:00+00:00,5978.889999999999,5985.389999999999,5974.37,5977.87,471
2026-05-08T09:00:00+00:00,5977.87,5992.389999999999,5976.87,5989.889999999999,411
2026-05-08T09:15:00+00:00,5989.889999999999,6001.389999999999,5985.37,5997.879999999999,343
2026-05-08T09:30:00+00:00,5997.879999999999,6000.389999999999,5992.37,5996.379999999999,345
2026-05-08T09:45:00+00:00,5996.379999999999,5996.889999999999,5980.37,5984.389999999999,441
2026-05-08T10:00:00+00:00,5984.389999999999,5987.879999999999,5979.37,5981.879999999999,414
2026-05-08T10:15:00+00:00,5981.879999999999,5991.87,5979.889999999999,5987.889999999999,271
2026-05-08T10:30:00+00:00,5987.889999999999,5994.389999999999,5986.87,5993.37,291
2026-05-08T10:45:00+00:00,5993.37,5993.37,5979.37,5991.879999999999,629
2026-05-08T11:00:00+00:00,5991.879999999999,5997.379999999999,5987.37,5989.379999999999,458
2026-05-08T11:15:00+00:00,5989.379999999999,5991.389999999999,5981.379999999999,5986.87,227
2026-05-08T11:30:00+00:00,5986.87,5989.37,5978.389999999999,5978.389999999999,274
2026-05-08T11:45:00+00:00,5978.389999999999,5984.389999999999,5976.37,5982.379999999999,344
2026-05-08T12:00:00+00:00,5982.379999999999,5984.879999999999,5979.37,5983.379999999999,408
2026-05-08T12:15:00+00:00,5983.379999999999,5988.37,5979.389999999999,5986.37,293
2026-05-08T12:30:00+00:00,5986.37,5998.379999999999,5983.889999999999,5985.389999999999,748
2026-05-08T12:45:00+00:00,5985.389999999999,5988.379999999999,5971.889999999999,5978.37,527
2026-05-08T13:00:00+00:00,5978.37,5982.389999999999,5968.37,5974.379999999999,774
2026-05-08T13:15:00+00:00,5974.379999999999,5990.389999999999,5972.37,5990.389999999999,388
2026-05-08T13:30:00+00:00,5990.389999999999,5997.389999999999,5984.37,5996.389999999999,702
2026-05-08T13:45:00+00:00,5996.389999999999,6007.389999999999,5996.37,6007.379999999999,348
2026-05-08T14:00:00+00:00,6007.379999999999,6008.37,5983.37,5985.389999999999,669
2026-05-08T14:15:00+00:00,5985.389999999999,5988.379999999999,5979.37,5980.37,517
2026-05-08T14:30:00+00:00,5980.37,5983.379999999999,5972.37,5979.37,590
2026-05-08T14:45:00+00:00,5979.37,5983.37,5975.37,5975.889999999999,405.20540111199364
2026-05-08T15:00:00+00:00,5975.889999999999,5978.889999999999,5966.87,5967.379999999999,390
2026-05-08T15:15:00+00:00,5967.379999999999,5969.889999999999,5961.87,5966.879999999999,327
2026-05-08T15:30:00+00:00,5966.879999999999,5978.889999999999,5956.879999999999,5967.889999999999,587
2026-05-08T15:45:00+00:00,5967.889999999999,5976.889999999999,5964.87,5976.87,459
2026-05-08T16:00:00+00:00,5976.87,5984.889999999999,5976.87,5977.889999999999,396
2026-05-08T16:15:00+00:00,5977.889999999999,5979.879999999999,5974.87,5978.879999999999,190
2026-05-08T16:30:00+00:00,5978.879999999999,5978.889999999999,5972.87,5974.879999999999,98
2026-05-08T16:45:00+00:00,5974.879999999999,5978.889999999999,5972.87,5972.87,330
2026-05-08T17:00:00+00:00,5972.87,5986.889999999999,5970.889999999999,5986.889999999999,252
2026-05-08T17:15:00+00:00,5986.889999999999,5989.889999999999,5984.87,5988.37,215
2026-05-08T17:30:00+00:00,5988.37,5989.879999999999,5983.87,5985.879999999999,144
2026-05-08T17:45:00+00:00,5985.879999999999,5986.889999999999,5981.87,5984.889999999999,114
2026-05-08T18:00:00+00:00,5984.889999999999,6000.889999999999,5984.879999999999,5990.889999999999,522
2026-05-08T18:15:00+00:00,5990.889999999999,5991.87,5986.87,5987.889999999999,154
2026-05-08T18:30:00+00:00,5987.889999999999,5990.889999999999,5985.87,5985.87,162
2026-05-08T18:45:00+00:00,5985.87,5986.889999999999,5978.87,5982.879999999999,190
2026-05-08T19:00:00+00:00,5982.879999999999,5988.889999999999,5982.879999999999,5987.879999999999,136
2026-05-08T19:15:00+00:00,5987.879999999999,5990.889999999999,5987.379999999999,5989.379999999999,165
2026-05-08T19:30:00+00:00,5989.379999999999,5998.87,5988.389999999999,5996.87,201
2026-05-08T19:45:00+00:00,5996.87,5998.889999999999,5988.889999999999,5995.929999999999,433
2026-05-11T06:00:00+00:00,5995.929999999999,5997.929999999999,5959.879999999999,5960.889999999999,205.25157955198162
2026-05-11T06:15:00+00:00,5960.889999999999,5964.889999999999,5955.889999999999,5963.879999999999,159
2026-05-11T06:30:00+00:00,5963.879999999999,5963.9,5958.879999999999,5960.9,202
2026-05-11T06:45:00+00:00,5960.9,5966.9,5959.879999999999,5963.379999999999,222
2026-05-11T07:00:00+00:00,5963.379999999999,5971.9,5962.379999999999,5966.9,594
2026-05-11T07:15:00+00:00,5966.9,5970.9,5961.889999999999,5962.9,487
2026-05-11T07:30:00+00:00,5962.9,5966.879999999999,5956.879999999999,5962.889999999999,520
2026-05-11T07:45:00+00:00,5962.889999999999,5964.9,5957.879999999999,5960.4,400
2026-05-11T08:00:00+00:00,5960.4,5963.9,5951.879999999999,5959.9,594
2026-05-11T08:15:00+00:00,5959.9,5965.9,5956.4,5956.4,534
2026-05-11T08:30:00+00:00,5956.4,5962.9,5955.879999999999,5959.389999999999,365
2026-05-11T08:45:00+00:00,5959.389999999999,5959.9,5950.879999999999,5951.4,325
2026-05-11T09:00:00+00:00,5951.4,5952.889999999999,5945.379999999999,5945.389999999999,338
2026-05-11T09:15:00+00:00,5945.389999999999,5948.889999999999,5943.879999999999,5945.379999999999,145
2026-05-11T09:30:00+00:00,5945.379999999999,5958.379999999999,5944.879999999999,5958.379999999999,190
2026-05-11T09:45:00+00:00,5958.379999999999,5962.9,5950.4,5950.4,251
2026-05-11T10:00:00+00:00,5950.4,5951.9,5944.879999999999,5948.9,210
2026-05-11T10:15:00+00:00,5948.9,5951.9,5946.879999999999,5950.9,308
2026-05-11T10:30:00+00:00,5950.9,5953.9,5943.379999999999,5946.889999999999,413
2026-05-11T10:45:00+00:00,5946.889999999999,5950.9,5942.9,5947.4,418
2026-05-11T11:00:00+00:00,5947.4,5951.9,5944.889999999999,5946.889999999999,300
2026-05-11T11:15:00+00:00,5946.889999999999,5948.9,5942.879999999999,5948.9,251.4396177237185
2026-05-11T11:30:00+00:00,5948.9,5952.9,5944.879999999999,5944.9,245
2026-05-11T11:45:00+00:00,5944.9,5945.379999999999,5935.879999999999,5940.879999999999,311
2026-05-11T12:00:00+00:00,5940.879999999999,5941.9,5932.889999999999,5936.889999999999,390
2026-05-11T12:15:00+00:00,5936.889999999999,5947.9,5934.889999999999,5946.9,307
2026-05-11T12:30:00+00:00,5946.9,5952.9,5946.879999999999,5947.9,267
2026-05-11T12:45:00+00:00,5947.9,5950.9,5936.879999999999,5950.879999999999,614
2026-05-11T13:00:00+00:00,5950.879999999999,5958.9,5949.879999999999,5958.9,365
2026-05-11T13:15:00+00:00,5958.9,5962.889999999999,5956.889999999999,5961.879999999999,318
2026-05-11T13:30:00+00:00,5961.879999999999,5965.9,5954.879999999999,5955.379999999999,575
2026-05-11T13:45:00+00:00,5955.379999999999,5959.879999999999,5950.889999999999,5953.389999999999,334
2026-05-11T14:00:00+00:00,5953.389999999999,5953.9,5945.879999999999,5949.879999999999,378
2026-05-11T14:15:00+00:00,5949.879999999999,5956.889999999999,5947.879999999999,5948.4,378
2026-05-11T14:30:00+00:00,5948.4,5948.889999999999,5935.889999999999,5945.9,982
2026-05-11T14:45:00+00:00,5945.9,5949.879999999999,5939.879999999999,5946.389999999999,310
2026-05-11T15:00:00+00:00,5946.389999999999,5952.9,5945.4,5951.379999999999,348
2026-05-11T15:15:00+00:00,5951.379999999999,5960.889999999999,5948.879999999999,5958.389999999999,254
2026-05-11T15:30:00+00:00,5958.389999999999,5961.4,5945.879999999999,5947.889999999999,323
2026-05-11T15:45:00+00:00,5947.889999999999,5954.9,5944.879999999999,5950.4,408
2026-05-11T16:00:00+00:00,5950.4,5952.4,5947.879999999999,5951.9,155
2026-05-11T16:15:00+00:00,5951.9,5953.9,5948.879999999999,5951.9,102
2026-05-11T16:30:00+00:00,5951.9,5951.9,5934.879999999999,5938.9,705
2026-05-11T16:45:00+00:00,5938.9,5941.9,5932.889999999999,5934.879999999999,438
2026-05-11T17:00:00+00:00,5934.879999999999,5937.879999999999,5932.879999999999,5937.4,277
2026-05-11T17:15:00+00:00,5937.4,5942.889999999999,5934.389999999999,5940.879999999999,120
2026-05-11T17:30:00+00:00,5940.879999999999,5946.889999999999,5940.879999999999,5946.889999999999,99
2026-05-11T17:45:00+00:00,5946.889999999999,5947.889999999999,5943.879999999999,5946.889999999999,163
2026-05-11T18:00:00+00:00,5946.889999999999,5952.9,5946.889999999999,5948.889999999999,116
2026-05-11T18:15:00+00:00,5948.889999999999,5951.9,5945.879999999999,5950.889999999999,329
2026-05-11T18:30:00+00:00,5950.889999999999,5952.389999999999,5947.879999999999,5948.9,93
2026-05-11T18:45:00+00:00,5948.9,5950.9,5944.889999999999,5946.379999999999,217
2026-05-11T19:00:00+00:00,5946.379999999999,5951.4,5945.379999999999,5948.879999999999,235
2026-05-11T19:15:00+00:00,5948.879999999999,5949.379999999999,5945.389999999999,5945.389999999999,81.49021864211738
2026-05-11T19:30:00+00:00,5945.389999999999,5945.9,5938.879999999999,5940.379999999999,147
2026-05-11T19:45:00+00:00,5940.379999999999,5954.9,5940.379999999999,5952.929999999999,174
2026-05-12T06:00:00+00:00,5952.929999999999,5953.929999999999,5915.299999999999,5917.299999999999,301.92420653718614
2026-05-12T06:15:00+00:00,5917.299999999999,5918.32,5905.299999999999,5907.82,302
2026-05-12T06:30:00+00:00,5907.82,5908.3099999999995,5901.299999999999,5903.299999999999,237
2026-05-12T06:45:00+00:00,5903.299999999999,5905.32,5890.3099999999995,5898.299999999999,365
2026-05-12T07:00:00+00:00,5898.299999999999,5899.32,5880.799999999999,5896.799999999999,859
2026-05-12T07:15:00+00:00,5896.799999999999,5908.82,5894.299999999999,5908.82,569
2026-05-12T07:30:00+00:00,5908.82,5919.32,5908.299999999999,5917.299999999999,391
2026-05-12T07:45:00+00:00,5917.299999999999,5918.32,5905.3099999999995,5905.3099999999995,327
2026-05-12T08:00:00+00:00,5905.3099999999995,5907.299999999999,5897.299999999999,5902.3099999999995,586
2026-05-12T08:15:00+00:00,5902.3099999999995,5913.32,5899.299999999999,5906.3099999999995,584
2026-05-12T08:30:00+00:00,5906.3099999999995,5909.32,5901.3099999999995,5908.299999999999,475
2026-05-12T08:45:00+00:00,5908.299999999999,5917.32,5901.299999999999,5905.3099999999995,479
2026-05-12T09:00:00+00:00,5905.3099999999995,5907.32,5901.299999999999,5905.299999999999,544
2026-05-12T09:15:00+00:00,5905.299999999999,5908.32,5901.299999999999,5907.799999999999,401
2026-05-12T09:30:00+00:00,5907.799999999999,5924.32,5906.32,5906.32,968
2026-05-12T09:45:00+00:00,5906.32,5909.32,5895.8099999999995,5900.799999999999,399
2026-05-12T10:00:00+00:00,5900.799999999999,5911.32,5899.32,5908.299999999999,305
2026-05-12T10:15:00+00:00,5908.299999999999,5908.32,5904.299999999999,5908.3099999999995,199
2026-05-12T10:30:00+00:00,5908.3099999999995,5909.32,5902.299999999999,5903.299999999999,343
2026-05-12T10:45:00+00:00,5903.299999999999,5905.3099999999995,5898.299999999999,5904.3099999999995,183
2026-05-12T11:00:00+00:00,5904.3099999999995,5915.32,5899.299999999999,5902.82,627
2026-05-12T11:15:00+00:00,5902.82,5903.32,5896.799999999999,5898.82,268
2026-05-12T11:30:00+00:00,5898.82,5906.32,5898.299999999999,5905.799999999999,330
2026-05-12T11:45:00+00:00,5905.799999999999,5906.32,5899.8099999999995,5901.32,237
2026-05-12T12:00:00+00:00,5901.32,5903.32,5894.799999999999,5898.3099999999995,444
2026-05-12T12:15:00+00:00,5898.3099999999995,5903.799999999999,5894.299999999999,5899.32,377
2026-05-12T12:30:00+00:00,5899.32,5911.32,5891.299999999999,5907.8099999999995,813
2026-05-12T12:45:00+00:00,5907.8099999999995,5916.32,5907.8099999999995,5909.82,423
2026-05-12T13:00:00+00:00,5909.82,5912.299999999999,5901.299999999999,5901.8099999999995,286
2026-05-12T13:15:00+00:00,5901.8099999999995,5902.32,5891.799999999999,5894.299999999999,216
2026-05-12T13:30:00+00:00,5894.299999999999,5896.32,5888.299999999999,5889.3099999999995,695
2026-05-12T13:45:00+00:00,5889.3099999999995,5891.32,5882.3099999999995,5883.82,651
2026-05-12T14:00:00+00:00,5883.82,5895.32,5883.32,5893.299999999999,792
2026-05-12T14:15:00+00:00,5893.299999999999,5895.32,5884.799999999999,5888.32,591
2026-05-12T14:30:00+00:00,5888.32,5890.3099999999995,5878.8099999999995,5887.3099999999995,942
2026-05-12T14:45:00+00:00,5887.3099999999995,5888.32,5877.299999999999,5878.82,669
2026-05-12T15:00:00+00:00,5878.82,5881.82,5871.299999999999,5873.32,657
2026-05-12T15:15:00+00:00,5873.32,5876.82,5864.3099999999995,5876.82,414
2026-05-12T15:30:00+00:00,5876.82,5884.3099999999995,5869.799999999999,5879.299999999999,446
2026-05-12T15:45:00+00:00,5879.299999999999,5881.32,5873.799999999999,5873.8099999999995,455
2026-05-12T16:00:00+00:00,5873.8099999999995,5879.32,5870.299999999999,5878.32,432
2026-05-12T16:15:00+00:00,5878.32,5880.32,5872.299999999999,5873.3099999999995,368
2026-05-12T16:30:00+00:00,5873.3099999999995,5876.32,5868.799999999999,5873.3099999999995,621
2026-05-12T16:45:00+00:00,5873.3099999999995,5874.82,5870.32,5874.32,567
2026-05-12T17:00:00+00:00,5874.32,5883.32,5873.799999999999,5883.32,317
2026-05-12T17:15:00+00:00,5883.32,5893.32,5883.299999999999,5887.299999999999,275
2026-05-12T17:30:00+00:00,5887.299999999999,5890.32,5884.32,5887.82,365
2026-05-12T17:45:00+00:00,5887.82,5891.3099999999995,5886.3099999999995,5890.3099999999995,362
2026-05-12T18:00:00+00:00,5890.3099999999995,5892.32,5884.299999999999,5889.3099999999995,419
2026-05-12T18:15:00+00:00,5889.3099999999995,5898.32,5889.299999999999,5895.299999999999,422
2026-05-12T18:30:00+00:00,5895.299999999999,5898.299999999999,5895.299999999999,5896.32,195
2026-05-12T18:45:00+00:00,5896.32,5897.32,5892.3099999999995,5892.799999999999,163
2026-05-12T19:00:00+00:00,5892.799999999999,5901.799999999999,5892.299999999999,5901.32,198
2026-05-12T19:15:00+00:00,5901.32,5902.32,5895.299999999999,5895.8099999999995,192
2026-05-12T19:30:00+00:00,5895.8099999999995,5901.82,5895.299999999999,5901.82,161
2026-05-12T19:45:00+00:00,5901.82,5908.32,5900.3099999999995,5907.86,120
2026-05-13T06:00:00+00:00,5907.86,5923.589999999999,5905.36,5921.589999999999,296.55646147574396
2026-05-13T06:15:00+00:00,5921.589999999999,5923.589999999999,5918.57,5921.57,161
2026-05-13T06:30:00+00:00,5921.57,5922.589999999999,5919.07,5919.07,208
2026-05-13T06:45:00+00:00,5919.07,5922.589999999999,5913.57,5922.589999999999,153
2026-05-13T07:00:00+00:00,5922.589999999999,5922.589999999999,5902.57,5905.079999999999,848
2026-05-13T07:15:00+00:00,5905.079999999999,5907.589999999999,5898.57,5900.079999999999,431
2026-05-13T07:30:00+00:00,5900.079999999999,5913.589999999999,5898.079999999999,5910.57,239
2026-05-13T07:45:00+00:00,5910.57,5911.589999999999,5899.57,5902.579999999999,265
2026-05-13T08:00:00+00:00,5902.579999999999,5912.589999999999,5899.57,5912.57,445
2026-05-13T08:15:00+00:00,5912.57,5916.589999999999,5911.079999999999,5914.589999999999,304
2026-05-13T08:30:00+00:00,5914.589999999999,5915.589999999999,5903.57,5907.089999999999,336
2026-05-13T08:45:00+00:00,5907.089999999999,5907.589999999999,5896.57,5899.07,361
2026-05-13T09:00:00+00:00,5899.07,5903.589999999999,5890.57,5891.57,372
2026-05-13T09:15:00+00:00,5891.57,5894.589999999999,5889.57,5890.589999999999,299
2026-05-13T09:30:00+00:00,5890.589999999999,5894.589999999999,5887.07,5891.57,541
2026-05-13T09:45:00+00:00,5891.57,5899.589999999999,5889.579999999999,5897.57,278
2026-05-13T10:00:00+00:00,5897.57,5903.579999999999,5891.57,5894.079999999999,462
2026-05-13T10:15:00+00:00,5894.079999999999,5895.579999999999,5883.57,5884.589999999999,420
2026-05-13T10:30:00+00:00,5884.589999999999,5897.589999999999,5881.57,5897.07,382
2026-05-13T10:45:00+00:00,5897.07,5897.589999999999,5889.079999999999,5889.079999999999,196
2026-05-13T11:00:00+00:00,5889.079999999999,5891.589999999999,5885.07,5887.589999999999,246
2026-05-13T11:15:00+00:00,5887.589999999999,5889.589999999999,5885.57,5888.089999999999,206
2026-05-13T11:30:00+00:00,5888.089999999999,5895.589999999999,5886.579999999999,5891.57,273
2026-05-13T11:45:00+00:00,5891.57,5897.079999999999,5891.57,5897.079999999999,153
2026-05-13T12:00:00+00:00,5897.079999999999,5900.589999999999,5894.57,5896.089999999999,232
2026-05-13T12:15:00+00:00,5896.089999999999,5896.089999999999,5879.57,5881.57,192
2026-05-13T12:30:00+00:00,5881.57,5881.57,5862.57,5867.07,907
2026-05-13T12:45:00+00:00,5867.07,5880.589999999999,5866.57,5878.07,355
2026-05-13T13:00:00+00:00,5878.07,5884.589999999999,5878.07,5882.57,199
2026-05-13T13:15:00+00:00,5882.57,5888.589999999999,5882.07,5886.079999999999,147
2026-05-13T13:30:00+00:00,5886.079999999999,5898.589999999999,5884.57,5897.089999999999,1108
2026-05-13T13:45:00+00:00,5897.089999999999,5901.57,5891.579999999999,5899.079999999999,910
2026-05-13T14:00:00+00:00,5899.079999999999,5903.589999999999,5897.57,5898.079999999999,782
2026-05-13T14:15:00+00:00,5898.079999999999,5905.589999999999,5893.57,5904.57,301
2026-05-13T14:30:00+00:00,5904.57,5913.079999999999,5904.57,5908.57,205
2026-05-13T14:45:00+00:00,5908.57,5914.579999999999,5908.57,5913.07,201.02671118530884
2026-05-13T15:00:00+00:00,5913.07,5916.5599999999995,5908.55,5910.07,175
2026-05-13T15:15:00+00:00,5910.07,5913.57,5908.05,5910.55,169
2026-05-13T15:30:00+00:00,5910.55,5937.07,5908.55,5933.05,322
2026-05-13T15:45:00+00:00,5933.05,5933.0599999999995,5923.55,5928.0599999999995,333
2026-05-13T16:00:00+00:00,5928.0599999999995,5934.57,5927.5599999999995,5932.57,231
2026-05-13T16:15:00+00:00,5932.57,5946.5599999999995,5930.57,5940.05,352
2026-05-13T16:30:00+00:00,5940.05,5941.57,5933.55,5940.05,407
2026-05-13T16:45:00+00:00,5940.05,5944.57,5937.55,5942.07,275
2026-05-13T17:00:00+00:00,5942.07,5946.57,5941.5599999999995,5943.55,171
2026-05-13T17:15:00+00:00,5943.55,5948.5599999999995,5941.55,5947.05,147.58189081225032
2026-05-13T17:30:00+00:00,5947.05,5947.57,5943.55,5945.55,165
2026-05-13T17:45:00+00:00,5945.55,5948.57,5944.55,5945.0599999999995,127
2026-05-13T18:00:00+00:00,5945.0599999999995,5948.57,5945.0599999999995,5947.07,304
2026-05-13T18:15:00+00:00,5947.07,5953.5599999999995,5946.57,5953.05,152
2026-05-13T18:30:00+00:00,5953.05,5953.57,5948.55,5948.5599999999995,162
2026-05-13T18:45:00+00:00,5948.5599999999995,5953.55,5947.5599999999995,5950.05,314
2026-05-13T19:00:00+00:00,5950.05,5953.57,5950.05,5952.55,169
2026-05-13T19:15:00+00:00,5952.55,5954.0599999999995,5951.55,5953.57,138
2026-05-13T19:30:00+00:00,5953.57,5956.57,5951.55,5954.5599999999995,159
2026-05-13T19:45:00+00:00,5954.5599999999995,5959.57,5951.05,5954.6,343
2026-05-14T06:00:00+00:00,5954.6,5968.46,5954.1,5961.45,224.35985887887102
2026-05-14T06:15:00+00:00,5961.45,5968.45,5960.44,5966.44,113
2026-05-14T06:30:00+00:00,5966.44,5974.46,5964.44,5974.46,151
2026-05-14T06:45:00+00:00,5974.46,5980.45,5968.44,5969.45,265
2026-05-14T07:00:00+00:00,5969.45,5976.46,5958.44,5960.96,560
2026-05-14T07:15:00+00:00,5960.96,5967.46,5957.44,5961.95,349
2026-05-14T07:30:00+00:00,5961.95,5971.46,5958.44,5965.46,344
2026-05-14T07:45:00+00:00,5965.46,5968.46,5948.46,5949.94,345
2026-05-14T08:00:00+00:00,5949.94,5961.46,5947.44,5960.94,721
2026-05-14T08:15:00+00:00,5960.94,5973.46,5960.94,5971.44,363
2026-05-14T08:30:00+00:00,5971.44,5977.46,5969.45,5973.45,433
2026-05-14T08:45:00+00:00,5973.45,5978.46,5972.44,5976.46,254
2026-05-14T09:00:00+00:00,5976.46,5981.45,5971.44,5976.45,410
2026-05-14T09:15:00+00:00,5976.45,5978.95,5974.94,5976.46,162
2026-05-14T09:30:00+00:00,5976.46,5978.46,5963.44,5972.45,630
2026-05-14T09:45:00+00:00,5972.45,5980.96,5971.44,5977.95,252
2026-05-14T10:00:00+00:00,5977.95,5989.46,5975.46,5983.44,531
2026-05-14T10:15:00+00:00,5983.44,5988.46,5981.44,5981.46,506
2026-05-14T10:30:00+00:00,5981.46,5983.46,5973.45,5975.46,167
2026-05-14T10:45:00+00:00,5975.46,5989.46,5974.44,5983.44,499
2026-05-14T11:00:00+00:00,5983.44,5990.46,5978.46,5988.94,338
2026-05-14T11:15:00+00:00,5988.94,5992.46,5982.45,5985.46,344
2026-05-14T11:30:00+00:00,5985.46,5990.45,5985.44,5988.45,200
2026-05-14T11:45:00+00:00,5988.45,5997.46,5987.45,5991.44,200
2026-05-14T12:00:00+00:00,5991.44,5998.46,5991.44,5992.94,206
2026-05-14T12:15:00+00:00,5992.94,5994.46,5987.96,5987.96,179
2026-05-14T12:30:00+00:00,5987.96,5991.46,5985.44,5986.96,160
2026-05-14T12:45:00+00:00,5986.96,5991.46,5983.45,5990.95,172
2026-05-14T13:00:00+00:00,5990.95,5991.46,5984.45,5989.44,153
2026-05-14T13:15:00+00:00,5989.44,5989.45,5980.95,5980.95,118
2026-05-14T13:30:00+00:00,5980.95,5985.46,5977.45,5982.46,327
2026-05-14T13:45:00+00:00,5982.46,5991.46,5979.44,5980.44,670
2026-05-14T14:00:00+00:00,5980.44,5999.46,5978.44,5997.45,491
2026-05-14T14:15:00+00:00,5997.45,6005.95,5989.44,5998.45,437
2026-05-14T14:30:00+00:00,5998.45,6008.45,5997.45,6000.96,441
2026-05-14T14:45:00+00:00,6000.96,6003.96,5995.44,6001.44,401
2026-05-14T15:00:00+00:00,6001.44,6007.45,5997.44,5998.95,277
2026-05-14T15:15:00+00:00,5998.95,6000.46,5994.45,5994.45,203
2026-05-14T15:30:00+00:00,5994.45,6007.44,5992.95,6001.45,309
2026-05-14T15:45:00+00:00,6001.45,6003.45,5997.44,5997.95,202
2026-05-14T16:00:00+00:00,5997.95,5999.46,5993.44,5993.44,289
2026-05-14T16:15:00+00:00,5993.44,5999.96,5991.44,5992.46,398
2026-05-14T16:30:00+00:00,5992.46,5994.46,5988.44,5989.94,447
2026-05-14T16:45:00+00:00,5989.94,5991.46,5978.45,5983.94,460
2026-05-14T17:00:00+00:00,5983.94,5989.46,5981.45,5982.45,480
2026-05-14T17:15:00+00:00,5982.45,5982.46,5967.95,5971.95,825
2026-05-14T17:30:00+00:00,5971.95,5980.46,5971.94,5977.45,482.71311754684837
2026-05-14T17:45:00+00:00,5977.45,5981.46,5975.46,5976.46,321
2026-05-14T18:00:00+00:00,5976.46,5976.46,5966.44,5973.96,595
2026-05-14T18:15:00+00:00,5973.96,5979.46,5973.96,5976.96,284
2026-05-14T18:30:00+00:00,5976.96,5980.46,5973.44,5975.45,352
2026-05-14T18:45:00+00:00,5975.45,5981.46,5975.44,5981.45,142.72028445648493
2026-05-14T19:00:00+00:00,5981.45,5983.46,5979.44,5980.95,275.7685314685315
2026-05-14T19:15:00+00:00,5980.95,5983.46,5978.44,5978.45,226.7474138775176
2026-05-14T19:30:00+00:00,5978.45,5980.46,5973.44,5973.45,169.95719985491476
2026-05-14T19:45:00+00:00,5973.45,5975.95,5970.44,5974.49,293
2026-05-15T06:00:00+00:00,5974.49,5979.49,5912.67,5924.67,506.2823454429573
2026-05-15T06:15:00+00:00,5924.67,5931.19,5922.67,5930.68,418
2026-05-15T06:30:00+00:00,5930.68,5938.69,5929.68,5937.17,347
2026-05-15T06:45:00+00:00,5937.17,5941.69,5929.67,5940.68,385
2026-05-15T07:00:00+00:00,5940.68,5948.67,5935.68,5947.69,563
2026-05-15T07:15:00+00:00,5947.69,5952.68,5943.67,5946.68,607
2026-05-15T07:30:00+00:00,5946.68,5949.19,5929.67,5931.17,560
2026-05-15T07:45:00+00:00,5931.17,5932.19,5922.68,5928.68,390
2026-05-15T08:00:00+00:00,5928.68,5930.68,5912.17,5914.67,627
2026-05-15T08:15:00+00:00,5914.67,5914.67,5892.67,5894.68,884
2026-05-15T08:30:00+00:00,5894.68,5909.69,5886.67,5908.69,1006
2026-05-15T08:45:00+00:00,5908.69,5909.18,5900.68,5905.17,633
2026-05-15T09:00:00+00:00,5905.17,5909.19,5901.67,5904.18,704
2026-05-15T09:15:00+00:00,5904.18,5905.18,5895.67,5905.18,553
2026-05-15T09:30:00+00:00,5905.18,5905.69,5896.67,5898.17,367
2026-05-15T09:45:00+00:00,5898.17,5901.69,5892.67,5898.69,546
2026-05-15T10:00:00+00:00,5898.69,5904.69,5889.67,5902.69,580
2026-05-15T10:15:00+00:00,5902.69,5907.69,5897.67,5898.68,598
2026-05-15T10:30:00+00:00,5898.68,5903.68,5892.67,5903.68,849
2026-05-15T10:45:00+00:00,5903.68,5925.68,5900.67,5921.18,2148
2026-05-15T11:00:00+00:00,5921.18,5924.69,5906.68,5910.17,789
2026-05-15T11:15:00+00:00,5910.17,5912.69,5901.67,5904.17,491
2026-05-15T11:30:00+00:00,5904.17,5905.69,5892.67,5893.67,511
2026-05-15T11:45:00+00:00,5893.67,5901.69,5889.67,5897.18,403
2026-05-15T12:00:00+00:00,5897.18,5897.18,5885.67,5889.18,629
2026-05-15T12:15:00+00:00,5889.18,5893.68,5885.67,5890.17,521
2026-05-15T12:30:00+00:00,5890.17,5890.67,5883.67,5884.68,608
2026-05-15T12:45:00+00:00,5884.68,5896.69,5882.68,5894.68,476
2026-05-15T13:00:00+00:00,5894.68,5897.69,5891.67,5895.69,267
2026-05-15T13:15:00+00:00,5895.69,5904.68,5893.67,5903.68,377
2026-05-15T13:30:00+00:00,5903.68,5905.69,5882.68,5882.69,1397
2026-05-15T13:45:00+00:00,5882.69,5898.69,5879.67,5886.17,1262
2026-05-15T14:00:00+00:00,5886.17,5897.67,5880.67,5895.19,1506
2026-05-15T14:15:00+00:00,5895.19,5909.68,5892.67,5899.19,906
2026-05-15T14:30:00+00:00,5899.19,5904.69,5896.67,5904.68,1003
2026-05-15T14:45:00+00:00,5904.68,5905.69,5891.17,5898.18,1117.8667242682795
2026-05-15T15:00:00+00:00,5898.18,5902.68,5893.660000000001,5895.660000000001,739
2026-05-15T15:15:00+00:00,5895.660000000001,5895.670000000001,5887.660000000001,5895.170000000001,594
2026-05-15T15:30:00+00:00,5895.170000000001,5901.18,5884.660000000001,5887.160000000001,554
2026-05-15T15:45:00+00:00,5887.160000000001,5887.68,5872.660000000001,5881.68,632
2026-05-15T16:00:00+00:00,5881.68,5883.670000000001,5874.670000000001,5882.660000000001,599
2026-05-15T16:15:00+00:00,5882.660000000001,5887.170000000001,5878.660000000001,5886.670000000001,534
2026-05-15T16:30:00+00:00,5886.670000000001,5888.68,5883.660000000001,5888.68,311
2026-05-15T16:45:00+00:00,5888.68,5888.68,5880.160000000001,5883.68,293
2026-05-15T17:00:00+00:00,5883.68,5891.670000000001,5881.660000000001,5890.68,483
2026-05-15T17:15:00+00:00,5890.68,5896.68,5888.660000000001,5894.160000000001,170
2026-05-15T17:30:00+00:00,5894.160000000001,5895.68,5891.660000000001,5893.670000000001,218
2026-05-15T17:45:00+00:00,5893.670000000001,5894.68,5891.660000000001,5894.18,156
2026-05-15T18:00:00+00:00,5894.18,5896.68,5892.660000000001,5892.68,231
2026-05-15T18:15:00+00:00,5892.68,5893.670000000001,5884.660000000001,5888.18,475
2026-05-15T18:30:00+00:00,5888.18,5888.660000000001,5880.660000000001,5886.660000000001,447
2026-05-15T18:45:00+00:00,5886.660000000001,5888.68,5883.660000000001,5886.68,203
2026-05-15T19:00:00+00:00,5886.68,5887.68,5877.670000000001,5880.670000000001,355
2026-05-15T19:15:00+00:00,5880.670000000001,5884.68,5879.660000000001,5881.660000000001,216
2026-05-15T19:30:00+00:00,5881.660000000001,5885.68,5881.660000000001,5882.170000000001,269
2026-05-15T19:45:00+00:00,5882.170000000001,5885.68,5875.660000000001,5879.22,208
2026-05-18T06:00:00+00:00,5879.22,5883.72,5814.780000000001,5821.77,413.6526610644258
2026-05-18T06:15:00+00:00,5821.77,5825.790000000001,5810.290000000001,5810.780000000001,493
2026-05-18T06:30:00+00:00,5810.780000000001,5817.790000000001,5801.77,5817.77,631
2026-05-18T06:45:00+00:00,5817.77,5827.780000000001,5814.77,5827.780000000001,489
2026-05-18T07:00:00+00:00,5827.780000000001,5843.780000000001,5827.780000000001,5833.790000000001,1038
2026-05-18T07:15:00+00:00,5833.790000000001,5853.780000000001,5830.290000000001,5851.790000000001,937
2026-05-18T07:30:00+00:00,5851.790000000001,5856.77,5839.790000000001,5842.280000000001,856
2026-05-18T07:45:00+00:00,5842.280000000001,5853.27,5841.77,5848.780000000001,816
2026-05-18T08:00:00+00:00,5848.780000000001,5858.780000000001,5847.780000000001,5853.780000000001,572
2026-05-18T08:15:00+00:00,5853.780000000001,5865.790000000001,5849.780000000001,5863.280000000001,469
2026-05-18T08:30:00+00:00,5863.280000000001,5870.780000000001,5861.77,5865.780000000001,439
2026-05-18T08:45:00+00:00,5865.780000000001,5874.790000000001,5864.780000000001,5874.280000000001,335
2026-05-18T09:00:00+00:00,5874.280000000001,5876.790000000001,5866.77,5868.780000000001,377
2026-05-18T09:15:00+00:00,5868.780000000001,5875.780000000001,5867.280000000001,5875.280000000001,262
2026-05-18T09:30:00+00:00,5875.280000000001,5877.290000000001,5870.280000000001,5872.27,298
2026-05-18T09:45:00+00:00,5872.27,5875.780000000001,5865.77,5872.290000000001,445
2026-05-18T10:00:00+00:00,5872.290000000001,5874.77,5854.77,5855.290000000001,521
2026-05-18T10:15:00+00:00,5855.290000000001,5862.790000000001,5853.77,5862.27,275
2026-05-18T10:30:00+00:00,5862.27,5868.280000000001,5855.77,5867.790000000001,409
2026-05-18T10:45:00+00:00,5867.790000000001,5872.780000000001,5859.77,5860.27,272
2026-05-18T11:00:00+00:00,5860.27,5863.790000000001,5847.77,5858.790000000001,670
2026-05-18T11:15:00+00:00,5858.790000000001,5865.780000000001,5857.77,5859.290000000001,244
2026-05-18T11:30:00+00:00,5859.290000000001,5912.790000000001,5858.290000000001,5905.290000000001,2483
2026-05-18T11:45:00+00:00,5905.290000000001,5906.77,5887.77,5890.77,1101
2026-05-18T12:00:00+00:00,5890.77,5902.780000000001,5887.780000000001,5893.780000000001,525
2026-05-18T12:15:00+00:00,5893.780000000001,5899.790000000001,5889.780000000001,5898.280000000001,520
2026-05-18T12:30:00+00:00,5898.280000000001,5935.790000000001,5896.290000000001,5932.77,1423
2026-05-18T12:45:00+00:00,5932.77,5946.780000000001,5930.790000000001,5946.280000000001,1141
2026-05-18T13:00:00+00:00,5946.280000000001,5948.790000000001,5934.77,5941.290000000001,1136
2026-05-18T13:15:00+00:00,5941.290000000001,5945.27,5934.77,5937.780000000001,602
2026-05-18T13:30:00+00:00,5937.780000000001,5937.790000000001,5921.77,5922.290000000001,1185
2026-05-18T13:45:00+00:00,5922.290000000001,5947.790000000001,5919.77,5939.790000000001,1352
2026-05-18T14:00:00+00:00,5939.790000000001,5943.790000000001,5922.290000000001,5935.780000000001,1252
2026-05-18T14:15:00+00:00,5935.780000000001,5947.77,5933.77,5936.780000000001,828
2026-05-18T14:30:00+00:00,5936.780000000001,5937.790000000001,5916.77,5923.280000000001,1091
2026-05-18T14:45:00+00:00,5923.280000000001,5933.790000000001,5917.27,5929.780000000001,814
2026-05-18T15:00:00+00:00,5929.780000000001,5933.780000000001,5905.77,5910.790000000001,1437
2026-05-18T15:15:00+00:00,5910.790000000001,5914.290000000001,5901.77,5902.77,674
2026-05-18T15:30:00+00:00,5902.77,5931.790000000001,5900.77,5927.27,532
2026-05-18T15:45:00+00:00,5927.27,5932.790000000001,5924.77,5924.790000000001,383
2026-05-18T16:00:00+00:00,5924.790000000001,5925.780000000001,5919.77,5924.77,385
2026-05-18T16:15:00+00:00,5924.77,5932.790000000001,5905.27,5909.290000000001,679
2026-05-18T16:30:00+00:00,5909.290000000001,5923.290000000001,5905.27,5914.790000000001,827
2026-05-18T16:45:00+00:00,5914.790000000001,5923.77,5913.77,5915.290000000001,530
2026-05-18T17:00:00+00:00,5915.290000000001,5923.790000000001,5907.77,5919.77,501
2026-05-18T17:15:00+00:00,5919.77,5923.790000000001,5918.790000000001,5921.77,159
2026-05-18T17:30:00+00:00,5921.77,5923.790000000001,5913.780000000001,5918.27,263
2026-05-18T17:45:00+00:00,5918.27,5919.790000000001,5914.77,5916.290000000001,176
2026-05-18T18:00:00+00:00,5916.290000000001,5917.780000000001,5903.77,5903.77,519
2026-05-18T18:15:00+00:00,5903.77,5904.290000000001,5884.780000000001,5892.780000000001,770
2026-05-18T18:30:00+00:00,5892.780000000001,5897.790000000001,5889.77,5894.290000000001,538
2026-05-18T18:45:00+00:00,5894.290000000001,5894.790000000001,5882.790000000001,5885.290000000001,653
2026-05-18T19:00:00+00:00,5885.290000000001,5931.280000000001,5882.780000000001,5915.790000000001,2742
2026-05-18T19:15:00+00:00,5915.790000000001,5919.780000000001,5906.780000000001,5911.27,593
2026-05-18T19:30:00+00:00,5911.27,5930.290000000001,5909.77,5928.290000000001,490
2026-05-18T19:45:00+00:00,5928.290000000001,5943.830000000001,5927.780000000001,5943.830000000001,664
2026-05-19T06:00:00+00:00,5943.830000000001,5944.330000000001,5905.47,5916.490000000001,537.9474054942475
2026-05-19T06:15:00+00:00,5916.490000000001,5926.490000000001,5913.47,5925.4800000000005,281
2026-05-19T06:30:00+00:00,5925.4800000000005,5931.4800000000005,5920.4800000000005,5930.490000000001,352
2026-05-19T06:45:00+00:00,5930.490000000001,5931.4800000000005,5916.47,5919.47,312
2026-05-19T07:00:00+00:00,5919.47,5943.47,5916.47,5933.4800000000005,1032
2026-05-19T07:15:00+00:00,5933.4800000000005,5942.490000000001,5929.47,5940.9800000000005,539
2026-05-19T07:30:00+00:00,5940.9800000000005,5962.490000000001,5939.47,5960.4800000000005,521
2026-05-19T07:45:00+00:00,5960.4800000000005,5978.500000000001,5959.4800000000005,5972.990000000001,540
2026-05-19T08:00:00+00:00,5972.990000000001,5975.500000000001,5946.4800000000005,5956.4800000000005,915
2026-05-19T08:15:00+00:00,5956.4800000000005,5964.500000000001,5949.4800000000005,5953.4800000000005,946
2026-05-19T08:30:00+00:00,5953.4800000000005,5967.000000000001,5951.4800000000005,5964.4800000000005,572
2026-05-19T08:45:00+00:00,5964.4800000000005,5971.530000000002,5964.4800000000005,5967.020000000001,281
2026-05-19T09:00:00+00:00,5967.020000000001,5971.060000000002,5962.530000000002,5966.040000000002,472
2026-05-19T09:15:00+00:00,5966.040000000002,5968.050000000002,5954.540000000002,5959.050000000002,668
2026-05-19T09:30:00+00:00,5959.050000000002,5960.060000000002,5948.540000000002,5953.560000000002,764
2026-05-19T09:45:00+00:00,5953.560000000002,5962.050000000002,5951.040000000002,5961.030000000002,378
2026-05-19T10:00:00+00:00,5961.030000000002,5963.550000000002,5955.530000000002,5963.040000000002,477
2026-05-19T10:15:00+00:00,5963.040000000002,5964.050000000002,5959.030000000002,5962.050000000002,302
2026-05-19T10:30:00+00:00,5962.050000000002,5976.050000000002,5953.030000000002,5956.030000000002,1107
2026-05-19T10:45:00+00:00,5956.030000000002,5970.050000000002,5950.050000000002,5965.050000000002,1272
2026-05-19T11:00:00+00:00,5965.050000000002,5969.050000000002,5958.030000000002,5959.040000000002,911
2026-05-19T11:15:00+00:00,5959.040000000002,5959.050000000002,5952.040000000002,5956.550000000002,551
2026-05-19T11:30:00+00:00,5956.550000000002,5960.040000000002,5954.030000000002,5958.040000000002,396
2026-05-19T11:45:00+00:00,5958.040000000002,5958.050000000002,5944.540000000002,5944.550000000002,501
2026-05-19T12:00:00+00:00,5944.550000000002,5956.050000000002,5942.050000000002,5956.040000000002,629
2026-05-19T12:15:00+00:00,5956.040000000002,5962.050000000002,5955.050000000002,5960.030000000002,424
2026-05-19T12:30:00+00:00,5960.030000000002,5969.050000000002,5959.030000000002,5967.550000000002,400
2026-05-19T12:45:00+00:00,5967.550000000002,5970.040000000002,5964.050000000002,5965.540000000002,196
2026-05-19T13:00:00+00:00,5965.540000000002,5968.530000000002,5949.040000000002,5962.540000000002,701
2026-05-19T13:15:00+00:00,5962.540000000002,5963.050000000002,5937.030000000002,5937.550000000002,1028
2026-05-19T13:30:00+00:00,5937.550000000002,5955.040000000002,5936.030000000002,5937.030000000002,1690
2026-05-19T13:45:00+00:00,5937.030000000002,5957.050000000002,5932.030000000002,5946.530000000002,1696
2026-05-19T14:00:00+00:00,5946.530000000002,5958.050000000002,5937.040000000002,5939.040000000002,1750
2026-05-19T14:15:00+00:00,5939.040000000002,5939.040000000002,5918.040000000002,5924.040000000002,1570
2026-05-19T14:30:00+00:00,5924.040000000002,5929.050000000002,5920.030000000002,5921.540000000002,1575
2026-05-19T14:45:00+00:00,5921.540000000002,5930.540000000002,5912.540000000002,5930.530000000002,834
2026-05-19T15:00:00+00:00,5930.530000000002,5939.050000000002,5929.030000000002,5939.040000000002,1015
2026-05-19T15:15:00+00:00,5939.040000000002,5942.050000000002,5926.040000000002,5926.040000000002,626
2026-05-19T15:30:00+00:00,5926.040000000002,5935.540000000002,5912.530000000002,5915.030000000002,640
2026-05-19T15:45:00+00:00,5915.030000000002,5919.050000000002,5912.030000000002,5917.030000000002,943
2026-05-19T16:00:00+00:00,5917.030000000002,5922.030000000002,5910.030000000002,5913.550000000002,755
2026-05-19T16:15:00+00:00,5913.550000000002,5930.050000000002,5913.550000000002,5927.050000000002,452
2026-05-19T16:30:00+00:00,5927.050000000002,5932.050000000002,5923.040000000002,5926.040000000002,600
2026-05-19T16:45:00+00:00,5926.040000000002,5931.050000000002,5925.030000000002,5929.550000000002,519
2026-05-19T17:00:00+00:00,5929.550000000002,5931.050000000002,5926.550000000002,5930.030000000002,207
2026-05-19T17:15:00+00:00,5930.030000000002,5933.050000000002,5928.030000000002,5930.040000000002,147
2026-05-19T17:30:00+00:00,5930.040000000002,5932.050000000002,5924.030000000002,5929.030000000002,260
2026-05-19T17:45:00+00:00,5929.030000000002,5930.050000000002,5925.040000000002,5928.030000000002,305
2026-05-19T18:00:00+00:00,5928.030000000002,5933.050000000002,5927.040000000002,5932.550000000002,232
2026-05-19T18:15:00+00:00,5932.550000000002,5932.550000000002,5917.030000000002,5917.030000000002,778
2026-05-19T18:30:00+00:00,5917.030000000002,5923.050000000002,5915.050000000002,5919.050000000002,382
2026-05-19T18:45:00+00:00,5919.050000000002,5920.030000000002,5910.540000000002,5912.540000000002,370
2026-05-19T19:00:00+00:00,5912.540000000002,5924.050000000002,5912.030000000002,5924.050000000002,568
2026-05-19T19:15:00+00:00,5924.050000000002,5925.050000000002,5912.030000000002,5917.050000000002,404
2026-05-19T19:30:00+00:00,5917.050000000002,5918.550000000002,5911.540000000002,5911.540000000002,342
2026-05-19T19:45:00+00:00,5911.540000000002,5912.050000000002,5904.030000000002,5908.590000000002,483
2026-05-20T06:00:00+00:00,5908.590000000002,5913.090000000002,5899.850000000002,5904.850000000002,437.0281934504446
2026-05-20T06:15:00+00:00,5904.850000000002,5917.8600000000015,5903.870000000002,5913.870000000002,484
2026-05-20T06:30:00+00:00,5913.870000000002,5916.8600000000015,5907.850000000002,5909.870000000002,394
2026-05-20T06:45:00+00:00,5909.870000000002,5921.8600000000015,5909.850000000002,5920.370000000002,356
2026-05-20T07:00:00+00:00,5920.370000000002,5931.870000000002,5914.850000000002,5925.3600000000015,566
2026-05-20T07:15:00+00:00,5925.3600000000015,5938.870000000002,5924.870000000002,5938.3600000000015,326
2026-05-20T07:30:00+00:00,5938.3600000000015,5938.3600000000015,5926.8600000000015,5932.8600000000015,260
2026-05-20T07:45:00+00:00,5932.8600000000015,5932.870000000002,5915.850000000002,5915.850000000002,356
2026-05-20T08:00:00+00:00,5915.850000000002,5924.370000000002,5912.850000000002,5919.870000000002,849
2026-05-20T08:15:00+00:00,5919.870000000002,5935.870000000002,5914.350000000002,5935.350000000002,579
2026-05-20T08:30:00+00:00,5935.350000000002,5949.8600000000015,5933.850000000002,5947.8600000000015,714
2026-05-20T08:45:00+00:00,5947.8600000000015,5956.370000000002,5947.8600000000015,5951.850000000002,472
2026-05-20T09:00:00+00:00,5951.850000000002,5957.8600000000015,5945.850000000002,5945.870000000002,452
2026-05-20T09:15:00+00:00,5945.870000000002,5954.8600000000015,5945.870000000002,5953.350000000002,269
2026-05-20T09:30:00+00:00,5953.350000000002,5954.850000000002,5950.350000000002,5954.370000000002,242
2026-05-20T09:45:00+00:00,5954.370000000002,5962.870000000002,5952.870000000002,5961.370000000002,240
2026-05-20T10:00:00+00:00,5961.370000000002,5971.850000000002,5960.8600000000015,5971.850000000002,213
2026-05-20T10:15:00+00:00,5971.850000000002,5976.870000000002,5969.370000000002,5973.870000000002,199
2026-05-20T10:30:00+00:00,5973.870000000002,5984.8600000000015,5973.370000000002,5973.850000000002,340
2026-05-20T10:45:00+00:00,5973.850000000002,5976.870000000002,5964.8600000000015,5966.8600000000015,192
2026-05-20T11:00:00+00:00,5966.8600000000015,5969.870000000002,5962.850000000002,5965.3600000000015,299
2026-05-20T11:15:00+00:00,5965.3600000000015,5972.870000000002,5965.3600000000015,5972.870000000002,176
2026-05-20T11:30:00+00:00,5972.870000000002,5973.870000000002,5965.850000000002,5968.3600000000015,387
2026-05-20T11:45:00+00:00,5968.3600000000015,5970.3600000000015,5960.850000000002,5964.370000000002,360
2026-05-20T12:00:00+00:00,5964.370000000002,5972.870000000002,5962.850000000002,5971.850000000002,330
2026-05-20T12:15:00+00:00,5971.850000000002,5979.3600000000015,5969.8600000000015,5976.8600000000015,377
2026-05-20T12:30:00+00:00,5976.8600000000015,5979.3600000000015,5964.850000000002,5965.3600000000015,357
2026-05-20T12:45:00+00:00,5965.3600000000015,5968.850000000002,5962.3600000000015,5962.870000000002,177
2026-05-20T13:00:00+00:00,5962.870000000002,5971.870000000002,5961.850000000002,5969.8600000000015,373
2026-05-20T13:15:00+00:00,5969.8600000000015,5972.870000000002,5965.350000000002,5968.3600000000015,320
2026-05-20T13:30:00+00:00,5968.3600000000015,5977.870000000002,5965.3600000000015,5976.8600000000015,1180
2026-05-20T13:45:00+00:00,5976.8600000000015,5985.850000000002,5976.850000000002,5983.370000000002,706
2026-05-20T14:00:00+00:00,5983.370000000002,5997.8600000000015,5962.870000000002,5981.850000000002,917
2026-05-20T14:15:00+00:00,5981.850000000002,6025.870000000002,5981.850000000002,6019.3600000000015,3602
2026-05-20T14:30:00+00:00,6019.3600000000015,6029.870000000002,6013.850000000002,6026.8600000000015,1439
2026-05-20T14:45:00+00:00,6026.8600000000015,6041.350000000002,6020.8600000000015,6033.870000000002,1012
2026-05-20T15:00:00+00:00,6033.870000000002,6043.3600000000015,6029.8600000000015,6038.3600000000015,525
2026-05-20T15:15:00+00:00,6038.3600000000015,6087.370000000002,6037.870000000002,6045.850000000002,2848
2026-05-20T15:30:00+00:00,6045.850000000002,6050.8600000000015,6038.870000000002,6049.3600000000015,804
2026-05-20T15:45:00+00:00,6049.3600000000015,6050.870000000002,6035.850000000002,6040.8600000000015,628
2026-05-20T16:00:00+00:00,6040.8600000000015,6047.870000000002,6038.850000000002,6047.3600000000015,487
2026-05-20T16:15:00+00:00,6047.3600000000015,6047.870000000002,6029.850000000002,6035.3600000000015,967
2026-05-20T16:30:00+00:00,6035.3600000000015,6045.870000000002,6031.850000000002,6043.8600000000015,722
2026-05-20T16:45:00+00:00,6043.8600000000015,6045.870000000002,6034.850000000002,6040.370000000002,684
2026-05-20T17:00:00+00:00,6040.370000000002,6046.850000000002,6033.850000000002,6042.370000000002,947
2026-05-20T17:15:00+00:00,6042.370000000002,6048.8600000000015,6040.850000000002,6045.350000000002,768
2026-05-20T17:30:00+00:00,6045.350000000002,6051.850000000002,6042.850000000002,6046.850000000002,689
2026-05-20T17:45:00+00:00,6046.850000000002,6048.370000000002,6044.850000000002,6046.350000000002,293
2026-05-20T18:00:00+00:00,6046.350000000002,6051.8600000000015,6043.850000000002,6049.870000000002,407
2026-05-20T18:15:00+00:00,6049.870000000002,6051.870000000002,6045.850000000002,6050.870000000002,275.99596700274975
2026-05-20T18:30:00+00:00,6050.870000000002,6055.370000000002,6048.850000000002,6048.850000000002,206.0193035579107
2026-05-20T18:45:00+00:00,6048.850000000002,6053.870000000002,6047.8600000000015,6052.8600000000015,401.85896805896806
2026-05-20T19:00:00+00:00,6052.8600000000015,6055.870000000002,6051.8600000000015,6055.850000000002,229
2026-05-20T19:15:00+00:00,6055.850000000002,6059.870000000002,6055.850000000002,6057.870000000002,92.92606482721672
2026-05-20T19:30:00+00:00,6057.870000000002,6063.870000000002,6056.850000000002,6059.8600000000015,240
2026-05-20T19:45:00+00:00,6059.8600000000015,6063.350000000002,6055.350000000002,6061.420000000002,565
2026-05-21T06:00:00+00:00,6061.420000000002,6061.920000000002,6032.490000000002,6034.490000000002,253.39753086419753
2026-05-21T06:15:00+00:00,6034.490000000002,6044.500000000002,6029.490000000002,6038.480000000002,449
2026-05-21T06:30:00+00:00,6038.480000000002,6042.490000000002,6032.480000000002,6032.490000000002,421
2026-05-21T06:45:00+00:00,6032.490000000002,6033.000000000002,6025.480000000002,6032.490000000002,289
2026-05-21T07:00:00+00:00,6032.490000000002,6042.500000000002,6029.500000000002,6034.490000000002,687
2026-05-21T07:15:00+00:00,6034.490000000002,6036.000000000002,6015.540000000002,6018.490000000002,630
2026-05-21T07:30:00+00:00,6018.490000000002,6031.500000000002,6017.990000000002,6029.490000000002,505
2026-05-21T07:45:00+00:00,6029.490000000002,6044.500000000002,6028.480000000002,6038.500000000002,249
2026-05-21T08:00:00+00:00,6038.500000000002,6069.990000000002,6038.490000000002,6069.480000000002,607
2026-05-21T08:15:00+00:00,6069.480000000002,6078.000000000002,6053.480000000002,6064.490000000002,822
2026-05-21T08:30:00+00:00,6064.490000000002,6064.490000000002,6053.480000000002,6061.990000000002,596
2026-05-21T08:45:00+00:00,6061.990000000002,6063.500000000002,6054.490000000002,6060.480000000002,439
2026-05-21T09:00:00+00:00,6060.480000000002,6072.500000000002,6058.480000000002,6070.480000000002,625
2026-05-21T09:15:00+00:00,6070.480000000002,6081.500000000002,6070.480000000002,6079.500000000002,355
2026-05-21T09:30:00+00:00,6079.500000000002,6081.500000000002,6067.490000000002,6068.490000000002,475
2026-05-21T09:45:00+00:00,6068.490000000002,6074.990000000002,6065.980000000002,6073.500000000002,262
2026-05-21T10:00:00+00:00,6073.500000000002,6078.480000000002,6072.480000000002,6076.490000000002,257
2026-05-21T10:15:00+00:00,6076.490000000002,6078.980000000002,6033.980000000002,6037.490000000002,1858
2026-05-21T10:30:00+00:00,6037.490000000002,6038.500000000002,5995.480000000002,6012.500000000002,2301
2026-05-21T10:45:00+00:00,6012.500000000002,6017.500000000002,6002.480000000002,6007.980000000002,1226
2026-05-21T11:00:00+00:00,6007.980000000002,6020.490000000002,6003.480000000002,6015.500000000002,725
2026-05-21T11:15:00+00:00,6015.500000000002,6027.490000000002,6013.480000000002,6023.500000000002,692
2026-05-21T11:30:00+00:00,6023.500000000002,6027.480000000002,6012.480000000002,6019.000000000002,423
2026-05-21T11:45:00+00:00,6019.000000000002,6023.490000000002,6013.000000000002,6016.990000000002,380
2026-05-21T12:00:00+00:00,6016.990000000002,6023.500000000002,6015.500000000002,6019.500000000002,290
2026-05-21T12:15:00+00:00,6019.500000000002,6020.490000000002,6004.990000000002,6009.480000000002,478
2026-05-21T12:30:00+00:00,6009.480000000002,6026.500000000002,6007.480000000002,6015.490000000002,1196
2026-05-21T12:45:00+00:00,6015.490000000002,6021.500000000002,6011.490000000002,6015.500000000002,555
2026-05-21T13:00:00+00:00,6015.500000000002,6025.500000000002,6012.480000000002,6017.490000000002,594
2026-05-21T13:15:00+00:00,6017.490000000002,6024.480000000002,6016.480000000002,6024.480000000002,405
2026-05-21T13:30:00+00:00,6024.480000000002,6026.490000000002,6012.480000000002,6019.000000000002,1263
2026-05-21T13:45:00+00:00,6019.000000000002,6059.500000000002,6018.480000000002,6058.990000000002,1767
2026-05-21T14:00:00+00:00,6058.990000000002,6062.500000000002,6048.000000000002,6051.480000000002,1155
2026-05-21T14:15:00+00:00,6051.480000000002,6053.000000000002,6037.480000000002,6047.990000000002,1357
2026-05-21T14:30:00+00:00,6047.990000000002,6057.500000000002,6047.500000000002,6051.490000000002,659
2026-05-21T14:45:00+00:00,6051.490000000002,6057.500000000002,6046.490000000002,6055.000000000002,787
2026-05-21T15:00:00+00:00,6055.000000000002,6058.500000000002,6039.480000000002,6051.500000000002,1114
2026-05-21T15:15:00+00:00,6051.500000000002,6056.490000000002,6045.500000000002,6045.500000000002,414
2026-05-21T15:30:00+00:00,6045.500000000002,6046.500000000002,6029.490000000002,6040.490000000002,559
2026-05-21T15:45:00+00:00,6040.490000000002,6044.500000000002,6036.480000000002,6037.480000000002,205
2026-05-21T16:00:00+00:00,6037.480000000002,6049.500000000002,6037.480000000002,6045.980000000002,754
2026-05-21T16:15:00+00:00,6045.980000000002,6047.500000000002,6039.480000000002,6045.480000000002,506
2026-05-21T16:30:00+00:00,6045.480000000002,6047.990000000002,6042.490000000002,6045.500000000002,270
2026-05-21T16:45:00+00:00,6045.500000000002,6046.500000000002,6038.980000000002,6044.500000000002,288
2026-05-21T17:00:00+00:00,6044.500000000002,6076.490000000002,6044.490000000002,6066.000000000002,1453
2026-05-21T17:15:00+00:00,6066.000000000002,6094.500000000002,6064.480000000002,6091.480000000002,2171
2026-05-21T17:30:00+00:00,6091.480000000002,6107.490000000002,6088.480000000002,6105.480000000002,638
2026-05-21T17:45:00+00:00,6105.480000000002,6117.490000000002,6102.480000000002,6108.480000000002,644
2026-05-21T18:00:00+00:00,6108.480000000002,6113.480000000002,6093.480000000002,6102.500000000002,948
2026-05-21T18:15:00+00:00,6102.500000000002,6108.500000000002,6098.500000000002,6103.500000000002,672
2026-05-21T18:30:00+00:00,6103.500000000002,6104.490000000002,6097.490000000002,6103.480000000002,381
2026-05-21T18:45:00+00:00,6103.480000000002,6104.480000000002,6078.480000000002,6085.500000000002,2130
2026-05-21T19:00:00+00:00,6085.500000000002,6097.500000000002,6083.490000000002,6097.500000000002,806
2026-05-21T19:15:00+00:00,6097.500000000002,6099.500000000002,6091.480000000002,6094.480000000002,380
2026-05-21T19:30:00+00:00,6094.480000000002,6097.500000000002,6090.480000000002,6091.490000000002,499
2026-05-21T19:45:00+00:00,6091.490000000002,6098.500000000002,6079.480000000002,6091.040000000002,944
2026-05-22T06:00:00+00:00,6091.040000000002,6093.240000000002,6086.240000000002,6093.240000000002,325.49876237623766
2026-05-22T06:15:00+00:00,6093.240000000002,6097.250000000002,6087.240000000002,6089.260000000002,262
2026-05-22T06:30:00+00:00,6089.260000000002,6096.760000000002,6087.260000000002,6092.250000000002,303
2026-05-22T06:45:00+00:00,6092.250000000002,6092.740000000002,6085.290000000002,6090.240000000002,213
2026-05-22T07:00:00+00:00,6090.240000000002,6090.240000000002,6072.250000000002,6075.240000000002,970
2026-05-22T07:15:00+00:00,6075.240000000002,6090.250000000002,6074.240000000002,6084.240000000002,361
2026-05-22T07:30:00+00:00,6084.240000000002,6086.250000000002,6062.250000000002,6070.240000000002,471
2026-05-22T07:45:00+00:00,6070.240000000002,6076.260000000002,6067.250000000002,6075.760000000002,391
2026-05-22T08:00:00+00:00,6075.760000000002,6081.260000000002,6066.250000000002,6072.250000000002,513
2026-05-22T08:15:00+00:00,6072.250000000002,6085.260000000002,6072.250000000002,6081.250000000002,942
2026-05-22T08:30:00+00:00,6081.250000000002,6082.260000000002,6061.240000000002,6076.250000000002,1053
2026-05-22T08:45:00+00:00,6076.250000000002,6079.260000000002,6071.240000000002,6071.740000000002,409
2026-05-22T09:00:00+00:00,6071.740000000002,6071.760000000002,6061.240000000002,6067.240000000002,531
2026-05-22T09:15:00+00:00,6067.240000000002,6078.260000000002,6065.240000000002,6075.250000000002,353
2026-05-22T09:30:00+00:00,6075.250000000002,6078.260000000002,6069.260000000002,6073.760000000002,415
2026-05-22T09:45:00+00:00,6073.760000000002,6084.250000000002,6072.240000000002,6081.240000000002,265
2026-05-22T10:00:00+00:00,6081.240000000002,6086.260000000002,6077.260000000002,6082.260000000002,262
2026-05-22T10:15:00+00:00,6082.260000000002,6083.260000000002,6079.240000000002,6080.260000000002,302
2026-05-22T10:30:00+00:00,6080.260000000002,6082.260000000002,6071.260000000002,6072.750000000002,321
2026-05-22T10:45:00+00:00,6072.750000000002,6074.260000000002,6068.240000000002,6069.760000000002,208
2026-05-22T11:00:00+00:00,6069.760000000002,6076.750000000002,6065.750000000002,6067.250000000002,279
2026-05-22T11:15:00+00:00,6067.250000000002,6068.260000000002,6064.250000000002,6067.260000000002,163
2026-05-22T11:30:00+00:00,6067.260000000002,6079.240000000002,6067.240000000002,6078.260000000002,162
2026-05-22T11:45:00+00:00,6078.260000000002,6086.740000000002,6077.240000000002,6078.260000000002,467
2026-05-22T12:00:00+00:00,6078.260000000002,6109.260000000002,6077.240000000002,6098.750000000002,1229
2026-05-22T12:15:00+00:00,6098.750000000002,6103.240000000002,6088.240000000002,6091.750000000002,1223
2026-05-22T12:30:00+00:00,6091.750000000002,6096.260000000002,6086.250000000002,6091.240000000002,377
2026-05-22T12:45:00+00:00,6091.240000000002,6104.740000000002,6090.240000000002,6103.260000000002,457
2026-05-22T13:00:00+00:00,6103.260000000002,6108.260000000002,6093.240000000002,6102.260000000002,986
2026-05-22T13:15:00+00:00,6102.260000000002,6106.260000000002,6100.240000000002,6100.260000000002,454
2026-05-22T13:30:00+00:00,6100.260000000002,6107.260000000002,6093.740000000002,6102.250000000002,1336
2026-05-22T13:45:00+00:00,6102.250000000002,6104.260000000002,6092.240000000002,6099.260000000002,692
2026-05-22T14:00:00+00:00,6099.260000000002,6099.750000000002,6079.250000000002,6084.740000000002,942
2026-05-22T14:15:00+00:00,6084.740000000002,6088.260000000002,6079.740000000002,6087.760000000002,680
2026-05-22T14:30:00+00:00,6087.760000000002,6092.250000000002,6086.240000000002,6091.740000000002,211
2026-05-22T14:45:00+00:00,6091.740000000002,6099.260000000002,6090.750000000002,6097.250000000002,344.4147501982553
2026-05-22T15:00:00+00:00,6097.250000000002,6098.770000000002,6091.750000000002,6093.250000000002,313
2026-05-22T15:15:00+00:00,6093.250000000002,6101.760000000002,6092.750000000002,6098.250000000002,287
2026-05-22T15:30:00+00:00,6098.250000000002,6100.750000000002,6088.750000000002,6089.250000000002,396
2026-05-22T15:45:00+00:00,6089.250000000002,6092.770000000002,6078.760000000002,6082.250000000002,255
2026-05-22T16:00:00+00:00,6082.250000000002,6084.260000000002,6074.760000000002,6081.750000000002,337
2026-05-22T16:15:00+00:00,6081.750000000002,6085.770000000002,6075.750000000002,6083.750000000002,386
2026-05-22T16:30:00+00:00,6083.750000000002,6086.770000000002,6082.250000000002,6083.750000000002,194
2026-05-22T16:45:00+00:00,6083.750000000002,6085.770000000002,6077.750000000002,6080.750000000002,155
2026-05-22T17:00:00+00:00,6080.750000000002,6085.770000000002,6080.750000000002,6082.750000000002,256
2026-05-22T17:15:00+00:00,6082.750000000002,6098.760000000002,6068.750000000002,6097.750000000002,1131
2026-05-22T17:30:00+00:00,6097.750000000002,6104.770000000002,6085.750000000002,6086.770000000002,888
2026-05-22T17:45:00+00:00,6086.770000000002,6088.770000000002,6082.750000000002,6084.750000000002,419
2026-05-22T18:00:00+00:00,6084.750000000002,6085.770000000002,6075.750000000002,6080.250000000002,427
2026-05-22T18:15:00+00:00,6080.250000000002,6083.770000000002,6077.760000000002,6079.770000000002,289
2026-05-22T18:30:00+00:00,6079.770000000002,6087.770000000002,6078.750000000002,6081.760000000002,314
2026-05-22T18:45:00+00:00,6081.760000000002,6083.760000000002,6077.250000000002,6080.760000000002,192
2026-05-22T19:00:00+00:00,6080.760000000002,6081.770000000002,6067.810000000002,6072.260000000002,419
2026-05-22T19:15:00+00:00,6072.260000000002,6075.270000000002,6065.260000000002,6066.750000000002,288
2026-05-22T19:30:00+00:00,6066.750000000002,6072.270000000002,6065.250000000002,6071.250000000002,343
2026-05-22T19:45:00+00:00,6071.250000000002,6073.770000000002,6064.750000000002,6068.800000000002,511
2026-05-25T06:00:00+00:00,6068.800000000002,6157.590000000002,6067.300000000002,6155.590000000002,134.15806348188522
2026-05-25T06:15:00+00:00,6155.590000000002,6159.610000000002,6150.590000000002,6159.600000000002,177
2026-05-25T06:30:00+00:00,6159.600000000002,6161.610000000002,6156.590000000002,6158.600000000002,159
2026-05-25T06:45:00+00:00,6158.600000000002,6160.610000000002,6149.590000000002,6150.100000000002,230
2026-05-25T07:00:00+00:00,6150.100000000002,6164.600000000002,6149.590000000002,6152.600000000002,587
2026-05-25T07:15:00+00:00,6152.600000000002,6158.600000000002,6133.590000000002,6155.100000000002,589
2026-05-25T07:30:00+00:00,6155.100000000002,6170.610000000002,6153.610000000002,6157.610000000002,495
2026-05-25T07:45:00+00:00,6157.610000000002,6162.600000000002,6155.590000000002,6161.610000000002,218
2026-05-25T08:00:00+00:00,6161.610000000002,6162.610000000002,6154.590000000002,6161.090000000002,287
2026-05-25T08:15:00+00:00,6161.090000000002,6165.600000000002,6158.610000000002,6164.100000000002,167
2026-05-25T08:30:00+00:00,6164.100000000002,6169.600000000002,6162.590000000002,6166.610000000002,193.5268120212139
2026-05-25T08:45:00+00:00,6166.610000000002,6168.610000000002,6164.590000000002,6165.610000000002,102
2026-05-25T09:00:00+00:00,6165.610000000002,6174.600000000002,6164.590000000002,6171.610000000002,185.4749568221071
2026-05-25T09:15:00+00:00,6171.610000000002,6175.610000000002,6171.590000000002,6173.610000000002,147
2026-05-25T09:30:00+00:00,6173.610000000002,6180.610000000002,6173.600000000002,6179.610000000002,148
2026-05-25T09:45:00+00:00,6179.610000000002,6183.610000000002,6178.590000000002,6179.600000000002,139
2026-05-25T10:00:00+00:00,6179.600000000002,6183.600000000002,6177.590000000002,6181.100000000002,155
2026-05-25T10:15:00+00:00,6181.100000000002,6186.610000000002,6180.590000000002,6180.610000000002,134
2026-05-25T10:30:00+00:00,6180.610000000002,6184.610000000002,6179.590000000002,6184.610000000002,145.88815305371597
2026-05-25T10:45:00+00:00,6184.610000000002,6184.610000000002,6181.590000000002,6182.590000000002,126
2026-05-25T11:00:00+00:00,6182.590000000002,6182.610000000002,6176.590000000002,6179.590000000002,99
2026-05-25T11:15:00+00:00,6179.590000000002,6185.610000000002,6179.590000000002,6182.600000000002,136.53224254090472
2026-05-25T11:30:00+00:00,6182.600000000002,6189.610000000002,6182.600000000002,6189.590000000002,257.9861932938856
2026-05-25T11:45:00+00:00,6189.590000000002,6194.610000000002,6188.590000000002,6190.590000000002,169
2026-05-25T12:00:00+00:00,6190.590000000002,6194.610000000002,6188.590000000002,6194.610000000002,142
2026-05-25T12:15:00+00:00,6194.610000000002,6206.610000000002,6193.100000000002,6195.110000000002,261
2026-05-25T12:30:00+00:00,6195.110000000002,6201.610000000002,6194.590000000002,6199.110000000002,140
2026-05-25T12:45:00+00:00,6199.110000000002,6200.610000000002,6192.590000000002,6193.600000000002,228.12171372930868
2026-05-25T13:00:00+00:00,6193.600000000002,6198.610000000002,6192.090000000002,6197.610000000002,107.19811320754717
2026-05-25T13:15:00+00:00,6197.610000000002,6197.610000000002,6192.610000000002,6195.100000000002,120.98868991517436
2026-05-25T13:30:00+00:00,6195.100000000002,6200.610000000002,6195.100000000002,6200.610000000002,81
2026-05-25T13:45:00+00:00,6200.610000000002,6208.600000000002,6198.090000000002,6206.100000000002,108
2026-05-25T14:00:00+00:00,6206.100000000002,6209.610000000002,6203.110000000002,6203.110000000002,73
2026-05-25T14:15:00+00:00,6203.110000000002,6215.610000000002,6203.110000000002,6214.590000000002,154
2026-05-25T14:30:00+00:00,6214.590000000002,6216.600000000002,6209.590000000002,6210.600000000002,92
2026-05-25T14:45:00+00:00,6210.600000000002,6214.610000000002,6206.590000000002,6209.600000000002,126.58088235294117
2026-05-25T15:00:00+00:00,6209.600000000002,6219.600000000002,6200.590000000002,6213.110000000002,666
2026-05-25T15:15:00+00:00,6213.110000000002,6218.110000000002,6208.100000000002,6208.110000000002,312
2026-05-25T15:30:00+00:00,6208.110000000002,6210.610000000002,6200.590000000002,6210.100000000002,354
2026-05-25T15:45:00+00:00,6210.100000000002,6215.610000000002,6209.100000000002,6215.600000000002,109.35407015221708
2026-05-25T16:00:00+00:00,6215.600000000002,6215.600000000002,6209.600000000002,6214.610000000002,97.42150968603875
2026-05-25T16:15:00+00:00,6214.610000000002,6215.610000000002,6212.590000000002,6214.100000000002,82
2026-05-25T16:30:00+00:00,6214.100000000002,6214.610000000002,6210.600000000002,6213.600000000002,105.37809187279152
2026-05-25T16:45:00+00:00,6213.600000000002,6217.610000000002,6211.590000000002,6217.110000000002,284
2026-05-25T17:00:00+00:00,6217.110000000002,6223.600000000002,6215.600000000002,6220.100000000002,63
2026-05-25T17:15:00+00:00,6220.100000000002,6220.590000000002,6216.090000000002,6219.110000000002,102
2026-05-25T17:30:00+00:00,6219.110000000002,6219.590000000002,6217.590000000002,6218.600000000002,40.26363053239256
2026-05-25T17:45:00+00:00,6218.600000000002,6218.610000000002,6215.590000000002,6215.590000000002,23.260915596321745
2026-05-25T18:00:00+00:00,6215.590000000002,6216.600000000002,6214.590000000002,6214.590000000002,35.651541601927775
2026-05-25T18:15:00+00:00,6214.590000000002,6215.610000000002,6213.590000000002,6214.100000000002,128.32220257166213
2026-05-25T18:30:00+00:00,6214.100000000002,6214.590000000002,6213.090000000002,6213.600000000002,60.85366582516439
2026-05-25T18:45:00+00:00,6213.600000000002,6215.610000000002,6213.590000000002,6215.590000000002,129.63847465715335
2026-05-25T19:00:00+00:00,6215.590000000002,6215.610000000002,6212.610000000002,6214.090000000002,40
2026-05-25T19:15:00+00:00,6214.090000000002,6214.110000000002,6213.090000000002,6213.610000000002,40.77988182988183
2026-05-25T19:30:00+00:00,6213.610000000002,6214.610000000002,6212.590000000002,6213.610000000002,84.76600441501104
2026-05-25T19:45:00+00:00,6213.610000000002,6215.610000000002,6211.090000000002,6214.590000000002,223
2026-05-26T06:00:00+00:00,6214.590000000002,6215.590000000002,6184.540000000002,6194.540000000002,208.3416149068323
2026-05-26T06:15:00+00:00,6194.540000000002,6196.560000000002,6185.550000000002,6190.540000000002,242
2026-05-26T06:30:00+00:00,6190.540000000002,6199.560000000002,6185.560000000002,6195.550000000002,330
2026-05-26T06:45:00+00:00,6195.550000000002,6196.550000000002,6189.540000000002,6193.550000000002,280
2026-05-26T07:00:00+00:00,6193.550000000002,6200.560000000002,6181.540000000002,6185.560000000002,1012
2026-05-26T07:15:00+00:00,6185.560000000002,6185.560000000002,6172.540000000002,6173.060000000002,361
2026-05-26T07:30:00+00:00,6173.060000000002,6173.540000000002,6161.550000000002,6169.560000000002,506
2026-05-26T07:45:00+00:00,6169.560000000002,6177.060000000002,6165.540000000002,6171.540000000002,252
2026-05-26T08:00:00+00:00,6171.540000000002,6173.060000000002,6160.540000000002,6160.560000000002,468
2026-05-26T08:15:00+00:00,6160.560000000002,6168.550000000002,6160.540000000002,6163.550000000002,387
2026-05-26T08:30:00+00:00,6163.550000000002,6164.560000000002,6157.540000000002,6161.060000000002,463
2026-05-26T08:45:00+00:00,6161.060000000002,6162.050000000002,6151.540000000002,6152.550000000002,352
2026-05-26T09:00:00+00:00,6152.550000000002,6158.560000000002,6149.540000000002,6150.540000000002,342
2026-05-26T09:15:00+00:00,6150.540000000002,6162.560000000002,6149.550000000002,6162.550000000002,364
2026-05-26T09:30:00+00:00,6162.550000000002,6163.560000000002,6154.550000000002,6155.550000000002,307
2026-05-26T09:45:00+00:00,6155.550000000002,6159.560000000002,6155.550000000002,6157.040000000002,223
2026-05-26T10:00:00+00:00,6157.040000000002,6161.560000000002,6152.550000000002,6160.040000000002,239
2026-05-26T10:15:00+00:00,6160.040000000002,6168.560000000002,6155.540000000002,6163.560000000002,453
2026-05-26T10:30:00+00:00,6163.560000000002,6170.560000000002,6158.550000000002,6161.560000000002,507
2026-05-26T10:45:00+00:00,6161.560000000002,6166.560000000002,6157.560000000002,6165.060000000002,200
2026-05-26T11:00:00+00:00,6165.060000000002,6166.550000000002,6162.540000000002,6164.060000000002,269
2026-05-26T11:15:00+00:00,6164.060000000002,6165.560000000002,6159.540000000002,6161.050000000002,192
2026-05-26T11:30:00+00:00,6161.050000000002,6162.550000000002,6149.540000000002,6159.550000000002,652
2026-05-26T11:45:00+00:00,6159.550000000002,6166.560000000002,6158.550000000002,6163.540000000002,152
2026-05-26T12:00:00+00:00,6163.540000000002,6167.560000000002,6155.540000000002,6166.560000000002,401
2026-05-26T12:15:00+00:00,6166.560000000002,6172.560000000002,6165.560000000002,6171.560000000002,159
2026-05-26T12:30:00+00:00,6171.560000000002,6171.560000000002,6167.540000000002,6168.060000000002,160
2026-05-26T12:45:00+00:00,6168.060000000002,6174.550000000002,6165.540000000002,6171.060000000002,156
2026-05-26T13:00:00+00:00,6171.060000000002,6171.560000000002,6167.540000000002,6171.050000000002,226
2026-05-26T13:15:00+00:00,6171.050000000002,6174.550000000002,6168.040000000002,6168.550000000002,170
2026-05-26T13:30:00+00:00,6168.550000000002,6171.560000000002,6160.540000000002,6168.560000000002,637
2026-05-26T13:45:00+00:00,6168.560000000002,6169.560000000002,6151.050000000002,6157.060000000002,564
2026-05-26T14:00:00+00:00,6157.060000000002,6164.560000000002,6153.540000000002,6161.560000000002,429
2026-05-26T14:15:00+00:00,6161.560000000002,6163.560000000002,6155.540000000002,6158.040000000002,268
2026-05-26T14:30:00+00:00,6158.040000000002,6163.560000000002,6151.540000000002,6152.050000000002,390
2026-05-26T14:45:00+00:00,6152.050000000002,6157.560000000002,6150.540000000002,6155.060000000002,215
2026-05-26T15:00:00+00:00,6155.060000000002,6155.060000000002,6145.540000000002,6145.560000000002,259
2026-05-26T15:15:00+00:00,6145.560000000002,6145.560000000002,6138.050000000002,6140.560000000002,262
2026-05-26T15:30:00+00:00,6140.560000000002,6144.060000000002,6130.560000000002,6137.040000000002,430
2026-05-26T15:45:00+00:00,6137.040000000002,6139.560000000002,6133.540000000002,6138.560000000002,269
2026-05-26T16:00:00+00:00,6138.560000000002,6142.560000000002,6137.540000000002,6137.560000000002,211
2026-05-26T16:15:00+00:00,6137.560000000002,6144.560000000002,6136.540000000002,6143.060000000002,298
2026-05-26T16:30:00+00:00,6143.060000000002,6147.560000000002,6137.540000000002,6138.540000000002,239
2026-05-26T16:45:00+00:00,6138.540000000002,6140.560000000002,6135.540000000002,6138.560000000002,251
2026-05-26T17:00:00+00:00,6138.560000000002,6141.560000000002,6136.560000000002,6140.540000000002,179
2026-05-26T17:15:00+00:00,6140.540000000002,6141.550000000002,6133.540000000002,6134.050000000002,141
2026-05-26T17:30:00+00:00,6134.050000000002,6140.550000000002,6134.050000000002,6136.560000000002,266
2026-05-26T17:45:00+00:00,6136.560000000002,6140.560000000002,6136.540000000002,6137.540000000002,168
2026-05-26T18:00:00+00:00,6137.540000000002,6142.560000000002,6136.540000000002,6141.560000000002,192.15254237288136
2026-05-26T18:15:00+00:00,6141.560000000002,6142.560000000002,6138.550000000002,6140.550000000002,261
2026-05-26T18:30:00+00:00,6140.550000000002,6144.560000000002,6140.550000000002,6143.540000000002,181
2026-05-26T18:45:00+00:00,6143.540000000002,6145.560000000002,6142.540000000002,6142.550000000002,185
2026-05-26T19:00:00+00:00,6142.550000000002,6143.560000000002,6140.540000000002,6143.060000000002,340
2026-05-26T19:15:00+00:00,6143.060000000002,6148.560000000002,6142.540000000002,6147.560000000002,76
2026-05-26T19:30:00+00:00,6147.560000000002,6152.560000000002,6147.540000000002,6151.050000000002,77
2026-05-26T19:45:00+00:00,6151.050000000002,6153.560000000002,6148.540000000002,6152.590000000002,261
2026-05-27T06:00:00+00:00,6152.590000000002,6164.460000000002,6152.090000000002,6158.440000000002,187.4032549466337
2026-05-27T06:15:00+00:00,6158.440000000002,6159.950000000003,6153.950000000003,6156.960000000002,127
2026-05-27T06:30:00+00:00,6156.960000000002,6156.960000000002,6150.440000000002,6153.440000000002,123
2026-05-27T06:45:00+00:00,6153.440000000002,6164.460000000002,6152.950000000003,6156.440000000002,200
2026-05-27T07:00:00+00:00,6156.440000000002,6170.460000000002,6155.440000000002,6168.460000000002,692
2026-05-27T07:15:00+00:00,6168.460000000002,6179.460000000002,6164.450000000003,6172.950000000003,394
2026-05-27T07:30:00+00:00,6172.950000000003,6179.440000000002,6170.440000000002,6173.440000000002,228
2026-05-27T07:45:00+00:00,6173.440000000002,6177.460000000002,6171.460000000002,6173.950000000003,176
2026-05-27T08:00:00+00:00,6173.950000000003,6180.450000000003,6168.960000000002,6174.940000000002,464
2026-05-27T08:15:00+00:00,6174.940000000002,6182.450000000003,6169.460000000002,6178.960000000002,275
2026-05-27T08:30:00+00:00,6178.960000000002,6179.460000000002,6174.440000000002,6177.940000000002,281
2026-05-27T08:45:00+00:00,6177.940000000002,6184.460000000002,6177.440000000002,6179.950000000003,225
2026-05-27T09:00:00+00:00,6179.950000000003,6188.460000000002,6179.940000000002,6186.460000000002,280
2026-05-27T09:15:00+00:00,6186.460000000002,6192.460000000002,6182.440000000002,6183.940000000002,186
2026-05-27T09:30:00+00:00,6183.940000000002,6190.460000000002,6183.940000000002,6186.950000000003,156
2026-05-27T09:45:00+00:00,6186.950000000003,6193.440000000002,6184.440000000002,6186.950000000003,160
2026-05-27T10:00:00+00:00,6186.950000000003,6194.940000000002,6184.950000000003,6194.460000000002,295
2026-05-27T10:15:00+00:00,6194.460000000002,6194.460000000002,6188.440000000002,6188.440000000002,139
2026-05-27T10:30:00+00:00,6188.440000000002,6188.960000000002,6182.440000000002,6185.950000000003,151
2026-05-27T10:45:00+00:00,6185.950000000003,6191.460000000002,6185.950000000003,6189.950000000003,131
2026-05-27T11:00:00+00:00,6189.950000000003,6193.460000000002,6183.440000000002,6185.450000000003,197
2026-05-27T11:15:00+00:00,6185.450000000003,6192.450000000003,6181.940000000002,6185.460000000002,253
2026-05-27T11:30:00+00:00,6185.460000000002,6188.460000000002,6178.950000000003,6184.950000000003,143
2026-05-27T11:45:00+00:00,6184.950000000003,6185.450000000003,6177.460000000002,6177.460000000002,168
2026-05-27T12:00:00+00:00,6177.460000000002,6177.940000000002,6171.940000000002,6171.940000000002,166
2026-05-27T12:15:00+00:00,6171.940000000002,6208.450000000003,6171.440000000002,6201.440000000002,1982
2026-05-27T12:30:00+00:00,6201.440000000002,6205.460000000002,6189.440000000002,6193.940000000002,1101
2026-05-27T12:45:00+00:00,6193.940000000002,6195.460000000002,6180.440000000002,6180.960000000002,423
2026-05-27T13:00:00+00:00,6180.960000000002,6186.460000000002,6176.440000000002,6180.440000000002,382
2026-05-27T13:15:00+00:00,6180.440000000002,6181.460000000002,6174.440000000002,6174.440000000002,313
2026-05-27T13:30:00+00:00,6174.440000000002,6176.940000000002,6156.450000000003,6158.440000000002,790
2026-05-27T13:45:00+00:00,6158.440000000002,6170.460000000002,6155.450000000003,6169.450000000003,649
2026-05-27T14:00:00+00:00,6169.450000000003,6170.450000000003,6154.440000000002,6156.950000000003,662
2026-05-27T14:15:00+00:00,6156.950000000003,6161.460000000002,6143.440000000002,6147.960000000002,815
2026-05-27T14:30:00+00:00,6147.960000000002,6150.450000000003,6124.450000000003,6143.460000000002,1152
2026-05-27T14:45:00+00:00,6143.460000000002,6153.460000000002,6143.440000000002,6149.450000000003,386.93570894592574
2026-05-27T15:00:00+00:00,6149.450000000003,6153.950000000003,6145.930000000003,6148.950000000003,562
2026-05-27T15:15:00+00:00,6148.950000000003,6155.940000000003,6146.930000000003,6154.450000000003,422
2026-05-27T15:30:00+00:00,6154.450000000003,6159.950000000003,6126.930000000003,6128.450000000003,594
2026-05-27T15:45:00+00:00,6128.450000000003,6138.950000000003,6126.930000000003,6134.930000000003,442
2026-05-27T16:00:00+00:00,6134.930000000003,6142.450000000003,6128.940000000003,6139.430000000003,397
2026-05-27T16:15:00+00:00,6139.430000000003,6145.950000000003,6138.930000000003,6142.440000000003,116
2026-05-27T16:30:00+00:00,6142.440000000003,6145.950000000003,6139.930000000003,6143.950000000003,176
2026-05-27T16:45:00+00:00,6143.950000000003,6145.950000000003,6139.930000000003,6140.940000000003,248.10130164119977
2026-05-27T17:00:00+00:00,6140.940000000003,6142.950000000003,6130.940000000003,6135.950000000003,615
2026-05-27T17:15:00+00:00,6135.950000000003,6142.930000000003,6133.930000000003,6139.950000000003,284
2026-05-27T17:30:00+00:00,6139.950000000003,6141.940000000003,6137.930000000003,6138.940000000003,238
2026-05-27T17:45:00+00:00,6138.940000000003,6143.950000000003,6137.930000000003,6137.950000000003,182
2026-05-27T18:00:00+00:00,6137.950000000003,6142.930000000003,6135.940000000003,6142.930000000003,247
2026-05-27T18:15:00+00:00,6142.930000000003,6147.950000000003,6141.930000000003,6147.940000000003,214.40431981811292
2026-05-27T18:30:00+00:00,6147.940000000003,6148.950000000003,6146.930000000003,6148.450000000003,167
2026-05-27T18:45:00+00:00,6148.450000000003,6150.950000000003,6146.930000000003,6147.940000000003,72.21469676848163
2026-05-27T19:00:00+00:00,6147.940000000003,6149.940000000003,6147.930000000003,6148.950000000003,186
2026-05-27T19:15:00+00:00,6148.950000000003,6150.940000000003,6148.440000000003,6148.930000000003,128
2026-05-27T19:30:00+00:00,6148.930000000003,6154.940000000003,6148.930000000003,6153.940000000003,180
2026-05-27T19:45:00+00:00,6153.940000000003,6153.940000000003,6141.450000000003,6145.480000000003,271
2026-05-28T06:00:00+00:00,6145.480000000003,6147.980000000003,6106.7800000000025,6110.770000000003,132.1767707082833
2026-05-28T06:15:00+00:00,6110.770000000003,6115.7800000000025,6109.770000000003,6113.770000000003,84
2026-05-28T06:30:00+00:00,6113.770000000003,6114.7800000000025,6105.770000000003,6110.260000000003,147
2026-05-28T06:45:00+00:00,6110.260000000003,6118.770000000003,6107.7800000000025,6118.260000000003,163
2026-05-28T07:00:00+00:00,6118.260000000003,6135.7800000000025,6117.760000000003,6130.270000000003,706
2026-05-28T07:15:00+00:00,6130.270000000003,6136.7800000000025,6126.760000000003,6133.2800000000025,414
2026-05-28T07:30:00+00:00,6133.2800000000025,6135.760000000003,6126.260000000003,6128.270000000003,405
2026-05-28T07:45:00+00:00,6128.270000000003,6131.2800000000025,6118.760000000003,6130.7800000000025,441
2026-05-28T08:00:00+00:00,6130.7800000000025,6135.7800000000025,6122.760000000003,6130.7800000000025,662
2026-05-28T08:15:00+00:00,6130.7800000000025,6131.770000000003,6120.760000000003,6124.260000000003,412
2026-05-28T08:30:00+00:00,6124.260000000003,6126.7800000000025,6120.770000000003,6125.7800000000025,240
2026-05-28T08:45:00+00:00,6125.7800000000025,6129.7800000000025,6123.760000000003,6129.760000000003,189
2026-05-28T09:00:00+00:00,6129.760000000003,6136.2800000000025,6127.7800000000025,6133.260000000003,203
2026-05-28T09:15:00+00:00,6133.260000000003,6139.770000000003,6130.760000000003,6136.760000000003,167
2026-05-28T09:30:00+00:00,6136.760000000003,6137.770000000003,6129.760000000003,6131.770000000003,244
2026-05-28T09:45:00+00:00,6131.770000000003,6140.7800000000025,6131.760000000003,6136.2800000000025,243
2026-05-28T10:00:00+00:00,6136.2800000000025,6137.7800000000025,6130.760000000003,6132.770000000003,232
2026-05-28T10:15:00+00:00,6132.770000000003,6135.270000000003,6128.760000000003,6131.2800000000025,258
2026-05-28T10:30:00+00:00,6131.2800000000025,6132.770000000003,6121.770000000003,6122.2800000000025,201
2026-05-28T10:45:00+00:00,6122.2800000000025,6126.7800000000025,6109.7800000000025,6118.2800000000025,784
2026-05-28T11:00:00+00:00,6118.2800000000025,6123.760000000003,6113.770000000003,6115.760000000003,639
2026-05-28T11:15:00+00:00,6115.760000000003,6118.7800000000025,6114.760000000003,6116.270000000003,283
2026-05-28T11:30:00+00:00,6116.270000000003,6120.7800000000025,6114.7800000000025,6120.260000000003,237.8158336128816
2026-05-28T11:45:00+00:00,6120.260000000003,6120.260000000003,6112.760000000003,6113.270000000003,197
2026-05-28T12:00:00+00:00,6113.270000000003,6115.270000000003,6109.760000000003,6114.7800000000025,149
2026-05-28T12:15:00+00:00,6114.7800000000025,6115.7800000000025,6106.270000000003,6112.770000000003,136
2026-05-28T12:30:00+00:00,6112.770000000003,6120.7800000000025,6112.260000000003,6119.7800000000025,382
2026-05-28T12:45:00+00:00,6119.7800000000025,6124.7800000000025,6118.260000000003,6121.770000000003,258
2026-05-28T13:00:00+00:00,6121.770000000003,6129.760000000003,6115.7800000000025,6115.7800000000025,269
2026-05-28T13:15:00+00:00,6115.7800000000025,6117.7800000000025,6111.260000000003,6111.770000000003,144
2026-05-28T13:30:00+00:00,6111.770000000003,6113.7800000000025,6099.260000000003,6107.7800000000025,413
2026-05-28T13:45:00+00:00,6107.7800000000025,6111.760000000003,6097.760000000003,6104.770000000003,455
2026-05-28T14:00:00+00:00,6104.770000000003,6159.7800000000025,6099.760000000003,6144.770000000003,2219
2026-05-28T14:15:00+00:00,6144.770000000003,6148.7800000000025,6128.760000000003,6134.2800000000025,1934
2026-05-28T14:30:00+00:00,6134.2800000000025,6137.7800000000025,6124.760000000003,6129.7800000000025,1003
2026-05-28T14:45:00+00:00,6129.7800000000025,6131.7800000000025,6110.760000000003,6120.260000000003,1182
2026-05-28T15:00:00+00:00,6120.260000000003,6131.760000000003,6119.270000000003,6127.770000000003,651
2026-05-28T15:15:00+00:00,6127.770000000003,6133.760000000003,6120.760000000003,6131.770000000003,266
2026-05-28T15:30:00+00:00,6131.770000000003,6131.7800000000025,6121.770000000003,6124.7800000000025,292
2026-05-28T15:45:00+00:00,6124.7800000000025,6129.770000000003,6123.260000000003,6127.7800000000025,120
2026-05-28T16:00:00+00:00,6127.7800000000025,6130.7800000000025,6121.770000000003,6130.760000000003,203
2026-05-28T16:15:00+00:00,6130.760000000003,6143.770000000003,6128.270000000003,6135.7800000000025,435
2026-05-28T16:30:00+00:00,6135.7800000000025,6135.7800000000025,6128.760000000003,6134.270000000003,160
2026-05-28T16:45:00+00:00,6134.270000000003,6143.2800000000025,6134.270000000003,6142.260000000003,148
2026-05-28T17:00:00+00:00,6142.260000000003,6143.7800000000025,6134.760000000003,6135.7800000000025,172
2026-05-28T17:15:00+00:00,6135.7800000000025,6138.7800000000025,6132.760000000003,6133.270000000003,117
2026-05-28T17:30:00+00:00,6133.270000000003,6135.2800000000025,6131.760000000003,6132.7800000000025,79.60970293823001
2026-05-28T17:45:00+00:00,6132.7800000000025,6135.7800000000025,6131.760000000003,6134.770000000003,117
2026-05-28T18:00:00+00:00,6134.770000000003,6135.770000000003,6127.770000000003,6129.7800000000025,113
2026-05-28T18:15:00+00:00,6129.7800000000025,6136.770000000003,6127.760000000003,6128.7800000000025,390
2026-05-28T18:30:00+00:00,6128.7800000000025,6128.7800000000025,6122.760000000003,6124.760000000003,150
2026-05-28T18:45:00+00:00,6124.760000000003,6130.7800000000025,6124.760000000003,6128.260000000003,70
2026-05-28T19:00:00+00:00,6128.260000000003,6130.770000000003,6125.760000000003,6125.770000000003,57.92002559181062
2026-05-28T19:15:00+00:00,6125.770000000003,6127.760000000003,6124.760000000003,6126.760000000003,68
2026-05-28T19:30:00+00:00,6126.760000000003,6130.7800000000025,6126.760000000003,6126.7800000000025,129.87031700288185
2026-05-28T19:45:00+00:00,6126.7800000000025,6128.770000000003,6122.320000000002,6122.810000000003,181
2026-05-29T06:00:00+00:00,6122.810000000003,6142.010000000003,6122.310000000003,6138.500000000003,129.39124359571497
2026-05-29T06:15:00+00:00,6138.500000000003,6143.020000000003,6133.020000000003,6133.500000000003,159
2026-05-29T06:30:00+00:00,6133.500000000003,6138.020000000003,6132.010000000003,6136.010000000003,231
2026-05-29T06:45:00+00:00,6136.010000000003,6148.010000000003,6133.010000000003,6148.010000000003,190
2026-05-29T07:00:00+00:00,6148.010000000003,6155.020000000003,6140.510000000003,6152.010000000003,774
2026-05-29T07:15:00+00:00,6152.010000000003,6156.520000000003,6143.000000000003,6152.000000000003,435
2026-05-29T07:30:00+00:00,6152.000000000003,6154.000000000003,6144.000000000003,6148.500000000003,416
2026-05-29T07:45:00+00:00,6148.500000000003,6161.020000000003,6147.000000000003,6159.520000000003,266
2026-05-29T08:00:00+00:00,6159.520000000003,6163.020000000003,6153.000000000003,6159.020000000003,390
2026-05-29T08:15:00+00:00,6159.020000000003,6164.020000000003,6158.000000000003,6162.000000000003,303
2026-05-29T08:30:00+00:00,6162.000000000003,6165.020000000003,6160.000000000003,6162.000000000003,225
2026-05-29T08:45:00+00:00,6162.000000000003,6162.010000000003,6154.500000000003,6155.520000000003,187
2026-05-29T09:00:00+00:00,6155.520000000003,6167.520000000003,6154.000000000003,6166.010000000003,309
2026-05-29T09:15:00+00:00,6166.010000000003,6175.020000000003,6163.010000000003,6171.000000000003,461
2026-05-29T09:30:00+00:00,6171.000000000003,6177.020000000003,6171.000000000003,6176.010000000003,299
2026-05-29T09:45:00+00:00,6176.010000000003,6180.000000000003,6169.000000000003,6169.500000000003,339
2026-05-29T10:00:00+00:00,6169.500000000003,6170.020000000003,6156.010000000003,6160.500000000003,266
2026-05-29T10:15:00+00:00,6160.500000000003,6168.000000000003,6159.000000000003,6159.020000000003,214
2026-05-29T10:30:00+00:00,6159.020000000003,6165.020000000003,6157.000000000003,6163.020000000003,233
2026-05-29T10:45:00+00:00,6163.020000000003,6168.020000000003,6162.000000000003,6165.000000000003,246.46351931330472
2026-05-29T11:00:00+00:00,6165.000000000003,6166.020000000003,6160.000000000003,6164.020000000003,210
2026-05-29T11:15:00+00:00,6164.020000000003,6166.020000000003,6155.000000000003,6155.510000000003,184
2026-05-29T11:30:00+00:00,6155.510000000003,6156.020000000003,6149.000000000003,6153.000000000003,243
2026-05-29T11:45:00+00:00,6153.000000000003,6157.010000000003,6142.000000000003,6155.020000000003,518
2026-05-29T12:00:00+00:00,6155.020000000003,6157.020000000003,6146.000000000003,6153.000000000003,314
2026-05-29T12:15:00+00:00,6153.000000000003,6156.010000000003,6151.000000000003,6155.520000000003,136.76786506879716
2026-05-29T12:30:00+00:00,6155.520000000003,6159.020000000003,6146.020000000003,6154.000000000003,386
2026-05-29T12:45:00+00:00,6154.000000000003,6155.000000000003,6148.020000000003,6152.510000000003,199
2026-05-29T13:00:00+00:00,6152.510000000003,6157.020000000003,6147.000000000003,6147.520000000003,173
2026-05-29T13:15:00+00:00,6147.520000000003,6148.010000000003,6138.000000000003,6141.020000000003,270
2026-05-29T13:30:00+00:00,6141.020000000003,6145.020000000003,6133.510000000003,6139.010000000003,406
2026-05-29T13:45:00+00:00,6139.010000000003,6144.020000000003,6134.010000000003,6135.020000000003,265
2026-05-29T14:00:00+00:00,6135.020000000003,6136.020000000003,6128.000000000003,6133.000000000003,266
2026-05-29T14:15:00+00:00,6133.000000000003,6138.020000000003,6129.000000000003,6134.010000000003,451
2026-05-29T14:30:00+00:00,6134.010000000003,6139.020000000003,6128.000000000003,6130.000000000003,590
2026-05-29T14:45:00+00:00,6130.000000000003,6155.020000000003,6126.010000000003,6145.010000000003,1546.5198396793587
2026-05-29T15:00:00+00:00,6145.010000000003,6154.520000000003,6141.500000000003,6152.510000000003,642
2026-05-29T15:15:00+00:00,6152.510000000003,6155.520000000003,6119.010000000003,6121.010000000003,438
2026-05-29T15:30:00+00:00,6121.010000000003,6130.520000000003,6106.000000000003,6115.510000000003,1301
2026-05-29T15:45:00+00:00,6115.510000000003,6118.520000000003,6111.500000000003,6116.020000000003,546
2026-05-29T16:00:00+00:00,6116.020000000003,6123.510000000003,6114.500000000003,6121.520000000003,282
2026-05-29T16:15:00+00:00,6121.520000000003,6122.520000000003,6116.500000000003,6118.510000000003,215
2026-05-29T16:30:00+00:00,6118.510000000003,6125.500000000003,6117.010000000003,6121.510000000003,360
2026-05-29T16:45:00+00:00,6121.510000000003,6122.000000000003,6116.520000000003,6119.520000000003,199
2026-05-29T17:00:00+00:00,6119.520000000003,6123.500000000003,6115.500000000003,6117.510000000003,168
2026-05-29T17:15:00+00:00,6117.510000000003,6122.020000000003,6115.500000000003,6116.520000000003,176
2026-05-29T17:30:00+00:00,6116.520000000003,6117.500000000003,6110.510000000003,6111.520000000003,109
2026-05-29T17:45:00+00:00,6111.520000000003,6112.520000000003,6105.520000000003,6105.520000000003,145
2026-05-29T18:00:00+00:00,6105.520000000003,6110.010000000003,6104.520000000003,6107.500000000003,154
2026-05-29T18:15:00+00:00,6107.500000000003,6111.520000000003,6106.500000000003,6109.510000000003,180
2026-05-29T18:30:00+00:00,6109.510000000003,6112.520000000003,6109.500000000003,6110.520000000003,140
2026-05-29T18:45:00+00:00,6110.520000000003,6110.520000000003,6097.500000000003,6101.500000000003,498
2026-05-29T19:00:00+00:00,6101.500000000003,6107.520000000003,6100.500000000003,6105.520000000003,176
2026-05-29T19:15:00+00:00,6105.520000000003,6107.020000000003,6102.500000000003,6107.020000000003,140
2026-05-29T19:30:00+00:00,6107.020000000003,6109.520000000003,6105.010000000003,6105.010000000003,134
2026-05-29T19:45:00+00:00,6105.010000000003,6106.020000000003,6099.500000000003,6100.550000000003,345
2026-06-01T06:00:00+00:00,6100.550000000003,6125.520000000003,6098.550000000003,6122.500000000003,203.95673431116467
2026-06-01T06:15:00+00:00,6122.500000000003,6124.510000000003,6112.500000000003,6113.500000000003,132
2026-06-01T06:30:00+00:00,6113.500000000003,6116.520000000003,6111.500000000003,6116.520000000003,134
2026-06-01T06:45:00+00:00,6116.520000000003,6120.520000000003,6110.510000000003,6117.500000000003,283
2026-06-01T07:00:00+00:00,6117.500000000003,6132.520000000003,6115.500000000003,6127.020000000003,978
2026-06-01T07:15:00+00:00,6127.020000000003,6128.520000000003,6120.500000000003,6123.520000000003,575
2026-06-01T07:30:00+00:00,6123.520000000003,6127.520000000003,6114.500000000003,6117.010000000003,330
2026-06-01T07:45:00+00:00,6117.010000000003,6130.520000000003,6115.010000000003,6129.000000000003,372
2026-06-01T08:00:00+00:00,6129.000000000003,6134.520000000003,6126.500000000003,6131.020000000003,403
2026-06-01T08:15:00+00:00,6131.020000000003,6131.520000000003,6122.510000000003,6126.510000000003,420
2026-06-01T08:30:00+00:00,6126.510000000003,6131.000000000003,6118.510000000003,6131.000000000003,390
2026-06-01T08:45:00+00:00,6131.000000000003,6131.520000000003,6123.500000000003,6131.510000000003,338
2026-06-01T09:00:00+00:00,6131.510000000003,6138.520000000003,6131.510000000003,6137.520000000003,316
2026-06-01T09:15:00+00:00,6137.520000000003,6139.500000000003,6132.500000000003,6139.000000000003,252
2026-06-01T09:30:00+00:00,6139.000000000003,6140.520000000003,6128.500000000003,6129.000000000003,246
2026-06-01T09:45:00+00:00,6129.000000000003,6129.000000000003,6117.000000000003,6122.010000000003,236
2026-06-01T10:00:00+00:00,6122.010000000003,6130.000000000003,6119.000000000003,6128.510000000003,238
2026-06-01T10:15:00+00:00,6128.510000000003,6132.520000000003,6124.500000000003,6131.000000000003,198.63421828908554
2026-06-01T10:30:00+00:00,6131.000000000003,6133.520000000003,6128.500000000003,6130.500000000003,158.2724358974359
2026-06-01T10:45:00+00:00,6130.500000000003,6135.000000000003,6129.510000000003,6131.520000000003,200
2026-06-01T11:00:00+00:00,6131.520000000003,6133.520000000003,6123.500000000003,6124.520000000003,277
2026-06-01T11:15:00+00:00,6124.520000000003,6126.500000000003,6122.500000000003,6125.010000000003,158
2026-06-01T11:30:00+00:00,6125.010000000003,6139.520000000003,6123.500000000003,6136.010000000003,296
2026-06-01T11:45:00+00:00,6136.010000000003,6138.020000000003,6130.000000000003,6136.510000000003,228
2026-06-01T12:00:00+00:00,6136.510000000003,6139.520000000003,6130.500000000003,6130.500000000003,332
2026-06-01T12:15:00+00:00,6130.500000000003,6141.510000000003,6129.520000000003,6138.520000000003,344
2026-06-01T12:30:00+00:00,6138.520000000003,6153.500000000003,6136.020000000003,6150.520000000003,430
2026-06-01T12:45:00+00:00,6150.520000000003,6153.520000000003,6145.500000000003,6147.500000000003,525
2026-06-01T13:00:00+00:00,6147.500000000003,6148.520000000003,6083.500000000003,6101.520000000003,2431
2026-06-01T13:15:00+00:00,6101.520000000003,6112.500000000003,6081.500000000003,6087.500000000003,2916
2026-06-01T13:30:00+00:00,6087.500000000003,6101.000000000003,6077.500000000003,6096.020000000003,2036
2026-06-01T13:45:00+00:00,6096.020000000003,6101.520000000003,6073.500000000003,6076.520000000003,1665
2026-06-01T14:00:00+00:00,6076.520000000003,6091.520000000003,6069.500000000003,6086.520000000003,1442
2026-06-01T14:15:00+00:00,6086.520000000003,6099.020000000003,6074.510000000003,6083.500000000003,1117
2026-06-01T14:30:00+00:00,6083.500000000003,6093.510000000003,6077.500000000003,6083.510000000003,808
2026-06-01T14:45:00+00:00,6083.510000000003,6085.520000000003,6077.510000000003,6079.510000000003,513
2026-06-01T15:00:00+00:00,6079.510000000003,6096.520000000003,6076.020000000003,6094.010000000003,616
2026-06-01T15:15:00+00:00,6094.010000000003,6097.510000000003,6088.500000000003,6094.510000000003,441
2026-06-01T15:30:00+00:00,6094.510000000003,6113.520000000003,6092.520000000003,6109.510000000003,1604
2026-06-01T15:45:00+00:00,6109.510000000003,6109.520000000003,6099.510000000003,6100.520000000003,386
2026-06-01T16:00:00+00:00,6100.520000000003,6108.510000000003,6095.500000000003,6098.500000000003,523
2026-06-01T16:15:00+00:00,6098.500000000003,6098.520000000003,6092.000000000003,6097.500000000003,398
2026-06-01T16:30:00+00:00,6097.500000000003,6104.520000000003,6096.510000000003,6099.500000000003,463
2026-06-01T16:45:00+00:00,6099.500000000003,6119.520000000003,6097.000000000003,6116.520000000003,652
2026-06-01T17:00:00+00:00,6116.520000000003,6118.010000000003,6107.500000000003,6110.500000000003,293
2026-06-01T17:15:00+00:00,6110.500000000003,6131.520000000003,6109.500000000003,6129.520000000003,283
2026-06-01T17:30:00+00:00,6129.520000000003,6152.510000000003,6122.500000000003,6134.000000000003,1306
2026-06-01T17:45:00+00:00,6134.000000000003,6137.000000000003,6132.500000000003,6132.520000000003,304
2026-06-01T18:00:00+00:00,6132.520000000003,6137.520000000003,6132.500000000003,6132.500000000003,136
2026-06-01T18:15:00+00:00,6132.500000000003,6135.000000000003,6130.500000000003,6132.510000000003,231
2026-06-01T18:30:00+00:00,6132.510000000003,6133.520000000003,6130.500000000003,6133.010000000003,113
2026-06-01T18:45:00+00:00,6133.010000000003,6133.520000000003,6130.500000000003,6131.520000000003,172.0901303538175
2026-06-01T19:00:00+00:00,6131.520000000003,6135.500000000003,6129.500000000003,6131.010000000003,174.11214953271028
2026-06-01T19:15:00+00:00,6131.010000000003,6133.520000000003,6129.520000000003,6132.500000000003,112
2026-06-01T19:30:00+00:00,6132.500000000003,6132.520000000003,6127.500000000003,6128.020000000003,214
2026-06-01T19:45:00+00:00,6128.020000000003,6128.520000000003,6119.500000000003,6121.060000000003,234
2026-06-02T06:00:00+00:00,6121.060000000003,6135.390000000003,6118.060000000003,6132.880000000003,227.46697388632873
2026-06-02T06:15:00+00:00,6132.880000000003,6137.890000000003,6132.880000000003,6135.890000000003,115
2026-06-02T06:30:00+00:00,6135.890000000003,6141.890000000003,6131.880000000003,6136.380000000003,182
2026-06-02T06:45:00+00:00,6136.380000000003,6145.370000000003,6135.370000000003,6145.370000000003,254
2026-06-02T07:00:00+00:00,6145.370000000003,6162.890000000003,6143.370000000003,6160.380000000003,757
2026-06-02T07:15:00+00:00,6160.380000000003,6170.880000000003,6158.370000000003,6162.380000000003,541
2026-06-02T07:30:00+00:00,6162.380000000003,6173.890000000003,6160.870000000003,6171.870000000003,383
2026-06-02T07:45:00+00:00,6171.870000000003,6178.390000000003,6167.870000000003,6178.370000000003,391
2026-06-02T08:00:00+00:00,6178.370000000003,6186.890000000003,6177.870000000003,6179.380000000003,675
2026-06-02T08:15:00+00:00,6179.380000000003,6183.880000000003,6167.870000000003,6167.870000000003,638
2026-06-02T08:30:00+00:00,6167.870000000003,6172.880000000003,6163.880000000003,6166.370000000003,345
2026-06-02T08:45:00+00:00,6166.370000000003,6171.880000000003,6165.870000000003,6169.380000000003,182.0723763570567
2026-06-02T09:00:00+00:00,6169.380000000003,6169.380000000003,6160.870000000003,6165.890000000003,344
2026-06-02T09:15:00+00:00,6165.890000000003,6168.890000000003,6158.880000000003,6161.390000000003,212
2026-06-02T09:30:00+00:00,6161.390000000003,6162.890000000003,6151.870000000003,6162.890000000003,321
2026-06-02T09:45:00+00:00,6162.890000000003,6171.390000000003,6162.880000000003,6167.380000000003,155
2026-06-02T10:00:00+00:00,6167.380000000003,6168.890000000003,6161.870000000003,6165.370000000003,165.0095020904599
2026-06-02T10:15:00+00:00,6165.370000000003,6170.880000000003,6164.870000000003,6166.390000000003,154
2026-06-02T10:30:00+00:00,6166.390000000003,6167.890000000003,6162.880000000003,6167.870000000003,140
2026-06-02T10:45:00+00:00,6167.870000000003,6169.890000000003,6164.880000000003,6167.380000000003,228
2026-06-02T11:00:00+00:00,6167.380000000003,6170.890000000003,6163.870000000003,6167.880000000003,208
2026-06-02T11:15:00+00:00,6167.880000000003,6177.890000000003,6166.870000000003,6176.870000000003,174
2026-06-02T11:30:00+00:00,6176.870000000003,6177.890000000003,6170.870000000003,6173.390000000003,254
2026-06-02T11:45:00+00:00,6173.390000000003,6175.390000000003,6171.870000000003,6174.390000000003,188
2026-06-02T12:00:00+00:00,6174.390000000003,6175.890000000003,6167.890000000003,6173.370000000003,180
2026-06-02T12:15:00+00:00,6173.370000000003,6173.880000000003,6166.880000000003,6172.370000000003,238
2026-06-02T12:30:00+00:00,6172.370000000003,6172.880000000003,6162.870000000003,6165.870000000003,428
2026-06-02T12:45:00+00:00,6165.870000000003,6167.380000000003,6157.870000000003,6160.380000000003,194
2026-06-02T13:00:00+00:00,6160.380000000003,6160.890000000003,6144.880000000003,6149.370000000003,788
2026-06-02T13:15:00+00:00,6149.370000000003,6152.880000000003,6142.880000000003,6148.370000000003,439
2026-06-02T13:30:00+00:00,6148.370000000003,6158.890000000003,6145.870000000003,6155.370000000003,825
2026-06-02T13:45:00+00:00,6155.370000000003,6159.890000000003,6153.370000000003,6154.880000000003,313
2026-06-02T14:00:00+00:00,6154.880000000003,6160.890000000003,6150.890000000003,6155.390000000003,602
2026-06-02T14:15:00+00:00,6155.390000000003,6157.890000000003,6150.870000000003,6156.870000000003,577
2026-06-02T14:30:00+00:00,6156.870000000003,6170.890000000003,6155.870000000003,6169.880000000003,467
2026-06-02T14:45:00+00:00,6169.880000000003,6176.890000000003,6169.880000000003,6171.390000000003,258
2026-06-02T15:00:00+00:00,6171.390000000003,6173.890000000003,6166.870000000003,6170.870000000003,223
2026-06-02T15:15:00+00:00,6170.870000000003,6182.390000000003,6170.870000000003,6178.380000000003,249
2026-06-02T15:30:00+00:00,6178.380000000003,6181.890000000003,6174.370000000003,6177.390000000003,301
2026-06-02T15:45:00+00:00,6177.390000000003,6179.880000000003,6171.370000000003,6174.380000000003,247
2026-06-02T16:00:00+00:00,6174.380000000003,6176.870000000003,6170.870000000003,6172.880000000003,252
2026-06-02T16:15:00+00:00,6172.880000000003,6172.890000000003,6162.870000000003,6163.370000000003,265
2026-06-02T16:30:00+00:00,6163.370000000003,6164.880000000003,6156.880000000003,6158.880000000003,199
2026-06-02T16:45:00+00:00,6158.880000000003,6164.890000000003,6158.880000000003,6163.890000000003,121.96248325145154
2026-06-02T17:00:00+00:00,6163.890000000003,6166.880000000003,6156.870000000003,6157.870000000003,161
2026-06-02T17:15:00+00:00,6157.870000000003,6157.870000000003,6152.880000000003,6155.890000000003,108
2026-06-02T17:30:00+00:00,6155.890000000003,6156.890000000003,6152.870000000003,6154.870000000003,68
2026-06-02T17:45:00+00:00,6154.870000000003,6156.880000000003,6154.390000000003,6155.880000000003,86.5893437296946
2026-06-02T18:00:00+00:00,6155.880000000003,6161.890000000003,6155.880000000003,6160.380000000003,76.7530612244898
2026-06-02T18:15:00+00:00,6160.380000000003,6164.890000000003,6159.870000000003,6162.880000000003,115
2026-06-02T18:30:00+00:00,6162.880000000003,6164.880000000003,6161.870000000003,6164.380000000003,126
2026-06-02T18:45:00+00:00,6164.380000000003,6167.870000000003,6164.380000000003,6165.870000000003,53.783417935702204
2026-06-02T19:00:00+00:00,6165.870000000003,6167.890000000003,6165.870000000003,6166.890000000003,56
2026-06-02T19:15:00+00:00,6166.890000000003,6168.880000000003,6166.870000000003,6167.890000000003,40.72082806338102
2026-06-02T19:30:00+00:00,6167.890000000003,6169.880000000003,6167.880000000003,6169.870000000003,39
2026-06-02T19:45:00+00:00,6169.870000000003,6173.930000000003,6168.870000000003,6172.920000000003,139
2026-06-03T06:00:00+00:00,6172.920000000003,6176.920000000003,6159.120000000003,6162.140000000003,254.24918883841661
2026-06-03T06:15:00+00:00,6162.140000000003,6163.140000000003,6159.120000000003,6161.120000000003,101
2026-06-03T06:30:00+00:00,6161.120000000003,6168.140000000003,6156.140000000003,6166.130000000003,323.92216981132077
2026-06-03T06:45:00+00:00,6166.130000000003,6166.140000000003,6158.120000000003,6165.630000000003,242
2026-06-03T07:00:00+00:00,6165.630000000003,6170.120000000003,6162.120000000003,6167.130000000003,800
2026-06-03T07:15:00+00:00,6167.130000000003,6170.140000000003,6155.130000000003,6159.620000000003,372
2026-06-03T07:30:00+00:00,6159.620000000003,6161.140000000003,6146.120000000003,6146.620000000003,493
2026-06-03T07:45:00+00:00,6146.620000000003,6164.120000000003,6145.120000000003,6164.120000000003,311
2026-06-03T08:00:00+00:00,6164.120000000003,6167.130000000003,6159.120000000003,6162.620000000003,463
2026-06-03T08:15:00+00:00,6162.620000000003,6165.140000000003,6156.120000000003,6163.120000000003,424
2026-06-03T08:30:00+00:00,6163.120000000003,6167.630000000003,6158.120000000003,6163.130000000003,371
2026-06-03T08:45:00+00:00,6163.130000000003,6167.140000000003,6160.140000000003,6163.640000000003,182
2026-06-03T09:00:00+00:00,6163.640000000003,6171.130000000003,6160.120000000003,6164.130000000003,186
2026-06-03T09:15:00+00:00,6164.130000000003,6166.140000000003,6159.140000000003,6161.140000000003,223
2026-06-03T09:30:00+00:00,6161.140000000003,6162.130000000003,6157.120000000003,6159.140000000003,225
2026-06-03T09:45:00+00:00,6159.140000000003,6161.130000000003,6150.130000000003,6151.120000000003,175
2026-06-03T10:00:00+00:00,6151.120000000003,6169.140000000003,6148.130000000003,6161.620000000003,1251
2026-06-03T10:15:00+00:00,6161.620000000003,6162.140000000003,6153.120000000003,6162.130000000003,310
2026-06-03T10:30:00+00:00,6162.130000000003,6162.140000000003,6145.120000000003,6146.120000000003,223
2026-06-03T10:45:00+00:00,6146.120000000003,6154.140000000003,6142.130000000003,6151.140000000003,176
2026-06-03T11:00:00+00:00,6151.140000000003,6154.140000000003,6144.640000000003,6146.140000000003,224
2026-06-03T11:15:00+00:00,6146.140000000003,6155.140000000003,6145.120000000003,6150.120000000003,132
2026-06-03T11:30:00+00:00,6150.120000000003,6155.140000000003,6149.120000000003,6155.140000000003,184.49323621227887
2026-06-03T11:45:00+00:00,6155.140000000003,6157.140000000003,6152.120000000003,6153.130000000003,203
2026-06-03T12:00:00+00:00,6153.130000000003,6155.640000000003,6150.630000000003,6153.140000000003,122
2026-06-03T12:15:00+00:00,6153.140000000003,6153.140000000003,6143.120000000003,6143.640000000003,235
2026-06-03T12:30:00+00:00,6143.640000000003,6143.640000000003,6135.620000000003,6140.130000000003,214
2026-06-03T12:45:00+00:00,6140.130000000003,6147.140000000003,6138.140000000003,6143.620000000003,198
2026-06-03T13:00:00+00:00,6143.620000000003,6151.140000000003,6142.140000000003,6146.620000000003,246
2026-06-03T13:15:00+00:00,6146.620000000003,6148.140000000003,6142.120000000003,6145.120000000003,198
2026-06-03T13:30:00+00:00,6145.120000000003,6149.130000000003,6131.120000000003,6131.140000000003,497
2026-06-03T13:45:00+00:00,6131.140000000003,6146.140000000003,6125.130000000003,6144.620000000003,727
2026-06-03T14:00:00+00:00,6144.620000000003,6148.640000000003,6137.120000000003,6138.620000000003,564
2026-06-03T14:15:00+00:00,6138.620000000003,6145.120000000003,6126.630000000003,6145.120000000003,718
2026-06-03T14:30:00+00:00,6145.120000000003,6145.140000000003,6134.120000000003,6134.620000000003,417
2026-06-03T14:45:00+00:00,6134.620000000003,6143.140000000003,6133.120000000003,6138.120000000003,226.32563176895306
2026-06-03T15:00:00+00:00,6138.120000000003,6142.630000000003,6133.630000000003,6133.630000000003,253
2026-06-03T15:15:00+00:00,6133.630000000003,6142.130000000003,6131.620000000003,6141.620000000003,327
2026-06-03T15:30:00+00:00,6141.620000000003,6142.640000000003,6120.630000000003,6129.620000000003,440
2026-06-03T15:45:00+00:00,6129.620000000003,6132.640000000003,6125.120000000003,6130.130000000003,280
2026-06-03T16:00:00+00:00,6130.130000000003,6130.640000000003,6124.620000000003,6127.630000000003,169
2026-06-03T16:15:00+00:00,6127.630000000003,6128.640000000003,6118.640000000003,6122.620000000003,212
2026-06-03T16:30:00+00:00,6122.620000000003,6126.640000000003,6118.620000000003,6121.630000000003,150
2026-06-03T16:45:00+00:00,6121.630000000003,6126.640000000003,6119.120000000003,6125.630000000003,270
2026-06-03T17:00:00+00:00,6125.630000000003,6130.640000000003,6120.120000000003,6122.130000000003,221
2026-06-03T17:15:00+00:00,6122.130000000003,6123.630000000003,6119.140000000003,6122.620000000003,144
2026-06-03T17:30:00+00:00,6122.620000000003,6126.640000000003,6119.630000000003,6125.640000000003,150
2026-06-03T17:45:00+00:00,6125.640000000003,6128.640000000003,6124.620000000003,6128.630000000003,244.67921609076842
2026-06-03T18:00:00+00:00,6128.630000000003,6130.630000000003,6126.620000000003,6127.620000000003,111
2026-06-03T18:15:00+00:00,6127.620000000003,6130.640000000003,6123.620000000003,6129.630000000003,165
2026-06-03T18:30:00+00:00,6129.630000000003,6130.640000000003,6124.620000000003,6128.640000000003,118
2026-06-03T18:45:00+00:00,6128.640000000003,6129.640000000003,6126.620000000003,6128.140000000003,109.33819064966606
2026-06-03T19:00:00+00:00,6128.140000000003,6128.140000000003,6121.620000000003,6122.630000000003,89
2026-06-03T19:15:00+00:00,6122.630000000003,6126.630000000003,6121.620000000003,6121.640000000003,119.57431457431457
2026-06-03T19:30:00+00:00,6121.640000000003,6125.640000000003,6120.140000000003,6123.630000000003,105
2026-06-03T19:45:00+00:00,6123.630000000003,6125.640000000003,6115.630000000003,6117.180000000003,313
2026-06-04T06:00:00+00:00,6117.180000000003,6131.520000000003,6116.680000000003,6127.500000000003,158.84513274336283
2026-06-04T06:15:00+00:00,6127.500000000003,6131.520000000003,6125.500000000003,6131.010000000003,311
2026-06-04T06:30:00+00:00,6131.010000000003,6140.520000000003,6129.510000000003,6137.500000000003,241
2026-06-04T06:45:00+00:00,6137.500000000003,6140.520000000003,6133.500000000003,6137.010000000003,274
2026-06-04T07:00:00+00:00,6137.010000000003,6149.520000000003,6130.500000000003,6149.010000000003,809
2026-06-04T07:15:00+00:00,6149.010000000003,6163.500000000003,6148.500000000003,6163.500000000003,423
2026-06-04T07:30:00+00:00,6163.500000000003,6173.020000000003,6162.020000000003,6165.020000000003,350
2026-06-04T07:45:00+00:00,6165.020000000003,6169.520000000003,6163.500000000003,6167.500000000003,222
2026-06-04T08:00:00+00:00,6167.500000000003,6168.520000000003,6160.000000000003,6160.000000000003,432
2026-06-04T08:15:00+00:00,6160.000000000003,6162.520000000003,6149.510000000003,6161.010000000003,448
2026-06-04T08:30:00+00:00,6161.010000000003,6171.020000000003,6152.500000000003,6155.020000000003,646
2026-06-04T08:45:00+00:00,6155.020000000003,6155.020000000003,6140.500000000003,6142.500000000003,289
2026-06-04T09:00:00+00:00,6142.500000000003,6142.510000000003,6130.500000000003,6133.020000000003,376
2026-06-04T09:15:00+00:00,6133.020000000003,6141.020000000003,6132.500000000003,6140.500000000003,318
2026-06-04T09:30:00+00:00,6140.500000000003,6153.500000000003,6139.000000000003,6153.500000000003,292
2026-06-04T09:45:00+00:00,6153.500000000003,6163.020000000003,6151.520000000003,6159.520000000003,310
2026-06-04T10:00:00+00:00,6159.520000000003,6159.520000000003,6146.500000000003,6150.000000000003,318
2026-06-04T10:15:00+00:00,6150.000000000003,6152.510000000003,6143.520000000003,6145.010000000003,167
2026-06-04T10:30:00+00:00,6145.010000000003,6146.500000000003,6133.520000000003,6138.500000000003,194
2026-06-04T10:45:00+00:00,6138.500000000003,6140.520000000003,6130.500000000003,6139.500000000003,249
2026-06-04T11:00:00+00:00,6139.500000000003,6149.520000000003,6139.500000000003,6147.000000000003,293
2026-06-04T11:15:00+00:00,6147.000000000003,6158.000000000003,6146.500000000003,6152.510000000003,645
2026-06-04T11:30:00+00:00,6152.510000000003,6154.520000000003,6142.510000000003,6149.510000000003,501
2026-06-04T11:45:00+00:00,6149.510000000003,6162.520000000003,6146.020000000003,6161.500000000003,504
2026-06-04T12:00:00+00:00,6161.500000000003,6164.510000000003,6151.500000000003,6155.500000000003,767
2026-06-04T12:15:00+00:00,6155.500000000003,6160.520000000003,6153.510000000003,6160.510000000003,525
2026-06-04T12:30:00+00:00,6160.510000000003,6166.520000000003,6157.510000000003,6166.020000000003,367
2026-06-04T12:45:00+00:00,6166.020000000003,6172.510000000003,6162.500000000003,6165.510000000003,339
2026-06-04T13:00:00+00:00,6165.510000000003,6167.520000000003,6161.500000000003,6163.520000000003,372
2026-06-04T13:15:00+00:00,6163.520000000003,6167.520000000003,6160.510000000003,6163.000000000003,438
2026-06-04T13:30:00+00:00,6163.000000000003,6166.520000000003,6151.500000000003,6156.020000000003,998
2026-06-04T13:45:00+00:00,6156.020000000003,6168.020000000003,6155.500000000003,6163.510000000003,855
2026-06-04T14:00:00+00:00,6163.510000000003,6165.520000000003,6152.500000000003,6165.000000000003,781
2026-06-04T14:15:00+00:00,6165.000000000003,6170.510000000003,6162.510000000003,6162.510000000003,401
2026-06-04T14:30:00+00:00,6162.510000000003,6162.520000000003,6154.500000000003,6155.500000000003,477
2026-06-04T14:45:00+00:00,6155.500000000003,6164.520000000003,6154.500000000003,6162.010000000003,466
2026-06-04T15:00:00+00:00,6162.010000000003,6174.520000000003,6157.500000000003,6173.510000000003,388
2026-06-04T15:15:00+00:00,6173.510000000003,6174.520000000003,6167.500000000003,6169.500000000003,232
2026-06-04T15:30:00+00:00,6169.500000000003,6184.520000000003,6168.510000000003,6177.000000000003,313
2026-06-04T15:45:00+00:00,6177.000000000003,6177.520000000003,6171.020000000003,6175.010000000003,163
2026-06-04T16:00:00+00:00,6175.010000000003,6182.520000000003,6174.500000000003,6181.500000000003,195
2026-06-04T16:15:00+00:00,6181.500000000003,6182.520000000003,6179.500000000003,6181.510000000003,165
2026-06-04T16:30:00+00:00,6181.510000000003,6184.520000000003,6179.500000000003,6183.520000000003,211
2026-06-04T16:45:00+00:00,6183.520000000003,6186.520000000003,6181.510000000003,6186.010000000003,125
2026-06-04T17:00:00+00:00,6186.010000000003,6186.510000000003,6183.500000000003,6183.520000000003,70
2026-06-04T17:15:00+00:00,6183.520000000003,6190.500000000003,6182.520000000003,6190.500000000003,70
2026-06-04T17:30:00+00:00,6190.500000000003,6192.520000000003,6188.510000000003,6189.520000000003,263.6349471341124
2026-06-04T17:45:00+00:00,6189.520000000003,6190.520000000003,6187.520000000003,6189.500000000003,49
2026-06-04T18:00:00+00:00,6189.500000000003,6192.010000000003,6187.500000000003,6191.500000000003,124
2026-06-04T18:15:00+00:00,6191.500000000003,6195.520000000003,6190.520000000003,6193.520000000003,51
2026-06-04T18:30:00+00:00,6193.520000000003,6194.520000000003,6191.500000000003,6192.520000000003,61.123719464145
2026-06-04T18:45:00+00:00,6192.520000000003,6198.020000000003,6192.510000000003,6194.520000000003,97.0912078882498
2026-06-04T19:00:00+00:00,6194.520000000003,6195.520000000003,6194.010000000003,6194.510000000003,46
2026-06-04T19:15:00+00:00,6194.510000000003,6198.020000000003,6192.500000000003,6197.520000000003,40.98765432098766
2026-06-04T19:30:00+00:00,6197.520000000003,6201.510000000003,6197.500000000003,6199.510000000003,71.4628272251309
2026-06-04T19:45:00+00:00,6199.510000000003,6199.520000000003,6190.050000000003,6190.570000000002,197
2026-06-05T06:00:00+00:00,6190.570000000002,6198.070000000002,6174.760000000003,6181.2400000000025,223.56076810889647
2026-06-05T06:15:00+00:00,6181.2400000000025,6181.2400000000025,6172.2400000000025,6173.2400000000025,265
2026-06-05T06:30:00+00:00,6173.2400000000025,6178.260000000003,6172.2400000000025,6175.2400000000025,333
2026-06-05T06:45:00+00:00,6175.2400000000025,6181.260000000003,6172.2400000000025,6174.260000000003,297
2026-06-05T07:00:00+00:00,6174.260000000003,6182.250000000003,6156.7400000000025,6157.7400000000025,770
2026-06-05T07:15:00+00:00,6157.7400000000025,6165.250000000003,6152.7400000000025,6160.2400000000025,505
2026-06-05T07:30:00+00:00,6160.2400000000025,6170.260000000003,6158.2400000000025,6168.7400000000025,387
2026-06-05T07:45:00+00:00,6168.7400000000025,6174.760000000003,6164.2400000000025,6164.750000000003,425
2026-06-05T08:00:00+00:00,6164.750000000003,6165.260000000003,6153.7400000000025,6160.7400000000025,509
2026-06-05T08:15:00+00:00,6160.7400000000025,6172.250000000003,6153.250000000003,6171.760000000003,621
2026-06-05T08:30:00+00:00,6171.760000000003,6174.260000000003,6165.2400000000025,6167.260000000003,451
2026-06-05T08:45:00+00:00,6167.260000000003,6172.260000000003,6165.260000000003,6172.260000000003,285
2026-06-05T09:00:00+00:00,6172.260000000003,6198.260000000003,6171.2400000000025,6189.7400000000025,980
2026-06-05T09:15:00+00:00,6189.7400000000025,6191.260000000003,6179.2400000000025,6180.750000000003,665
2026-06-05T09:30:00+00:00,6180.750000000003,6186.250000000003,6176.2400000000025,6178.2400000000025,508
2026-06-05T09:45:00+00:00,6178.2400000000025,6188.260000000003,6175.260000000003,6185.2400000000025,243
2026-06-05T10:00:00+00:00,6185.2400000000025,6185.250000000003,6178.7400000000025,6184.2400000000025,293
2026-06-05T10:15:00+00:00,6184.2400000000025,6193.2400000000025,6184.2400000000025,6192.250000000003,130
2026-06-05T10:30:00+00:00,6192.250000000003,6195.260000000003,6190.2400000000025,6195.260000000003,194.89033333333333
2026-06-05T10:45:00+00:00,6195.260000000003,6196.260000000003,6188.2400000000025,6188.760000000003,283.39957716701906
2026-06-05T11:00:00+00:00,6188.760000000003,6195.260000000003,6184.260000000003,6192.2400000000025,216
2026-06-05T11:15:00+00:00,6192.2400000000025,6192.2400000000025,6175.7400000000025,6188.760000000003,339
2026-06-05T11:30:00+00:00,6188.760000000003,6191.250000000003,6184.250000000003,6189.250000000003,244
2026-06-05T11:45:00+00:00,6189.250000000003,6191.250000000003,6186.2400000000025,6187.2400000000025,207
2026-06-05T12:00:00+00:00,6187.2400000000025,6188.750000000003,6177.2400000000025,6180.260000000003,211
2026-06-05T12:15:00+00:00,6180.260000000003,6182.260000000003,6176.2400000000025,6176.7400000000025,318
2026-06-05T12:30:00+00:00,6176.7400000000025,6190.310000000003,6168.7400000000025,6178.7400000000025,1200
2026-06-05T12:45:00+00:00,6178.7400000000025,6181.260000000003,6169.2400000000025,6170.2400000000025,731
2026-06-05T13:00:00+00:00,6170.2400000000025,6183.250000000003,6168.2400000000025,6178.7400000000025,588
2026-06-05T13:15:00+00:00,6178.7400000000025,6179.260000000003,6165.7400000000025,6166.750000000003,382
2026-06-05T13:30:00+00:00,6166.750000000003,6172.260000000003,6153.2400000000025,6153.750000000003,1563
2026-06-05T13:45:00+00:00,6153.750000000003,6160.260000000003,6147.2400000000025,6155.760000000003,1493
2026-06-05T14:00:00+00:00,6155.760000000003,6169.260000000003,6149.2400000000025,6156.260000000003,2032
2026-06-05T14:15:00+00:00,6156.260000000003,6161.260000000003,6145.2400000000025,6151.750000000003,953
2026-06-05T14:30:00+00:00,6151.750000000003,6163.260000000003,6151.260000000003,6162.760000000003,899
2026-06-05T14:45:00+00:00,6162.760000000003,6166.260000000003,6160.260000000003,6162.250000000003,778.3078783368989
2026-06-05T15:00:00+00:00,6162.250000000003,6163.270000000003,6152.270000000003,6153.750000000003,649
2026-06-05T15:15:00+00:00,6153.750000000003,6158.260000000003,6147.250000000003,6149.770000000003,613
2026-06-05T15:30:00+00:00,6149.770000000003,6153.270000000003,6138.250000000003,6139.270000000003,420
2026-06-05T15:45:00+00:00,6139.270000000003,6147.270000000003,6138.760000000003,6142.270000000003,427
2026-06-05T16:00:00+00:00,6142.270000000003,6142.270000000003,6133.250000000003,6136.750000000003,503
2026-06-05T16:15:00+00:00,6136.750000000003,6139.270000000003,6133.250000000003,6136.260000000003,407
2026-06-05T16:30:00+00:00,6136.260000000003,6136.270000000003,6123.260000000003,6125.250000000003,446
2026-06-05T16:45:00+00:00,6125.250000000003,6134.760000000003,6120.250000000003,6132.260000000003,611
2026-06-05T17:00:00+00:00,6132.260000000003,6132.770000000003,6122.250000000003,6124.770000000003,379
2026-06-05T17:15:00+00:00,6124.770000000003,6130.270000000003,6120.250000000003,6130.250000000003,319
2026-06-05T17:30:00+00:00,6130.250000000003,6136.270000000003,6126.760000000003,6127.760000000003,265
2026-06-05T17:45:00+00:00,6127.760000000003,6132.770000000003,6126.250000000003,6131.770000000003,374
2026-06-05T18:00:00+00:00,6131.770000000003,6134.250000000003,6120.270000000003,6120.750000000003,555
2026-06-05T18:15:00+00:00,6120.750000000003,6125.250000000003,6110.250000000003,6112.270000000003,694
2026-06-05T18:30:00+00:00,6112.270000000003,6117.270000000003,6106.270000000003,6109.250000000003,434
2026-06-05T18:45:00+00:00,6109.250000000003,6110.270000000003,6095.250000000003,6102.250000000003,907
2026-06-05T19:00:00+00:00,6102.250000000003,6103.270000000003,6085.750000000003,6088.750000000003,994
2026-06-05T19:15:00+00:00,6088.750000000003,6098.260000000003,6080.250000000003,6098.260000000003,883
2026-06-05T19:30:00+00:00,6098.260000000003,6101.270000000003,6090.250000000003,6096.270000000003,759
2026-06-05T19:45:00+00:00,6096.270000000003,6106.270000000003,6095.250000000003,6097.300000000003,915
2026-06-08T06:00:00+00:00,6097.300000000003,6100.800000000003,6050.190000000003,6054.210000000003,770.028579473462
2026-06-08T06:15:00+00:00,6054.210000000003,6065.2000000000035,6049.190000000003,6061.7000000000035,562
2026-06-08T06:30:00+00:00,6061.7000000000035,6065.210000000003,6048.190000000003,6053.710000000003,664
2026-06-08T06:45:00+00:00,6053.710000000003,6061.210000000003,6048.190000000003,6059.2000000000035,554
2026-06-08T07:00:00+00:00,6059.2000000000035,6091.210000000003,6056.2000000000035,6086.190000000003,1244
2026-06-08T07:15:00+00:00,6086.190000000003,6107.190000000003,6077.2000000000035,6099.210000000003,856
2026-06-08T07:30:00+00:00,6099.210000000003,6101.210000000003,6090.2000000000035,6097.2000000000035,651
2026-06-08T07:45:00+00:00,6097.2000000000035,6106.210000000003,6094.190000000003,6094.710000000003,480
2026-06-08T08:00:00+00:00,6094.710000000003,6102.190000000003,6089.190000000003,6095.2000000000035,551
2026-06-08T08:15:00+00:00,6095.2000000000035,6103.210000000003,6091.210000000003,6099.7000000000035,655
2026-06-08T08:30:00+00:00,6099.7000000000035,6105.7000000000035,6093.710000000003,6096.190000000003,563
2026-06-08T08:45:00+00:00,6096.190000000003,6101.210000000003,6091.690000000003,6097.710000000003,689
2026-06-08T09:00:00+00:00,6097.710000000003,6108.210000000003,6097.210000000003,6107.2000000000035,496
2026-06-08T09:15:00+00:00,6107.2000000000035,6115.210000000003,6105.190000000003,6107.190000000003,402
2026-06-08T09:30:00+00:00,6107.190000000003,6126.210000000003,6101.7000000000035,6118.190000000003,1092
2026-06-08T09:45:00+00:00,6118.190000000003,6123.210000000003,6116.210000000003,6122.2000000000035,459
2026-06-08T10:00:00+00:00,6122.2000000000035,6128.210000000003,6109.190000000003,6127.210000000003,748
2026-06-08T10:15:00+00:00,6127.210000000003,6128.210000000003,6115.210000000003,6123.690000000003,447
2026-06-08T10:30:00+00:00,6123.690000000003,6152.210000000003,6123.190000000003,6136.210000000003,1285
2026-06-08T10:45:00+00:00,6136.210000000003,6138.210000000003,6121.190000000003,6122.690000000003,384
2026-06-08T11:00:00+00:00,6122.690000000003,6152.210000000003,6117.190000000003,6151.7000000000035,1162
2026-06-08T11:15:00+00:00,6151.7000000000035,6162.190000000003,6144.2000000000035,6152.710000000003,2004
2026-06-08T11:30:00+00:00,6152.710000000003,6158.210000000003,6151.190000000003,6152.210000000003,830
2026-06-08T11:45:00+00:00,6152.210000000003,6153.2000000000035,6143.2000000000035,6144.690000000003,517
2026-06-08T12:00:00+00:00,6144.690000000003,6152.190000000003,6142.190000000003,6142.690000000003,739
2026-06-08T12:15:00+00:00,6142.690000000003,6150.210000000003,6140.2000000000035,6144.2000000000035,553
2026-06-08T12:30:00+00:00,6144.2000000000035,6149.210000000003,6139.190000000003,6142.210000000003,594
2026-06-08T12:45:00+00:00,6142.210000000003,6142.210000000003,6132.190000000003,6138.2000000000035,475
2026-06-08T13:00:00+00:00,6138.2000000000035,6147.2000000000035,6138.190000000003,6143.690000000003,520
2026-06-08T13:15:00+00:00,6143.690000000003,6153.210000000003,6140.210000000003,6148.2000000000035,542
2026-06-08T13:30:00+00:00,6148.2000000000035,6161.210000000003,6147.190000000003,6157.190000000003,2093
2026-06-08T13:45:00+00:00,6157.190000000003,6170.210000000003,6155.190000000003,6158.710000000003,1230
2026-06-08T14:00:00+00:00,6158.710000000003,6162.7000000000035,6153.190000000003,6157.710000000003,1238
2026-06-08T14:15:00+00:00,6157.710000000003,6157.710000000003,6146.190000000003,6149.190000000003,1311
2026-06-08T14:30:00+00:00,6149.190000000003,6163.190000000003,6147.2000000000035,6161.190000000003,1066
2026-06-08T14:45:00+00:00,6161.190000000003,6168.710000000003,6158.190000000003,6166.190000000003,487
2026-06-08T15:00:00+00:00,6166.190000000003,6168.210000000003,6163.2000000000035,6166.690000000003,352
2026-06-08T15:15:00+00:00,6166.690000000003,6171.210000000003,6158.190000000003,6160.190000000003,491
2026-06-08T15:30:00+00:00,6160.190000000003,6161.2000000000035,6147.2000000000035,6156.7000000000035,602
2026-06-08T15:45:00+00:00,6156.7000000000035,6158.2000000000035,6147.2000000000035,6149.190000000003,535
2026-06-08T16:00:00+00:00,6149.190000000003,6152.210000000003,6145.190000000003,6150.190000000003,702
2026-06-08T16:15:00+00:00,6150.190000000003,6153.710000000003,6144.190000000003,6144.2000000000035,616
2026-06-08T16:30:00+00:00,6144.2000000000035,6146.210000000003,6141.190000000003,6142.690000000003,777
2026-06-08T16:45:00+00:00,6142.690000000003,6147.210000000003,6141.190000000003,6141.190000000003,568
2026-06-08T17:00:00+00:00,6141.190000000003,6141.210000000003,6128.2000000000035,6132.710000000003,700
2026-06-08T17:15:00+00:00,6132.710000000003,6137.2000000000035,6126.190000000003,6136.2000000000035,453
2026-06-08T17:30:00+00:00,6136.2000000000035,6138.210000000003,6127.190000000003,6128.7000000000035,782
2026-06-08T17:45:00+00:00,6128.7000000000035,6138.210000000003,6128.7000000000035,6135.7000000000035,405
2026-06-08T18:00:00+00:00,6135.7000000000035,6144.210000000003,6135.190000000003,6139.210000000003,460
2026-06-08T18:15:00+00:00,6139.210000000003,6146.2000000000035,6139.190000000003,6145.210000000003,299
2026-06-08T18:30:00+00:00,6145.210000000003,6149.210000000003,6140.190000000003,6141.2000000000035,569
2026-06-08T18:45:00+00:00,6141.2000000000035,6145.210000000003,6141.2000000000035,6143.210000000003,187
2026-06-08T19:00:00+00:00,6143.210000000003,6144.210000000003,6134.190000000003,6134.2000000000035,361
2026-06-08T19:15:00+00:00,6134.2000000000035,6136.210000000003,6124.2000000000035,6131.7000000000035,375
2026-06-08T19:30:00+00:00,6131.7000000000035,6137.210000000003,6127.690000000003,6129.2000000000035,639
2026-06-08T19:45:00+00:00,6129.2000000000035,6143.210000000003,6129.2000000000035,6141.260000000003,666
2026-06-09T06:00:00+00:00,6141.260000000003,6143.550000000003,6136.540000000003,6140.550000000003,231.2194275802255
2026-06-09T06:15:00+00:00,6140.550000000003,6147.550000000003,6139.550000000003,6142.540000000003,240
2026-06-09T06:30:00+00:00,6142.540000000003,6147.550000000003,6138.530000000003,6146.040000000003,324
2026-06-09T06:45:00+00:00,6146.040000000003,6147.540000000003,6133.530000000003,6138.540000000003,212
2026-06-09T07:00:00+00:00,6138.540000000003,6172.550000000003,6134.540000000003,6160.030000000003,867
2026-06-09T07:15:00+00:00,6160.030000000003,6169.550000000003,6148.550000000003,6154.040000000003,542
2026-06-09T07:30:00+00:00,6154.040000000003,6171.050000000003,6153.530000000003,6171.030000000003,394
2026-06-09T07:45:00+00:00,6171.030000000003,6181.540000000003,6170.030000000003,6175.530000000003,388
2026-06-09T08:00:00+00:00,6175.530000000003,6192.550000000003,6171.530000000003,6189.050000000003,674
2026-06-09T08:15:00+00:00,6189.050000000003,6195.550000000003,6188.530000000003,6192.040000000003,398
2026-06-09T08:30:00+00:00,6192.040000000003,6198.530000000003,6185.530000000003,6198.530000000003,336
2026-06-09T08:45:00+00:00,6198.530000000003,6200.550000000003,6196.540000000003,6198.030000000003,190
2026-06-09T09:00:00+00:00,6198.030000000003,6206.540000000003,6196.530000000003,6204.050000000003,169
2026-06-09T09:15:00+00:00,6204.050000000003,6206.550000000003,6199.530000000003,6200.030000000003,203
2026-06-09T09:30:00+00:00,6200.030000000003,6205.540000000003,6193.550000000003,6205.040000000003,233
2026-06-09T09:45:00+00:00,6205.040000000003,6206.550000000003,6202.530000000003,6204.550000000003,129
2026-06-09T10:00:00+00:00,6204.550000000003,6206.550000000003,6190.530000000003,6204.030000000003,652
2026-06-09T10:15:00+00:00,6204.030000000003,6205.050000000003,6198.540000000003,6205.050000000003,193
2026-06-09T10:30:00+00:00,6205.050000000003,6205.550000000003,6199.540000000003,6203.540000000003,169
2026-06-09T10:45:00+00:00,6203.540000000003,6211.550000000003,6203.540000000003,6208.550000000003,268
2026-06-09T11:00:00+00:00,6208.550000000003,6213.040000000003,6206.540000000003,6209.050000000003,252
2026-06-09T11:15:00+00:00,6209.050000000003,6211.540000000003,6206.040000000003,6208.540000000003,164.14981549815496
2026-06-09T11:30:00+00:00,6208.540000000003,6209.550000000003,6202.540000000003,6204.050000000003,154
2026-06-09T11:45:00+00:00,6204.050000000003,6205.050000000003,6195.530000000003,6196.550000000003,141.25153374233128
2026-06-09T12:00:00+00:00,6196.550000000003,6196.550000000003,6189.530000000003,6190.050000000003,209
2026-06-09T12:15:00+00:00,6190.050000000003,6190.050000000003,6185.530000000003,6188.050000000003,191
2026-06-09T12:30:00+00:00,6188.050000000003,6196.540000000003,6187.540000000003,6193.040000000003,222
2026-06-09T12:45:00+00:00,6193.040000000003,6198.550000000003,6187.530000000003,6197.540000000003,229
2026-06-09T13:00:00+00:00,6197.540000000003,6207.540000000003,6192.550000000003,6199.550000000003,535
2026-06-09T13:15:00+00:00,6199.550000000003,6203.550000000003,6197.030000000003,6202.540000000003,216
2026-06-09T13:30:00+00:00,6202.540000000003,6219.550000000003,6201.530000000003,6219.550000000003,528
2026-06-09T13:45:00+00:00,6219.550000000003,6232.530000000003,6219.530000000003,6221.550000000003,736
2026-06-09T14:00:00+00:00,6221.550000000003,6227.550000000003,6206.540000000003,6206.550000000003,911
2026-06-09T14:15:00+00:00,6206.550000000003,6214.550000000003,6187.530000000003,6210.540000000003,1283
2026-06-09T14:30:00+00:00,6210.540000000003,6214.550000000003,6189.530000000003,6189.530000000003,1668
2026-06-09T14:45:00+00:00,6189.530000000003,6191.550000000003,6166.530000000003,6184.040000000003,2346
2026-06-09T15:00:00+00:00,6184.040000000003,6187.550000000003,6171.530000000003,6177.550000000003,1484
2026-06-09T15:15:00+00:00,6177.550000000003,6178.550000000003,6131.530000000003,6131.540000000003,1204
2026-06-09T15:30:00+00:00,6131.540000000003,6144.550000000003,6127.540000000003,6141.540000000003,1926
2026-06-09T15:45:00+00:00,6141.540000000003,6153.050000000003,6126.030000000003,6126.550000000003,2069
2026-06-09T16:00:00+00:00,6126.550000000003,6140.550000000003,6123.530000000003,6127.530000000003,2115
2026-06-09T16:15:00+00:00,6127.530000000003,6128.550000000003,6106.540000000003,6119.540000000003,2066
2026-06-09T16:30:00+00:00,6119.540000000003,6127.550000000003,6071.030000000003,6086.050000000003,4772
2026-06-09T16:45:00+00:00,6086.050000000003,6095.050000000003,6073.550000000003,6090.550000000003,2822
2026-06-09T17:00:00+00:00,6090.550000000003,6115.550000000003,6090.050000000003,6114.530000000003,2504
2026-06-09T17:15:00+00:00,6114.530000000003,6134.530000000003,6108.530000000003,6130.530000000003,2121
2026-06-09T17:30:00+00:00,6130.530000000003,6147.540000000003,6125.530000000003,6140.530000000003,1001
2026-06-09T17:45:00+00:00,6140.530000000003,6143.540000000003,6131.530000000003,6140.550000000003,1418
2026-06-09T18:00:00+00:00,6140.550000000003,6145.550000000003,6136.530000000003,6141.550000000003,1563
2026-06-09T18:15:00+00:00,6141.550000000003,6157.550000000003,6137.530000000003,6155.550000000003,1128
2026-06-09T18:30:00+00:00,6155.550000000003,6162.550000000003,6154.530000000003,6155.030000000003,972
2026-06-09T18:45:00+00:00,6155.030000000003,6169.530000000003,6154.530000000003,6166.030000000003,752
2026-06-09T19:00:00+00:00,6166.030000000003,6169.550000000003,6157.530000000003,6158.550000000003,867
2026-06-09T19:15:00+00:00,6158.550000000003,6158.550000000003,6144.550000000003,6154.540000000003,1423
2026-06-09T19:30:00+00:00,6154.540000000003,6157.550000000003,6145.530000000003,6151.530000000003,1359
2026-06-09T19:45:00+00:00,6151.530000000003,6168.540000000003,6146.530000000003,6165.590000000003,1346
2026-06-10T06:00:00+00:00,6165.590000000003,6167.090000000003,6149.360000000003,6154.360000000003,407.6653346653347
2026-06-10T06:15:00+00:00,6154.360000000003,6158.370000000003,6149.350000000003,6153.870000000003,356
2026-06-10T06:30:00+00:00,6153.870000000003,6159.370000000003,6149.350000000003,6156.360000000003,449
2026-06-10T06:45:00+00:00,6156.360000000003,6156.370000000003,6150.350000000003,6150.360000000003,274
2026-06-10T07:00:00+00:00,6150.360000000003,6152.370000000003,6134.370000000003,6147.870000000003,972
2026-06-10T07:15:00+00:00,6147.870000000003,6152.370000000003,6140.350000000003,6144.350000000003,616
2026-06-10T07:30:00+00:00,6144.350000000003,6150.370000000003,6138.350000000003,6141.850000000003,506
2026-06-10T07:45:00+00:00,6141.850000000003,6149.370000000003,6139.350000000003,6147.360000000003,586
2026-06-10T08:00:00+00:00,6147.360000000003,6149.870000000003,6130.350000000003,6130.860000000003,884
2026-06-10T08:15:00+00:00,6130.860000000003,6134.370000000003,6124.350000000003,6128.350000000003,883
2026-06-10T08:30:00+00:00,6128.350000000003,6130.370000000003,6114.860000000003,6116.370000000003,574
2026-06-10T08:45:00+00:00,6116.370000000003,6117.370000000003,6106.350000000003,6111.350000000003,815
2026-06-10T09:00:00+00:00,6111.350000000003,6116.370000000003,6101.350000000003,6102.370000000003,719
2026-06-10T09:15:00+00:00,6102.370000000003,6110.360000000003,6098.360000000003,6109.850000000003,607
2026-06-10T09:30:00+00:00,6109.850000000003,6118.350000000003,6102.850000000003,6105.360000000003,588
2026-06-10T09:45:00+00:00,6105.360000000003,6112.370000000003,6099.370000000003,6112.370000000003,532
2026-06-10T10:00:00+00:00,6112.370000000003,6112.370000000003,6097.350000000003,6098.850000000003,504
2026-06-10T10:15:00+00:00,6098.850000000003,6105.360000000003,6092.350000000003,6103.370000000003,486
2026-06-10T10:30:00+00:00,6103.370000000003,6112.870000000003,6101.350000000003,6104.860000000003,522
2026-06-10T10:45:00+00:00,6104.860000000003,6109.360000000003,6098.350000000003,6105.350000000003,449
2026-06-10T11:00:00+00:00,6105.350000000003,6109.360000000003,6053.350000000003,6078.850000000003,3279
2026-06-10T11:15:00+00:00,6078.850000000003,6091.870000000003,6054.850000000003,6072.350000000003,2513
2026-06-10T11:30:00+00:00,6072.350000000003,6084.360000000003,6069.350000000003,6079.850000000003,1489
2026-06-10T11:45:00+00:00,6079.850000000003,6093.370000000003,6078.350000000003,6089.370000000003,944
2026-06-10T12:00:00+00:00,6089.370000000003,6099.360000000003,6085.860000000003,6092.370000000003,839
2026-06-10T12:15:00+00:00,6092.370000000003,6103.370000000003,6088.350000000003,6102.870000000003,1042
2026-06-10T12:30:00+00:00,6102.870000000003,6122.360000000003,6099.400000000003,6116.860000000003,2496
2026-06-10T12:45:00+00:00,6116.860000000003,6121.370000000003,6111.360000000003,6111.860000000003,862
2026-06-10T13:00:00+00:00,6111.860000000003,6114.370000000003,6103.350000000003,6110.360000000003,857
2026-06-10T13:15:00+00:00,6110.360000000003,6113.370000000003,6105.350000000003,6109.370000000003,420
2026-06-10T13:30:00+00:00,6109.370000000003,6140.370000000003,6107.350000000003,6140.370000000003,2157
2026-06-10T13:45:00+00:00,6140.370000000003,6144.350000000003,6132.850000000003,6138.860000000003,1413
2026-06-10T14:00:00+00:00,6138.860000000003,6146.370000000003,6133.360000000003,6136.860000000003,1304
2026-06-10T14:15:00+00:00,6136.860000000003,6140.370000000003,6130.350000000003,6135.350000000003,1206
2026-06-10T14:30:00+00:00,6135.350000000003,6141.370000000003,6127.870000000003,6127.870000000003,1406
2026-06-10T14:45:00+00:00,6127.870000000003,6131.360000000003,6109.350000000003,6112.850000000003,1507.3389715832204
2026-06-10T15:00:00+00:00,6112.850000000003,6121.860000000002,6103.840000000003,6104.850000000003,1557
2026-06-10T15:15:00+00:00,6104.850000000003,6116.850000000003,6095.840000000003,6109.340000000003,1281
2026-06-10T15:30:00+00:00,6109.340000000003,6111.860000000002,6090.840000000003,6104.340000000003,1103
2026-06-10T15:45:00+00:00,6104.340000000003,6106.860000000002,6074.840000000003,6099.860000000002,3266
2026-06-10T16:00:00+00:00,6099.860000000002,6105.860000000002,6085.840000000003,6088.860000000002,1733
2026-06-10T16:15:00+00:00,6088.860000000002,6095.860000000002,6087.860000000002,6093.840000000003,1203
2026-06-10T16:30:00+00:00,6093.840000000003,6102.350000000003,6084.350000000003,6093.840000000003,1344
2026-06-10T16:45:00+00:00,6093.840000000003,6094.860000000002,6083.840000000003,6090.840000000003,1497
2026-06-10T17:00:00+00:00,6090.840000000003,6095.860000000002,6079.840000000003,6081.840000000003,1246
2026-06-10T17:15:00+00:00,6081.840000000003,6087.860000000002,6079.840000000003,6085.340000000003,1136
2026-06-10T17:30:00+00:00,6085.340000000003,6085.850000000003,6074.850000000003,6075.850000000003,676
2026-06-10T17:45:00+00:00,6075.850000000003,6095.860000000002,6074.840000000003,6093.340000000003,1802
2026-06-10T18:00:00+00:00,6093.340000000003,6101.350000000003,6091.840000000003,6094.840000000003,1246
2026-06-10T18:15:00+00:00,6094.840000000003,6097.860000000002,6086.840000000003,6091.360000000002,1379
2026-06-10T18:30:00+00:00,6091.360000000002,6091.860000000002,6082.340000000003,6082.340000000003,1249
2026-06-10T18:45:00+00:00,6082.340000000003,6083.850000000003,6073.360000000002,6077.840000000003,1122
2026-06-10T19:00:00+00:00,6077.840000000003,6080.860000000002,6072.840000000003,6073.850000000003,1082
2026-06-10T19:15:00+00:00,6073.850000000003,6075.860000000002,6065.840000000003,6069.340000000003,775
2026-06-10T19:30:00+00:00,6069.340000000003,6078.860000000002,6066.840000000003,6075.860000000002,1076
2026-06-10T19:45:00+00:00,6075.860000000002,6077.850000000003,6064.840000000003,6065.410000000003,1024
2026-06-11T06:00:00+00:00,6065.410000000003,6085.200000000003,6062.410000000003,6083.680000000003,644.3925619834711
2026-06-11T06:15:00+00:00,6083.680000000003,6090.200000000003,6083.180000000003,6088.180000000003,421
2026-06-11T06:30:00+00:00,6088.180000000003,6099.190000000003,6084.180000000003,6094.180000000003,435
2026-06-11T06:45:00+00:00,6094.180000000003,6101.190000000003,6091.190000000003,6099.200000000003,307
2026-06-11T07:00:00+00:00,6099.200000000003,6117.200000000003,6097.180000000003,6115.680000000003,1016
2026-06-11T07:15:00+00:00,6115.680000000003,6133.200000000003,6113.190000000003,6132.190000000003,576
2026-06-11T07:30:00+00:00,6132.190000000003,6139.700000000003,6132.180000000003,6135.680000000003,479
2026-06-11T07:45:00+00:00,6135.680000000003,6137.200000000003,6118.180000000003,6118.690000000003,396
2026-06-11T08:00:00+00:00,6118.690000000003,6143.200000000003,6118.190000000003,6141.680000000003,531
2026-06-11T08:15:00+00:00,6141.680000000003,6142.190000000003,6127.180000000003,6129.180000000003,651
2026-06-11T08:30:00+00:00,6129.180000000003,6136.200000000003,6127.690000000003,6133.200000000003,341
2026-06-11T08:45:00+00:00,6133.200000000003,6137.700000000003,6127.680000000003,6136.680000000003,300
2026-06-11T09:00:00+00:00,6136.680000000003,6138.200000000003,6128.180000000003,6133.680000000003,256
2026-06-11T09:15:00+00:00,6133.680000000003,6141.700000000003,6132.180000000003,6137.690000000003,328
2026-06-11T09:30:00+00:00,6137.690000000003,6143.200000000003,6134.180000000003,6141.200000000003,241
2026-06-11T09:45:00+00:00,6141.200000000003,6154.200000000003,6141.200000000003,6149.680000000003,276
2026-06-11T10:00:00+00:00,6149.680000000003,6154.200000000003,6146.180000000003,6152.700000000003,349
2026-06-11T10:15:00+00:00,6152.700000000003,6153.700000000003,6145.180000000003,6145.700000000003,245
2026-06-11T10:30:00+00:00,6145.700000000003,6153.200000000003,6145.180000000003,6148.680000000003,336
2026-06-11T10:45:00+00:00,6148.680000000003,6153.200000000003,6147.180000000003,6147.680000000003,222
2026-06-11T11:00:00+00:00,6147.680000000003,6150.200000000003,6142.180000000003,6147.180000000003,522
2026-06-11T11:15:00+00:00,6147.180000000003,6152.200000000003,6145.180000000003,6149.680000000003,317
2026-06-11T11:30:00+00:00,6149.680000000003,6159.200000000003,6148.180000000003,6155.180000000003,760
2026-06-11T11:45:00+00:00,6155.180000000003,6159.200000000003,6154.180000000003,6157.200000000003,213
2026-06-11T12:00:00+00:00,6157.200000000003,6158.180000000003,6150.200000000003,6156.680000000003,226
2026-06-11T12:15:00+00:00,6156.680000000003,6157.200000000003,6104.180000000003,6123.190000000003,3286
2026-06-11T12:30:00+00:00,6123.190000000003,6136.200000000003,6108.190000000003,6128.190000000003,2091
2026-06-11T12:45:00+00:00,6128.190000000003,6140.200000000003,6123.180000000003,6133.690000000003,1661
2026-06-11T13:00:00+00:00,6133.690000000003,6133.700000000003,6122.180000000003,6124.690000000003,1050
2026-06-11T13:15:00+00:00,6124.690000000003,6133.200000000003,6124.690000000003,6127.690000000003,654
2026-06-11T13:30:00+00:00,6127.690000000003,6144.200000000003,6126.180000000003,6137.680000000003,2496
2026-06-11T13:45:00+00:00,6137.680000000003,6169.200000000003,6137.180000000003,6159.200000000003,2419
2026-06-11T14:00:00+00:00,6159.200000000003,6169.690000000003,6144.190000000003,6146.180000000003,1739
2026-06-11T14:15:00+00:00,6146.180000000003,6157.200000000003,6142.180000000003,6148.700000000003,2110
2026-06-11T14:30:00+00:00,6148.700000000003,6151.700000000003,6142.180000000003,6148.180000000003,1704
2026-06-11T14:45:00+00:00,6148.180000000003,6152.690000000003,6130.680000000003,6134.190000000003,1377
2026-06-11T15:00:00+00:00,6134.190000000003,6155.200000000003,6129.200000000003,6152.700000000003,1705
2026-06-11T15:15:00+00:00,6152.700000000003,6156.200000000003,6137.180000000003,6137.180000000003,983
2026-06-11T15:30:00+00:00,6137.180000000003,6151.180000000003,6135.690000000003,6142.190000000003,822
2026-06-11T15:45:00+00:00,6142.190000000003,6145.200000000003,6137.180000000003,6144.200000000003,972
2026-06-11T16:00:00+00:00,6144.200000000003,6150.200000000003,6141.180000000003,6149.690000000003,1050
2026-06-11T16:15:00+00:00,6149.690000000003,6152.200000000003,6137.190000000003,6137.190000000003,951
2026-06-11T16:30:00+00:00,6137.190000000003,6146.200000000003,6133.180000000003,6141.200000000003,1058
2026-06-11T16:45:00+00:00,6141.200000000003,6142.200000000003,6132.180000000003,6132.200000000003,979
2026-06-11T17:00:00+00:00,6132.200000000003,6139.190000000003,6124.180000000003,6132.200000000003,1269
2026-06-11T17:15:00+00:00,6132.200000000003,6192.200000000003,6125.180000000003,6190.190000000003,2266
2026-06-11T17:30:00+00:00,6190.190000000003,6243.200000000003,6187.700000000003,6240.190000000003,5273
2026-06-11T17:45:00+00:00,6240.190000000003,6243.200000000003,6214.690000000003,6225.200000000003,2414
2026-06-11T18:00:00+00:00,6225.200000000003,6230.200000000003,6206.180000000003,6215.190000000003,2230
2026-06-11T18:15:00+00:00,6215.190000000003,6222.190000000003,6204.680000000003,6211.680000000003,1837
2026-06-11T18:30:00+00:00,6211.680000000003,6219.200000000003,6210.180000000003,6218.180000000003,915
2026-06-11T18:45:00+00:00,6218.180000000003,6227.200000000003,6217.180000000003,6222.200000000003,788
2026-06-11T19:00:00+00:00,6222.200000000003,6236.700000000003,6221.680000000003,6231.190000000003,1007
2026-06-11T19:15:00+00:00,6231.190000000003,6239.200000000003,6230.200000000003,6237.200000000003,544
2026-06-11T19:30:00+00:00,6237.200000000003,6261.200000000003,6236.680000000003,6259.200000000003,1654
2026-06-11T19:45:00+00:00,6259.200000000003,6259.200000000003,6247.180000000003,6254.730000000003,859
2026-06-12T06:00:00+00:00,6254.730000000003,6260.230000000003,6236.860000000002,6245.350000000003,756.4138039710053
2026-06-12T06:15:00+00:00,6245.350000000003,6251.870000000003,6241.360000000002,6249.370000000003,321
2026-06-12T06:30:00+00:00,6249.370000000003,6249.370000000003,6229.360000000002,6232.870000000003,304
2026-06-12T06:45:00+00:00,6232.870000000003,6237.870000000003,6227.850000000003,6235.360000000002,354
2026-06-12T07:00:00+00:00,6235.360000000002,6236.860000000002,6216.850000000003,6221.360000000002,1296
2026-06-12T07:15:00+00:00,6221.360000000002,6235.870000000003,6216.860000000002,6224.350000000003,723
2026-06-12T07:30:00+00:00,6224.350000000003,6239.870000000003,6222.850000000003,6238.350000000003,603
2026-06-12T07:45:00+00:00,6238.350000000003,6285.870000000003,6238.350000000003,6262.360000000002,1127
2026-06-12T08:00:00+00:00,6262.360000000002,6278.860000000002,6259.350000000003,6274.370000000003,1188
2026-06-12T08:15:00+00:00,6274.370000000003,6288.360000000002,6270.850000000003,6275.870000000003,1427
2026-06-12T08:30:00+00:00,6275.870000000003,6279.850000000003,6254.850000000003,6256.860000000002,984
2026-06-12T08:45:00+00:00,6256.860000000002,6263.870000000003,6251.850000000003,6258.860000000002,505
2026-06-12T09:00:00+00:00,6258.860000000002,6270.850000000003,6257.870000000003,6270.850000000003,492
2026-06-12T09:15:00+00:00,6270.850000000003,6277.870000000003,6268.850000000003,6275.350000000003,625
2026-06-12T09:30:00+00:00,6275.350000000003,6283.870000000003,6273.850000000003,6275.350000000003,401
2026-06-12T09:45:00+00:00,6275.350000000003,6277.870000000003,6268.850000000003,6269.870000000003,434
2026-06-12T10:00:00+00:00,6269.870000000003,6271.870000000003,6254.350000000003,6258.850000000003,593
2026-06-12T10:15:00+00:00,6258.850000000003,6259.870000000003,6237.860000000002,6241.870000000003,667
2026-06-12T10:30:00+00:00,6241.870000000003,6250.870000000003,6238.860000000002,6249.350000000003,591
2026-06-12T10:45:00+00:00,6249.350000000003,6254.370000000003,6247.850000000003,6251.370000000003,288
2026-06-12T11:00:00+00:00,6251.370000000003,6252.870000000003,6246.850000000003,6250.860000000002,339
2026-06-12T11:15:00+00:00,6250.860000000002,6256.870000000003,6249.850000000003,6255.860000000002,261
2026-06-12T11:30:00+00:00,6255.860000000002,6257.870000000003,6245.850000000003,6250.860000000002,426
2026-06-12T11:45:00+00:00,6250.860000000002,6252.870000000003,6244.850000000003,6245.860000000002,363
2026-06-12T12:00:00+00:00,6245.860000000002,6246.870000000003,6232.850000000003,6232.850000000003,342
2026-06-12T12:15:00+00:00,6232.850000000003,6234.870000000003,6224.850000000003,6224.860000000002,445
2026-06-12T12:30:00+00:00,6224.860000000002,6229.370000000003,6217.850000000003,6220.360000000002,656
2026-06-12T12:45:00+00:00,6220.360000000002,6224.870000000003,6210.850000000003,6212.860000000002,629
2026-06-12T13:00:00+00:00,6212.860000000002,6229.870000000003,6211.850000000003,6229.370000000003,560
2026-06-12T13:15:00+00:00,6229.370000000003,6240.370000000003,6228.860000000002,6240.350000000003,380
2026-06-12T13:30:00+00:00,6240.350000000003,6245.870000000003,6215.850000000003,6220.850000000003,3721
2026-06-12T13:45:00+00:00,6220.850000000003,6235.870000000003,6216.860000000002,6230.870000000003,2070
2026-06-12T14:00:00+00:00,6230.870000000003,6245.870000000003,6230.360000000002,6238.850000000003,1260
2026-06-12T14:15:00+00:00,6238.850000000003,6247.870000000003,6232.850000000003,6233.860000000002,1086
2026-06-12T14:30:00+00:00,6233.860000000002,6243.370000000003,6231.860000000002,6233.850000000003,1365
2026-06-12T14:45:00+00:00,6233.850000000003,6268.380000000003,6230.850000000003,6265.360000000003,3128.3329106370284
2026-06-12T15:00:00+00:00,6265.360000000003,6267.380000000003,6254.360000000003,6262.380000000003,1206
2026-06-12T15:15:00+00:00,6262.380000000003,6268.380000000003,6259.370000000003,6262.860000000003,530
2026-06-12T15:30:00+00:00,6262.860000000003,6279.370000000003,6258.360000000003,6258.860000000003,1017
2026-06-12T15:45:00+00:00,6258.860000000003,6263.380000000003,6240.360000000003,6243.380000000003,1045
2026-06-12T16:00:00+00:00,6243.380000000003,6269.380000000003,6238.360000000003,6258.380000000003,1810
2026-06-12T16:15:00+00:00,6258.380000000003,6266.380000000003,6256.360000000003,6259.380000000003,1214
2026-06-12T16:30:00+00:00,6259.380000000003,6265.380000000003,6257.360000000003,6262.880000000003,685
2026-06-12T16:45:00+00:00,6262.880000000003,6267.370000000003,6260.360000000003,6264.880000000003,706
2026-06-12T17:00:00+00:00,6264.880000000003,6276.380000000003,6264.870000000003,6270.380000000003,547
2026-06-12T17:15:00+00:00,6270.380000000003,6274.380000000003,6268.360000000003,6270.880000000003,334
2026-06-12T17:30:00+00:00,6270.880000000003,6270.880000000003,6264.370000000003,6269.370000000003,305
2026-06-12T17:45:00+00:00,6269.370000000003,6273.380000000003,6266.360000000003,6267.860000000003,564
2026-06-12T18:00:00+00:00,6267.860000000003,6274.370000000003,6266.360000000003,6269.870000000003,588
2026-06-12T18:15:00+00:00,6269.870000000003,6272.380000000003,6266.360000000003,6271.370000000003,387
2026-06-12T18:30:00+00:00,6271.370000000003,6277.380000000003,6271.360000000003,6276.380000000003,376
2026-06-12T18:45:00+00:00,6276.380000000003,6276.380000000003,6268.360000000003,6269.870000000003,420
2026-06-12T19:00:00+00:00,6269.870000000003,6276.370000000003,6269.370000000003,6274.880000000003,232.20028680688335
2026-06-12T19:15:00+00:00,6274.880000000003,6277.880000000003,6273.360000000003,6275.380000000003,371
2026-06-12T19:30:00+00:00,6275.380000000003,6276.380000000003,6267.870000000003,6270.880000000003,473
2026-06-12T19:45:00+00:00,6270.880000000003,6274.380000000003,6264.370000000003,6269.4100000000035,528
2026-06-15T06:00:00+00:00,6269.4100000000035,6365.850000000003,6268.4100000000035,6365.850000000003,256.11873350923486
2026-06-15T06:15:00+00:00,6365.850000000003,6378.860000000003,6362.850000000003,6372.860000000003,290
2026-06-15T06:30:00+00:00,6372.860000000003,6372.860000000003,6364.350000000003,6367.870000000003,259
2026-06-15T06:45:00+00:00,6367.870000000003,6369.360000000003,6360.860000000003,6368.370000000003,220
2026-06-15T07:00:00+00:00,6368.370000000003,6379.870000000003,6357.850000000003,6371.370000000003,1285
2026-06-15T07:15:00+00:00,6371.370000000003,6375.870000000003,6357.850000000003,6359.370000000003,1035
2026-06-15T07:30:00+00:00,6359.370000000003,6361.870000000003,6350.350000000003,6356.360000000003,900
2026-06-15T07:45:00+00:00,6356.360000000003,6359.870000000003,6346.360000000003,6348.350000000003,474
2026-06-15T08:00:00+00:00,6348.350000000003,6355.370000000003,6341.850000000003,6343.850000000003,741
2026-06-15T08:15:00+00:00,6343.850000000003,6355.870000000003,6341.850000000003,6354.370000000003,660
2026-06-15T08:30:00+00:00,6354.370000000003,6354.370000000003,6343.870000000003,6347.360000000003,483
2026-06-15T08:45:00+00:00,6347.360000000003,6348.370000000003,6339.850000000003,6341.850000000003,418
2026-06-15T09:00:00+00:00,6341.850000000003,6345.870000000003,6339.850000000003,6342.350000000003,529
2026-06-15T09:15:00+00:00,6342.350000000003,6343.870000000003,6329.850000000003,6334.870000000003,434
2026-06-15T09:30:00+00:00,6334.870000000003,6338.860000000003,6329.350000000003,6329.870000000003,337
2026-06-15T09:45:00+00:00,6329.870000000003,6337.350000000003,6328.850000000003,6336.360000000003,309
2026-06-15T10:00:00+00:00,6336.360000000003,6341.370000000003,6334.350000000003,6339.870000000003,336
2026-06-15T10:15:00+00:00,6339.870000000003,6346.350000000003,6337.870000000003,6344.850000000003,252
2026-06-15T10:30:00+00:00,6344.850000000003,6345.360000000003,6336.860000000003,6339.870000000003,247
2026-06-15T10:45:00+00:00,6339.870000000003,6345.870000000003,6338.850000000003,6343.850000000003,247
2026-06-15T11:00:00+00:00,6343.850000000003,6349.370000000003,6343.350000000003,6347.860000000003,291
2026-06-15T11:15:00+00:00,6347.860000000003,6353.370000000003,6346.350000000003,6351.850000000003,394
2026-06-15T11:30:00+00:00,6351.850000000003,6353.870000000003,6346.850000000003,6348.370000000003,416
2026-06-15T11:45:00+00:00,6348.370000000003,6355.870000000003,6346.870000000003,6354.370000000003,364
2026-06-15T12:00:00+00:00,6354.370000000003,6357.870000000003,6349.850000000003,6353.370000000003,507
2026-06-15T12:15:00+00:00,6353.370000000003,6354.870000000003,6347.860000000003,6348.870000000003,468
2026-06-15T12:30:00+00:00,6348.870000000003,6351.370000000003,6342.850000000003,6342.850000000003,305
2026-06-15T12:45:00+00:00,6342.850000000003,6349.870000000003,6342.850000000003,6344.850000000003,251
2026-06-15T13:00:00+00:00,6344.850000000003,6346.870000000003,6339.850000000003,6342.360000000003,264
2026-06-15T13:15:00+00:00,6342.360000000003,6343.870000000003,6338.350000000003,6338.850000000003,421
2026-06-15T13:30:00+00:00,6338.850000000003,6340.870000000003,6323.850000000003,6327.860000000003,1027
2026-06-15T13:45:00+00:00,6327.860000000003,6330.850000000003,6316.850000000003,6317.850000000003,524
2026-06-15T14:00:00+00:00,6317.850000000003,6319.860000000003,6311.350000000003,6314.870000000003,690
2026-06-15T14:15:00+00:00,6314.870000000003,6319.870000000003,6308.860000000003,6317.850000000003,649
2026-06-15T14:30:00+00:00,6317.850000000003,6325.870000000003,6317.360000000003,6324.350000000003,354
2026-06-15T14:45:00+00:00,6324.350000000003,6327.870000000003,6318.850000000003,6320.860000000003,493
2026-06-15T15:00:00+00:00,6320.860000000003,6327.860000000003,6314.860000000003,6316.370000000003,353
2026-06-15T15:15:00+00:00,6316.370000000003,6323.850000000003,6313.870000000003,6322.360000000003,356
2026-06-15T15:30:00+00:00,6322.360000000003,6329.870000000003,6312.860000000003,6328.370000000003,376
2026-06-15T15:45:00+00:00,6328.370000000003,6333.870000000003,6327.860000000003,6329.850000000003,260
2026-06-15T16:00:00+00:00,6329.850000000003,6330.870000000003,6325.860000000003,6328.360000000003,165
2026-06-15T16:15:00+00:00,6328.360000000003,6328.370000000003,6322.850000000003,6324.870000000003,161
2026-06-15T16:30:00+00:00,6324.870000000003,6327.860000000003,6323.860000000003,6326.850000000003,119
2026-06-15T16:45:00+00:00,6326.850000000003,6328.860000000003,6322.860000000003,6328.370000000003,115
2026-06-15T17:00:00+00:00,6328.370000000003,6328.370000000003,6321.850000000003,6323.860000000003,149.89287295263392
2026-06-15T17:15:00+00:00,6323.860000000003,6329.870000000003,6323.350000000003,6329.350000000003,106
2026-06-15T17:30:00+00:00,6329.350000000003,6329.870000000003,6324.370000000003,6324.370000000003,51.345783749032364
2026-06-15T17:45:00+00:00,6324.370000000003,6326.870000000003,6322.850000000003,6324.370000000003,66
2026-06-15T18:00:00+00:00,6324.370000000003,6325.860000000003,6320.850000000003,6323.870000000003,146
2026-06-15T18:15:00+00:00,6323.870000000003,6324.860000000003,6319.360000000003,6319.860000000003,67
2026-06-15T18:30:00+00:00,6319.860000000003,6323.860000000003,6317.850000000003,6322.360000000003,90
2026-06-15T18:45:00+00:00,6322.360000000003,6322.870000000003,6318.850000000003,6318.850000000003,115
2026-06-15T19:00:00+00:00,6318.850000000003,6320.860000000003,6315.850000000003,6319.860000000003,110
2026-06-15T19:15:00+00:00,6319.860000000003,6320.870000000003,6311.860000000003,6311.860000000003,162
2026-06-15T19:30:00+00:00,6311.860000000003,6315.870000000003,6311.860000000003,6315.860000000003,106.75945582352574
2026-06-15T19:45:00+00:00,6315.860000000003,6319.870000000003,6313.850000000003,6317.370000000003,192
2026-06-16T06:00:00+00:00,6317.370000000003,6335.210000000003,6316.370000000003,6334.710000000003,139.69116186693148
2026-06-16T06:15:00+00:00,6334.710000000003,6336.690000000003,6330.690000000003,6333.7000000000035,158
2026-06-16T06:30:00+00:00,6333.7000000000035,6335.710000000003,6330.690000000003,6332.2000000000035,162
2026-06-16T06:45:00+00:00,6332.2000000000035,6336.710000000003,6330.690000000003,6335.210000000003,193
2026-06-16T07:00:00+00:00,6335.210000000003,6341.710000000003,6332.690000000003,6341.7000000000035,548
2026-06-16T07:15:00+00:00,6341.7000000000035,6342.690000000003,6332.690000000003,6338.710000000003,364
2026-06-16T07:30:00+00:00,6338.710000000003,6340.7000000000035,6327.690000000003,6329.190000000003,454
2026-06-16T07:45:00+00:00,6329.190000000003,6345.710000000003,6329.190000000003,6344.690000000003,307
2026-06-16T08:00:00+00:00,6344.690000000003,6357.710000000003,6341.7000000000035,6357.690000000003,517
2026-06-16T08:15:00+00:00,6357.690000000003,6367.7000000000035,6356.690000000003,6367.7000000000035,473
2026-06-16T08:30:00+00:00,6367.7000000000035,6368.7000000000035,6360.690000000003,6365.710000000003,406
2026-06-16T08:45:00+00:00,6365.710000000003,6371.2000000000035,6363.690000000003,6370.190000000003,254
2026-06-16T09:00:00+00:00,6370.190000000003,6373.710000000003,6367.690000000003,6368.690000000003,233
2026-06-16T09:15:00+00:00,6368.690000000003,6369.2000000000035,6362.690000000003,6368.190000000003,211
2026-06-16T09:30:00+00:00,6368.190000000003,6371.710000000003,6362.690000000003,6363.7000000000035,248
2026-06-16T09:45:00+00:00,6363.7000000000035,6365.710000000003,6361.190000000003,6365.190000000003,205
2026-06-16T10:00:00+00:00,6365.190000000003,6367.710000000003,6361.690000000003,6361.690000000003,262
2026-06-16T10:15:00+00:00,6361.690000000003,6365.710000000003,6357.690000000003,6358.210000000003,155
2026-06-16T10:30:00+00:00,6358.210000000003,6369.710000000003,6358.210000000003,6368.2000000000035,216
2026-06-16T10:45:00+00:00,6368.2000000000035,6368.710000000003,6364.710000000003,6368.2000000000035,124.36328871892925
2026-06-16T11:00:00+00:00,6368.2000000000035,6368.2000000000035,6358.7000000000035,6359.7000000000035,274
2026-06-16T11:15:00+00:00,6359.7000000000035,6362.210000000003,6357.690000000003,6359.710000000003,158.17943548387098
2026-06-16T11:30:00+00:00,6359.710000000003,6362.710000000003,6355.690000000003,6362.2000000000035,177
2026-06-16T11:45:00+00:00,6362.2000000000035,6363.7000000000035,6358.710000000003,6362.210000000003,135
2026-06-16T12:00:00+00:00,6362.210000000003,6366.690000000003,6360.710000000003,6364.690000000003,205.04530011325028
2026-06-16T12:15:00+00:00,6364.690000000003,6364.710000000003,6354.690000000003,6357.7000000000035,334
2026-06-16T12:30:00+00:00,6357.7000000000035,6361.2000000000035,6350.690000000003,6352.2000000000035,354
2026-06-16T12:45:00+00:00,6352.2000000000035,6355.7000000000035,6350.710000000003,6352.7000000000035,267
2026-06-16T13:00:00+00:00,6352.7000000000035,6353.710000000003,6346.7000000000035,6350.2000000000035,221
2026-06-16T13:15:00+00:00,6350.2000000000035,6356.710000000003,6348.690000000003,6356.7000000000035,265
2026-06-16T13:30:00+00:00,6356.7000000000035,6360.690000000003,6345.710000000003,6346.190000000003,596
2026-06-16T13:45:00+00:00,6346.190000000003,6352.710000000003,6344.690000000003,6346.210000000003,393
2026-06-16T14:00:00+00:00,6346.210000000003,6352.7000000000035,6345.210000000003,6349.690000000003,299
2026-06-16T14:15:00+00:00,6349.690000000003,6352.7000000000035,6344.2000000000035,6346.7000000000035,546
2026-06-16T14:30:00+00:00,6346.7000000000035,6356.710000000003,6342.690000000003,6352.690000000003,759
2026-06-16T14:45:00+00:00,6352.690000000003,6352.710000000003,6342.690000000003,6344.210000000003,615
2026-06-16T15:00:00+00:00,6344.210000000003,6345.710000000003,6337.710000000003,6343.2000000000035,559
2026-06-16T15:15:00+00:00,6343.2000000000035,6344.710000000003,6337.690000000003,6337.7000000000035,540
2026-06-16T15:30:00+00:00,6337.7000000000035,6344.690000000003,6332.690000000003,6334.2000000000035,430
2026-06-16T15:45:00+00:00,6334.2000000000035,6339.690000000003,6323.690000000003,6333.7000000000035,790
2026-06-16T16:00:00+00:00,6333.7000000000035,6340.710000000003,6332.690000000003,6339.190000000003,378
2026-06-16T16:15:00+00:00,6339.190000000003,6341.710000000003,6337.690000000003,6338.7000000000035,319
2026-06-16T16:30:00+00:00,6338.7000000000035,6339.210000000003,6334.710000000003,6336.7000000000035,372
2026-06-16T16:45:00+00:00,6336.7000000000035,6337.710000000003,6334.710000000003,6336.690000000003,316
2026-06-16T17:00:00+00:00,6336.690000000003,6336.690000000003,6332.690000000003,6334.710000000003,265
2026-06-16T17:15:00+00:00,6334.710000000003,6334.710000000003,6329.190000000003,6331.2000000000035,189
2026-06-16T17:30:00+00:00,6331.2000000000035,6333.7000000000035,6327.690000000003,6333.210000000003,430
2026-06-16T17:45:00+00:00,6333.210000000003,6336.710000000003,6332.2000000000035,6334.710000000003,248
2026-06-16T18:00:00+00:00,6334.710000000003,6334.710000000003,6330.690000000003,6331.710000000003,132
2026-06-16T18:15:00+00:00,6331.710000000003,6334.2000000000035,6329.710000000003,6332.710000000003,146
2026-06-16T18:30:00+00:00,6332.710000000003,6333.710000000003,6327.7000000000035,6329.690000000003,252
2026-06-16T18:45:00+00:00,6329.690000000003,6329.710000000003,6323.710000000003,6324.690000000003,208
2026-06-16T19:00:00+00:00,6324.690000000003,6325.710000000003,6315.690000000003,6316.690000000003,222
2026-06-16T19:15:00+00:00,6316.690000000003,6320.710000000003,6312.690000000003,6318.7000000000035,266
2026-06-16T19:30:00+00:00,6318.7000000000035,6320.710000000003,6313.690000000003,6316.210000000003,349
2026-06-16T19:45:00+00:00,6316.210000000003,6321.210000000003,6311.690000000003,6312.260000000003,468
2026-06-17T06:00:00+00:00,6312.260000000003,6329.570000000003,6307.760000000003,6327.060000000003,158.8407960199005
2026-06-17T06:15:00+00:00,6327.060000000003,6329.560000000003,6325.060000000003,6326.560000000003,94
2026-06-17T06:30:00+00:00,6326.560000000003,6330.560000000003,6324.560000000003,6329.580000000003,220
2026-06-17T06:45:00+00:00,6329.580000000003,6332.580000000003,6328.560000000003,6330.070000000003,196
2026-06-17T07:00:00+00:00,6330.070000000003,6344.580000000003,6328.560000000003,6344.060000000003,906
2026-06-17T07:15:00+00:00,6344.060000000003,6347.570000000003,6337.570000000003,6342.560000000003,442
2026-06-17T07:30:00+00:00,6342.560000000003,6353.580000000003,6342.080000000003,6353.570000000003,423
2026-06-17T07:45:00+00:00,6353.570000000003,6354.580000000003,6348.560000000003,6351.570000000003,339
2026-06-17T08:00:00+00:00,6351.570000000003,6354.580000000003,6345.560000000003,6345.570000000003,502
2026-06-17T08:15:00+00:00,6345.570000000003,6350.580000000003,6343.580000000003,6347.070000000003,406
2026-06-17T08:30:00+00:00,6347.070000000003,6347.570000000003,6334.560000000003,6340.060000000003,363
2026-06-17T08:45:00+00:00,6340.060000000003,6350.080000000003,6339.560000000003,6348.570000000003,304
2026-06-17T09:00:00+00:00,6348.570000000003,6358.060000000003,6347.060000000003,6358.060000000003,277
2026-06-17T09:15:00+00:00,6358.060000000003,6362.580000000003,6357.560000000003,6361.070000000003,256
2026-06-17T09:30:00+00:00,6361.070000000003,6363.560000000003,6356.560000000003,6363.560000000003,211
2026-06-17T09:45:00+00:00,6363.560000000003,6364.080000000003,6358.570000000003,6363.570000000003,155
2026-06-17T10:00:00+00:00,6363.570000000003,6364.560000000003,6357.570000000003,6364.560000000003,227
2026-06-17T10:15:00+00:00,6364.560000000003,6367.580000000003,6362.060000000003,6364.070000000003,194
2026-06-17T10:30:00+00:00,6364.070000000003,6370.060000000003,6363.580000000003,6369.570000000003,107
2026-06-17T10:45:00+00:00,6369.570000000003,6371.570000000003,6366.060000000003,6368.580000000003,303
2026-06-17T11:00:00+00:00,6368.580000000003,6373.580000000003,6367.060000000003,6372.060000000003,259
2026-06-17T11:15:00+00:00,6372.060000000003,6372.060000000003,6362.580000000003,6365.580000000003,185
2026-06-17T11:30:00+00:00,6365.580000000003,6365.580000000003,6357.560000000003,6360.060000000003,162
2026-06-17T11:45:00+00:00,6360.060000000003,6361.580000000003,6352.560000000003,6355.580000000003,211
2026-06-17T12:00:00+00:00,6355.580000000003,6360.580000000003,6354.560000000003,6356.080000000003,254
2026-06-17T12:15:00+00:00,6356.080000000003,6358.070000000003,6354.560000000003,6357.070000000003,213
2026-06-17T12:30:00+00:00,6357.070000000003,6363.580000000003,6356.570000000003,6363.580000000003,237
2026-06-17T12:45:00+00:00,6363.580000000003,6365.580000000003,6359.560000000003,6361.060000000003,181
2026-06-17T13:00:00+00:00,6361.060000000003,6364.580000000003,6355.580000000003,6356.070000000003,173
2026-06-17T13:15:00+00:00,6356.070000000003,6360.560000000003,6354.560000000003,6359.570000000003,268
2026-06-17T13:30:00+00:00,6359.570000000003,6374.580000000003,6358.560000000003,6372.570000000003,698
2026-06-17T13:45:00+00:00,6372.570000000003,6374.570000000003,6360.060000000003,6360.570000000003,451
2026-06-17T14:00:00+00:00,6360.570000000003,6364.580000000003,6354.570000000003,6362.080000000003,688
2026-06-17T14:15:00+00:00,6362.080000000003,6376.080000000003,6362.080000000003,6374.580000000003,551
2026-06-17T14:30:00+00:00,6374.580000000003,6377.580000000003,6368.560000000003,6377.580000000003,517
2026-06-17T14:45:00+00:00,6377.580000000003,6378.580000000003,6348.560000000003,6363.090000000002,1907.9049847039769
2026-06-17T15:00:00+00:00,6363.090000000002,6366.090000000002,6360.070000000002,6365.090000000002,714
2026-06-17T15:15:00+00:00,6365.090000000002,6376.090000000002,6364.070000000002,6375.570000000002,595
2026-06-17T15:30:00+00:00,6375.570000000002,6386.070000000002,6373.570000000002,6381.070000000002,648
2026-06-17T15:45:00+00:00,6381.070000000002,6384.080000000003,6378.580000000003,6381.090000000002,335
2026-06-17T16:00:00+00:00,6381.090000000002,6385.590000000002,6380.070000000002,6381.580000000003,232
2026-06-17T16:15:00+00:00,6381.580000000003,6383.090000000002,6379.070000000002,6381.080000000003,267
2026-06-17T16:30:00+00:00,6381.080000000003,6383.090000000002,6375.070000000002,6375.580000000003,316
2026-06-17T16:45:00+00:00,6375.580000000003,6376.080000000003,6371.070000000002,6374.080000000003,304
2026-06-17T17:00:00+00:00,6374.080000000003,6375.090000000002,6364.070000000002,6370.070000000002,313
2026-06-17T17:15:00+00:00,6370.070000000002,6372.090000000002,6368.070000000002,6370.590000000002,269.08935094127565
2026-06-17T17:30:00+00:00,6370.590000000002,6373.080000000003,6369.070000000002,6372.070000000002,246
2026-06-17T17:45:00+00:00,6372.070000000002,6379.070000000002,6371.590000000002,6378.090000000002,234
2026-06-17T18:00:00+00:00,6378.090000000002,6378.590000000002,6339.570000000002,6354.080000000003,3349
2026-06-17T18:15:00+00:00,6354.080000000003,6366.090000000002,6354.070000000002,6362.070000000002,1887
2026-06-17T18:30:00+00:00,6362.070000000002,6381.590000000002,6355.070000000002,6380.070000000002,4137
2026-06-17T18:45:00+00:00,6380.070000000002,6386.090000000002,6356.070000000002,6361.580000000003,2331
2026-06-17T19:00:00+00:00,6361.580000000003,6369.090000000002,6348.070000000002,6362.080000000003,3334
2026-06-17T19:15:00+00:00,6362.080000000003,6363.590000000002,6332.080000000003,6333.570000000002,2844
2026-06-17T19:30:00+00:00,6333.570000000002,6337.090000000002,6318.070000000002,6322.090000000002,3165
2026-06-17T19:45:00+00:00,6322.090000000002,6334.090000000002,6320.080000000003,6325.630000000002,2005
2026-06-18T06:00:00+00:00,6325.630000000002,6357.440000000002,6318.630000000002,6355.950000000003,701.779766536965
2026-06-18T06:15:00+00:00,6355.950000000003,6364.460000000003,6355.950000000003,6363.450000000003,401
2026-06-18T06:30:00+00:00,6363.450000000003,6363.960000000003,6356.450000000003,6363.950000000003,343
2026-06-18T06:45:00+00:00,6363.950000000003,6377.460000000003,6363.950000000003,6377.460000000003,342
2026-06-18T07:00:00+00:00,6377.460000000003,6394.450000000003,6374.950000000003,6381.940000000002,1299
2026-06-18T07:15:00+00:00,6381.940000000002,6404.460000000003,6378.440000000002,6403.450000000003,871
2026-06-18T07:30:00+00:00,6403.450000000003,6404.460000000003,6392.440000000002,6393.450000000003,677
2026-06-18T07:45:00+00:00,6393.450000000003,6394.460000000003,6384.450000000003,6392.950000000003,584
2026-06-18T08:00:00+00:00,6392.950000000003,6398.460000000003,6388.440000000002,6389.460000000003,760
2026-06-18T08:15:00+00:00,6389.460000000003,6390.460000000003,6372.440000000002,6373.450000000003,548
2026-06-18T08:30:00+00:00,6373.450000000003,6373.460000000003,6366.440000000002,6368.440000000002,598
2026-06-18T08:45:00+00:00,6368.440000000002,6368.450000000003,6358.440000000002,6358.440000000002,505
2026-06-18T09:00:00+00:00,6358.440000000002,6376.460000000003,6355.440000000002,6374.950000000003,634
2026-06-18T09:15:00+00:00,6374.950000000003,6380.450000000003,6374.950000000003,6378.450000000003,461
2026-06-18T09:30:00+00:00,6378.450000000003,6380.460000000003,6374.450000000003,6378.450000000003,610
2026-06-18T09:45:00+00:00,6378.450000000003,6388.460000000003,6378.450000000003,6384.960000000003,413
2026-06-18T10:00:00+00:00,6384.960000000003,6384.960000000003,6377.450000000003,6383.940000000002,404
2026-06-18T10:15:00+00:00,6383.940000000002,6388.460000000003,6383.450000000003,6385.460000000003,489
2026-06-18T10:30:00+00:00,6385.460000000003,6388.450000000003,6375.450000000003,6375.450000000003,503
2026-06-18T10:45:00+00:00,6375.450000000003,6379.450000000003,6374.440000000002,6375.450000000003,312
2026-06-18T11:00:00+00:00,6375.450000000003,6379.460000000003,6363.450000000003,6368.450000000003,588
2026-06-18T11:15:00+00:00,6368.450000000003,6374.450000000003,6364.450000000003,6373.960000000003,414
2026-06-18T11:30:00+00:00,6373.960000000003,6376.940000000002,6367.440000000002,6373.940000000002,454
2026-06-18T11:45:00+00:00,6373.940000000002,6379.460000000003,6368.440000000002,6378.960000000003,382
2026-06-18T12:00:00+00:00,6378.960000000003,6387.460000000003,6377.440000000002,6386.950000000003,472
2026-06-18T12:15:00+00:00,6386.950000000003,6391.450000000003,6385.440000000002,6388.450000000003,525
2026-06-18T12:30:00+00:00,6388.450000000003,6398.460000000003,6387.440000000002,6396.460000000003,400
2026-06-18T12:45:00+00:00,6396.460000000003,6403.450000000003,6395.450000000003,6401.950000000003,377
2026-06-18T13:00:00+00:00,6401.950000000003,6404.460000000003,6396.440000000002,6399.960000000003,619
2026-06-18T13:15:00+00:00,6399.960000000003,6401.460000000003,6393.440000000002,6395.450000000003,620
2026-06-18T13:30:00+00:00,6395.450000000003,6398.460000000003,6382.940000000002,6387.960000000003,1535
2026-06-18T13:45:00+00:00,6387.960000000003,6389.450000000003,6380.440000000002,6383.950000000003,1344
2026-06-18T14:00:00+00:00,6383.950000000003,6395.460000000003,6380.460000000003,6392.460000000003,1258
2026-06-18T14:15:00+00:00,6392.460000000003,6404.460000000003,6391.440000000002,6399.950000000003,794
2026-06-18T14:30:00+00:00,6399.950000000003,6399.960000000003,6393.440000000002,6397.460000000003,741
2026-06-18T14:45:00+00:00,6397.460000000003,6407.460000000003,6396.940000000002,6407.460000000003,461
2026-06-18T15:00:00+00:00,6407.460000000003,6409.440000000002,6401.440000000002,6401.450000000003,383
2026-06-18T15:15:00+00:00,6401.450000000003,6407.950000000003,6396.440000000002,6405.450000000003,618
2026-06-18T15:30:00+00:00,6405.450000000003,6411.460000000003,6391.440000000002,6399.460000000003,988
2026-06-18T15:45:00+00:00,6399.460000000003,6407.460000000003,6395.940000000002,6406.450000000003,551
2026-06-18T16:00:00+00:00,6406.450000000003,6408.460000000003,6405.440000000002,6406.950000000003,381
2026-06-18T16:15:00+00:00,6406.950000000003,6410.440000000002,6406.950000000003,6407.440000000002,147
2026-06-18T16:30:00+00:00,6407.440000000002,6409.460000000003,6405.960000000003,6407.440000000002,122
2026-06-18T16:45:00+00:00,6407.440000000002,6409.460000000003,6402.440000000002,6405.450000000003,270.2635928664637
2026-06-18T17:00:00+00:00,6405.450000000003,6411.460000000003,6403.450000000003,6410.960000000003,160
2026-06-18T17:15:00+00:00,6410.960000000003,6413.460000000003,6409.440000000002,6410.450000000003,190
2026-06-18T17:30:00+00:00,6410.450000000003,6411.960000000003,6407.450000000003,6410.940000000002,148.00170212765957
2026-06-18T17:45:00+00:00,6410.940000000002,6411.440000000002,6407.940000000002,6408.460000000003,137
2026-06-18T18:00:00+00:00,6408.460000000003,6409.460000000003,6403.940000000002,6403.940000000002,187
2026-06-18T18:15:00+00:00,6403.940000000002,6405.460000000003,6401.440000000002,6402.440000000002,189
2026-06-18T18:30:00+00:00,6402.440000000002,6402.960000000003,6398.440000000002,6401.440000000002,147
2026-06-18T18:45:00+00:00,6401.440000000002,6403.460000000003,6399.940000000002,6400.460000000003,177
2026-06-18T19:00:00+00:00,6400.460000000003,6400.960000000003,6393.940000000002,6395.940000000002,202
2026-06-18T19:15:00+00:00,6395.940000000002,6402.460000000003,6394.950000000003,6402.440000000002,160
2026-06-18T19:30:00+00:00,6402.440000000002,6409.450000000003,6398.450000000003,6408.440000000002,197
2026-06-18T19:45:00+00:00,6408.440000000002,6416.460000000003,6406.010000000002,6407.000000000003,255
2026-06-19T06:00:00+00:00,6407.000000000003,6409.500000000003,6396.090000000002,6400.080000000003,173.55851436580238
2026-06-19T06:15:00+00:00,6400.080000000003,6406.100000000002,6398.080000000003,6405.090000000002,240
2026-06-19T06:30:00+00:00,6405.090000000002,6412.080000000003,6404.090000000002,6409.100000000002,174
2026-06-19T06:45:00+00:00,6409.100000000002,6413.100000000002,6407.080000000003,6408.580000000003,192
2026-06-19T07:00:00+00:00,6408.580000000003,6422.100000000002,6408.080000000003,6421.090000000002,428
2026-06-19T07:15:00+00:00,6421.090000000002,6423.100000000002,6414.090000000002,6419.090000000002,424
2026-06-19T07:30:00+00:00,6419.090000000002,6425.590000000002,6413.100000000002,6425.590000000002,425
2026-06-19T07:45:00+00:00,6425.590000000002,6429.100000000002,6423.100000000002,6427.100000000002,359
2026-06-19T08:00:00+00:00,6427.100000000002,6428.100000000002,6422.090000000002,6426.100000000002,376
2026-06-19T08:15:00+00:00,6426.100000000002,6431.080000000003,6425.080000000003,6426.590000000002,242
2026-06-19T08:30:00+00:00,6426.590000000002,6429.590000000002,6422.080000000003,6429.590000000002,252
2026-06-19T08:45:00+00:00,6429.590000000002,6430.090000000002,6424.100000000002,6426.090000000002,193
2026-06-19T09:00:00+00:00,6426.090000000002,6429.100000000002,6415.100000000002,6416.590000000002,419
2026-06-19T09:15:00+00:00,6416.590000000002,6421.100000000002,6415.080000000003,6415.600000000002,248
2026-06-19T09:30:00+00:00,6415.600000000002,6420.100000000002,6413.080000000003,6415.080000000003,280
2026-06-19T09:45:00+00:00,6415.080000000003,6425.080000000003,6412.090000000002,6419.080000000003,550
2026-06-19T10:00:00+00:00,6419.080000000003,6422.100000000002,6413.080000000003,6416.090000000002,249
2026-06-19T10:15:00+00:00,6416.090000000002,6419.090000000002,6410.080000000003,6410.100000000002,246
2026-06-19T10:30:00+00:00,6410.100000000002,6410.100000000002,6398.080000000003,6407.100000000002,330
2026-06-19T10:45:00+00:00,6407.100000000002,6415.100000000002,6405.080000000003,6407.090000000002,295
2026-06-19T11:00:00+00:00,6407.090000000002,6411.100000000002,6399.090000000002,6405.090000000002,470
2026-06-19T11:15:00+00:00,6405.090000000002,6408.100000000002,6401.080000000003,6401.600000000002,179
2026-06-19T11:30:00+00:00,6401.600000000002,6412.100000000002,6401.600000000002,6410.600000000002,180
2026-06-19T11:45:00+00:00,6410.600000000002,6414.090000000002,6403.590000000002,6409.590000000002,184
2026-06-19T12:00:00+00:00,6409.590000000002,6410.090000000002,6397.100000000002,6397.100000000002,171
2026-06-19T12:15:00+00:00,6397.100000000002,6401.100000000002,6394.090000000002,6398.600000000002,141.36702127659575
2026-06-19T12:30:00+00:00,6398.600000000002,6399.100000000002,6385.580000000003,6394.590000000002,271
2026-06-19T12:45:00+00:00,6394.590000000002,6417.100000000002,6389.100000000002,6416.080000000003,750
2026-06-19T13:00:00+00:00,6416.080000000003,6420.090000000002,6408.080000000003,6408.580000000003,363
2026-06-19T13:15:00+00:00,6408.580000000003,6411.100000000002,6404.090000000002,6410.600000000002,189
2026-06-19T13:30:00+00:00,6410.600000000002,6411.100000000002,6403.080000000003,6404.600000000002,312
2026-06-19T13:45:00+00:00,6404.600000000002,6412.090000000002,6403.080000000003,6408.600000000002,164
2026-06-19T14:00:00+00:00,6408.600000000002,6411.100000000002,6404.080000000003,6409.090000000002,140.34363365599404
2026-06-19T14:15:00+00:00,6409.090000000002,6413.080000000003,6407.080000000003,6411.100000000002,127
2026-06-19T14:30:00+00:00,6411.100000000002,6413.090000000002,6405.080000000003,6406.080000000003,165.754327563249
2026-06-19T14:45:00+00:00,6406.080000000003,6407.100000000002,6402.580000000003,6402.600000000002,143.71569046601113
2026-06-19T15:00:00+00:00,6402.600000000002,6405.100000000002,6400.080000000003,6403.100000000002,207
2026-06-19T15:15:00+00:00,6403.100000000002,6403.100000000002,6389.090000000002,6390.100000000002,182
2026-06-19T15:30:00+00:00,6390.100000000002,6394.100000000002,6373.100000000002,6374.600000000002,559
2026-06-19T15:45:00+00:00,6374.600000000002,6381.100000000002,6374.600000000002,6381.100000000002,136
2026-06-19T16:00:00+00:00,6381.100000000002,6384.090000000002,6380.080000000003,6384.080000000003,72
2026-06-19T16:15:00+00:00,6384.080000000003,6387.080000000003,6383.080000000003,6387.080000000003,59
2026-06-19T16:30:00+00:00,6387.080000000003,6388.100000000002,6383.590000000002,6384.100000000002,36.000205604934806
2026-06-19T16:45:00+00:00,6384.100000000002,6384.100000000002,6371.100000000002,6374.090000000002,117
2026-06-19T17:00:00+00:00,6374.090000000002,6374.590000000002,6372.080000000003,6372.080000000003,30
2026-06-19T17:15:00+00:00,6372.080000000003,6373.090000000002,6371.080000000003,6372.100000000002,53
2026-06-19T17:30:00+00:00,6372.100000000002,6373.080000000003,6372.080000000003,6372.090000000002,23.234676963756343
2026-06-19T17:45:00+00:00,6372.090000000002,6373.100000000002,6372.080000000003,6373.100000000002,25.692109803921568
2026-06-19T18:00:00+00:00,6373.100000000002,6374.100000000002,6373.080000000003,6374.090000000002,21.77506914355741
2026-06-19T18:15:00+00:00,6374.090000000002,6374.100000000002,6372.080000000003,6373.100000000002,23.82818392168659
2026-06-19T18:30:00+00:00,6373.100000000002,6374.100000000002,6373.080000000003,6374.100000000002,26.736852627099353
2026-06-19T18:45:00+00:00,6374.100000000002,6374.100000000002,6372.100000000002,6372.580000000003,24.95349026651958
2026-06-19T19:00:00+00:00,6372.580000000003,6374.100000000002,6372.100000000002,6374.090000000002,22.495583447170837
2026-06-19T19:15:00+00:00,6374.090000000002,6375.100000000002,6374.080000000003,6375.080000000003,24.25221995403699
2026-06-19T19:30:00+00:00,6375.080000000003,6376.100000000002,6371.090000000002,6371.600000000002,43.468182253386274
2026-06-19T19:45:00+00:00,6371.600000000002,6372.080000000003,6363.140000000002,6367.100000000002,74
2026-06-22T06:00:00+00:00,6367.100000000002,6388.900000000002,6366.600000000002,6385.890000000002,92.38124547429399
2026-06-22T06:15:00+00:00,6385.890000000002,6392.900000000002,6383.880000000002,6392.890000000002,137
2026-06-22T06:30:00+00:00,6392.890000000002,6393.900000000002,6387.880000000002,6393.400000000002,236
2026-06-22T06:45:00+00:00,6393.400000000002,6399.890000000002,6392.900000000002,6395.880000000002,180
2026-06-22T07:00:00+00:00,6395.880000000002,6402.900000000002,6389.380000000002,6393.380000000002,952
2026-06-22T07:15:00+00:00,6393.380000000002,6402.900000000002,6393.380000000002,6401.380000000002,532
2026-06-22T07:30:00+00:00,6401.380000000002,6402.900000000002,6385.880000000002,6387.380000000002,482
2026-06-22T07:45:00+00:00,6387.380000000002,6390.880000000002,6383.930000000002,6388.890000000002,408
2026-06-22T08:00:00+00:00,6388.890000000002,6389.900000000002,6380.890000000002,6386.900000000002,379
2026-06-22T08:15:00+00:00,6386.900000000002,6388.900000000002,6380.880000000002,6385.400000000002,452
2026-06-22T08:30:00+00:00,6385.400000000002,6386.390000000002,6378.880000000002,6385.380000000002,389
2026-06-22T08:45:00+00:00,6385.380000000002,6385.900000000002,6380.380000000002,6381.890000000002,213
2026-06-22T09:00:00+00:00,6381.890000000002,6386.890000000002,6377.380000000002,6386.400000000002,380
2026-06-22T09:15:00+00:00,6386.400000000002,6386.900000000002,6379.880000000002,6382.880000000002,311
2026-06-22T09:30:00+00:00,6382.880000000002,6384.900000000002,6376.900000000002,6377.390000000002,302
2026-06-22T09:45:00+00:00,6377.390000000002,6381.880000000002,6369.880000000002,6369.900000000002,345
2026-06-22T10:00:00+00:00,6369.900000000002,6381.400000000002,6369.900000000002,6377.900000000002,480
2026-06-22T10:15:00+00:00,6377.900000000002,6380.900000000002,6377.880000000002,6378.890000000002,141
2026-06-22T10:30:00+00:00,6378.890000000002,6384.390000000002,6376.890000000002,6381.900000000002,175
2026-06-22T10:45:00+00:00,6381.900000000002,6383.390000000002,6377.890000000002,6381.380000000002,158
2026-06-22T11:00:00+00:00,6381.380000000002,6395.900000000002,6380.880000000002,6388.900000000002,778
2026-06-22T11:15:00+00:00,6388.900000000002,6391.900000000002,6384.880000000002,6389.900000000002,142.9299363057325
2026-06-22T11:30:00+00:00,6389.900000000002,6397.390000000002,6388.900000000002,6396.890000000002,313
2026-06-22T11:45:00+00:00,6396.890000000002,6398.400000000002,6391.890000000002,6397.900000000002,223
2026-06-22T12:00:00+00:00,6397.900000000002,6398.900000000002,6393.880000000002,6398.900000000002,151
2026-06-22T12:15:00+00:00,6398.900000000002,6403.900000000002,6396.380000000002,6401.880000000002,217
2026-06-22T12:30:00+00:00,6401.880000000002,6403.900000000002,6396.880000000002,6397.400000000002,197
2026-06-22T12:45:00+00:00,6397.400000000002,6400.890000000002,6396.880000000002,6398.900000000002,84
2026-06-22T13:00:00+00:00,6398.900000000002,6413.900000000002,6398.900000000002,6409.880000000002,815
2026-06-22T13:15:00+00:00,6409.880000000002,6417.900000000002,6406.380000000002,6416.400000000002,410
2026-06-22T13:30:00+00:00,6416.400000000002,6418.900000000002,6407.880000000002,6409.400000000002,767
2026-06-22T13:45:00+00:00,6409.400000000002,6417.900000000002,6408.390000000002,6416.880000000002,625
2026-06-22T14:00:00+00:00,6416.880000000002,6417.900000000002,6409.390000000002,6413.390000000002,566
2026-06-22T14:15:00+00:00,6413.390000000002,6413.400000000002,6407.880000000002,6408.880000000002,605
2026-06-22T14:30:00+00:00,6408.880000000002,6408.900000000002,6402.890000000002,6404.900000000002,1001
2026-06-22T14:45:00+00:00,6404.900000000002,6409.900000000002,6401.880000000002,6408.400000000002,752
2026-06-22T15:00:00+00:00,6408.400000000002,6413.900000000002,6403.880000000002,6412.900000000002,414
2026-06-22T15:15:00+00:00,6412.900000000002,6417.950000000003,6407.880000000002,6417.950000000003,386
2026-06-22T15:30:00+00:00,6417.950000000003,6417.950000000003,6399.880000000002,6408.900000000002,439
2026-06-22T15:45:00+00:00,6408.900000000002,6410.900000000002,6398.880000000002,6399.380000000002,633
2026-06-22T16:00:00+00:00,6399.380000000002,6400.900000000002,6392.880000000002,6398.950000000003,387
2026-06-22T16:15:00+00:00,6398.950000000003,6400.900000000002,6394.880000000002,6397.880000000002,268
2026-06-22T16:30:00+00:00,6397.880000000002,6398.880000000002,6394.890000000002,6395.890000000002,136
2026-06-22T16:45:00+00:00,6395.890000000002,6403.900000000002,6392.880000000002,6399.900000000002,397
2026-06-22T17:00:00+00:00,6399.900000000002,6399.900000000002,6393.880000000002,6393.890000000002,182
2026-06-22T17:15:00+00:00,6393.890000000002,6397.890000000002,6393.390000000002,6394.900000000002,182
2026-06-22T17:30:00+00:00,6394.900000000002,6394.900000000002,6389.900000000002,6393.400000000002,195
2026-06-22T17:45:00+00:00,6393.400000000002,6395.900000000002,6391.890000000002,6393.400000000002,243
2026-06-22T18:00:00+00:00,6393.400000000002,6397.890000000002,6391.890000000002,6396.890000000002,145
2026-06-22T18:15:00+00:00,6396.890000000002,6400.890000000002,6396.400000000002,6397.400000000002,146.84686774941997
2026-06-22T18:30:00+00:00,6397.400000000002,6399.400000000002,6394.880000000002,6394.890000000002,77
2026-06-22T18:45:00+00:00,6394.890000000002,6397.400000000002,6393.880000000002,6394.380000000002,154.46523653488754
2026-06-22T19:00:00+00:00,6394.380000000002,6395.900000000002,6391.900000000002,6394.900000000002,146
2026-06-22T19:15:00+00:00,6394.900000000002,6396.900000000002,6393.890000000002,6394.390000000002,170
2026-06-22T19:30:00+00:00,6394.390000000002,6398.390000000002,6392.880000000002,6394.890000000002,273
2026-06-22T19:45:00+00:00,6394.890000000002,6407.930000000002,6394.890000000002,6406.930000000002,185
2026-06-23T06:00:00+00:00,6406.930000000002,6406.930000000002,6342.160000000003,6344.150000000002,392.3318473112288
2026-06-23T06:15:00+00:00,6344.150000000002,6349.170000000003,6335.150000000002,6336.160000000003,488
2026-06-23T06:30:00+00:00,6336.160000000003,6345.670000000003,6333.150000000002,6338.170000000003,389
2026-06-23T06:45:00+00:00,6338.170000000003,6342.170000000003,6333.170000000003,6335.650000000002,412
2026-06-23T07:00:00+00:00,6335.650000000002,6341.160000000003,6322.150000000002,6333.170000000003,1534
2026-06-23T07:15:00+00:00,6333.170000000003,6334.170000000003,6318.160000000003,6324.150000000002,841
2026-06-23T07:30:00+00:00,6324.150000000002,6334.160000000003,6319.650000000002,6325.670000000003,897
2026-06-23T07:45:00+00:00,6325.670000000003,6328.670000000003,6306.170000000003,6310.150000000002,603
2026-06-23T08:00:00+00:00,6310.150000000002,6310.670000000003,6300.170000000003,6304.670000000003,929
2026-06-23T08:15:00+00:00,6304.670000000003,6309.170000000003,6295.170000000003,6298.170000000003,788
2026-06-23T08:30:00+00:00,6298.170000000003,6315.170000000003,6297.650000000002,6307.160000000003,674
2026-06-23T08:45:00+00:00,6307.160000000003,6308.170000000003,6298.650000000002,6308.160000000003,470
2026-06-23T09:00:00+00:00,6308.160000000003,6315.170000000003,6307.150000000002,6314.170000000003,609
2026-06-23T09:15:00+00:00,6314.170000000003,6321.170000000003,6310.160000000003,6320.160000000003,313
2026-06-23T09:30:00+00:00,6320.160000000003,6321.170000000003,6313.650000000002,6318.160000000003,267
2026-06-23T09:45:00+00:00,6318.160000000003,6326.150000000002,6316.170000000003,6325.650000000002,302
2026-06-23T10:00:00+00:00,6325.650000000002,6332.170000000003,6325.150000000002,6328.660000000003,401
2026-06-23T10:15:00+00:00,6328.660000000003,6340.650000000002,6328.150000000002,6329.170000000003,354
2026-06-23T10:30:00+00:00,6329.170000000003,6330.170000000003,6316.150000000002,6319.650000000002,455
2026-06-23T10:45:00+00:00,6319.650000000002,6323.170000000003,6317.160000000003,6320.650000000002,422
2026-06-23T11:00:00+00:00,6320.650000000002,6328.170000000003,6318.150000000002,6326.160000000003,452
2026-06-23T11:15:00+00:00,6326.160000000003,6337.160000000003,6319.160000000003,6322.660000000003,755
2026-06-23T11:30:00+00:00,6322.660000000003,6332.170000000003,6320.150000000002,6332.150000000002,471
2026-06-23T11:45:00+00:00,6332.150000000002,6332.170000000003,6326.150000000002,6328.160000000003,276
2026-06-23T12:00:00+00:00,6328.160000000003,6333.170000000003,6325.150000000002,6328.170000000003,471
2026-06-23T12:15:00+00:00,6328.170000000003,6329.170000000003,6320.150000000002,6324.660000000003,388
2026-06-23T12:30:00+00:00,6324.660000000003,6329.170000000003,6318.170000000003,6329.170000000003,547
2026-06-23T12:45:00+00:00,6329.170000000003,6329.170000000003,6321.150000000002,6325.150000000002,273
2026-06-23T13:00:00+00:00,6325.150000000002,6325.170000000003,6316.150000000002,6316.170000000003,329
2026-06-23T13:15:00+00:00,6316.170000000003,6320.160000000003,6312.650000000002,6315.160000000003,370
2026-06-23T13:30:00+00:00,6315.160000000003,6331.670000000003,6314.150000000002,6327.170000000003,1630
2026-06-23T13:45:00+00:00,6327.170000000003,6337.160000000003,6321.650000000002,6336.650000000002,1299
2026-06-23T14:00:00+00:00,6336.650000000002,6345.150000000002,6334.160000000003,6344.170000000003,1070
2026-06-23T14:15:00+00:00,6344.170000000003,6348.660000000003,6340.150000000002,6344.160000000003,714
2026-06-23T14:30:00+00:00,6344.160000000003,6345.160000000003,6334.150000000002,6337.160000000003,1002
2026-06-23T14:45:00+00:00,6337.160000000003,6338.170000000003,6330.150000000002,6335.150000000002,927
2026-06-23T15:00:00+00:00,6335.150000000002,6339.170000000003,6332.150000000002,6337.650000000002,800
2026-06-23T15:15:00+00:00,6337.650000000002,6338.660000000003,6327.160000000003,6329.170000000003,565
2026-06-23T15:30:00+00:00,6329.170000000003,6330.670000000003,6311.150000000002,6316.160000000003,668
2026-06-23T15:45:00+00:00,6316.160000000003,6327.170000000003,6315.150000000002,6327.170000000003,683
2026-06-23T16:00:00+00:00,6327.170000000003,6337.170000000003,6326.170000000003,6336.170000000003,591
2026-06-23T16:15:00+00:00,6336.170000000003,6337.170000000003,6330.150000000002,6334.150000000002,329
2026-06-23T16:30:00+00:00,6334.150000000002,6341.170000000003,6333.660000000003,6341.150000000002,289
2026-06-23T16:45:00+00:00,6341.150000000002,6341.150000000002,6335.150000000002,6338.660000000003,346
2026-06-23T17:00:00+00:00,6338.660000000003,6340.160000000003,6332.150000000002,6337.150000000002,252
2026-06-23T17:15:00+00:00,6337.150000000002,6340.170000000003,6335.150000000002,6338.150000000002,253.1987348444913
2026-06-23T17:30:00+00:00,6338.150000000002,6340.170000000003,6335.150000000002,6336.150000000002,206
2026-06-23T17:45:00+00:00,6336.150000000002,6337.170000000003,6328.150000000002,6328.170000000003,428
2026-06-23T18:00:00+00:00,6328.170000000003,6333.170000000003,6325.150000000002,6328.170000000003,364
2026-06-23T18:15:00+00:00,6328.170000000003,6329.670000000003,6325.150000000002,6326.170000000003,203
2026-06-23T18:30:00+00:00,6326.170000000003,6326.170000000003,6315.150000000002,6316.170000000003,330
2026-06-23T18:45:00+00:00,6316.170000000003,6319.170000000003,6312.150000000002,6317.150000000002,489
2026-06-23T19:00:00+00:00,6317.150000000002,6328.170000000003,6315.170000000003,6321.160000000003,533
2026-06-23T19:15:00+00:00,6321.160000000003,6325.170000000003,6316.150000000002,6325.150000000002,687
2026-06-23T19:30:00+00:00,6325.150000000002,6325.170000000003,6320.150000000002,6322.150000000002,593
2026-06-23T19:45:00+00:00,6322.150000000002,6322.170000000003,6314.150000000002,6314.200000000003,758
2026-06-24T06:00:00+00:00,6314.200000000003,6320.500000000003,6307.700000000003,6315.510000000002,265.42685733070346
2026-06-24T06:15:00+00:00,6315.510000000002,6317.500000000003,6311.4900000000025,6314.010000000002,197
2026-06-24T06:30:00+00:00,6314.010000000002,6324.510000000002,6314.010000000002,6320.9900000000025,226
2026-06-24T06:45:00+00:00,6320.9900000000025,6323.510000000002,6316.4900000000025,6317.500000000003,354
2026-06-24T07:00:00+00:00,6317.500000000003,6321.4900000000025,6302.4900000000025,6303.9900000000025,1149
2026-06-24T07:15:00+00:00,6303.9900000000025,6310.500000000003,6297.4900000000025,6299.010000000002,726
2026-06-24T07:30:00+00:00,6299.010000000002,6302.510000000002,6287.4900000000025,6298.510000000002,752
2026-06-24T07:45:00+00:00,6298.510000000002,6307.000000000003,6291.4900000000025,6291.9900000000025,506
2026-06-24T08:00:00+00:00,6291.9900000000025,6306.9900000000025,6291.4900000000025,6306.4900000000025,600
2026-06-24T08:15:00+00:00,6306.4900000000025,6309.510000000002,6297.510000000002,6303.500000000003,532
2026-06-24T08:30:00+00:00,6303.500000000003,6307.510000000002,6300.4900000000025,6304.9900000000025,458
2026-06-24T08:45:00+00:00,6304.9900000000025,6306.510000000002,6299.500000000003,6303.9900000000025,271
2026-06-24T09:00:00+00:00,6303.9900000000025,6308.010000000002,6300.510000000002,6306.9900000000025,356
2026-06-24T09:15:00+00:00,6306.9900000000025,6311.510000000002,6299.9900000000025,6305.4900000000025,295
2026-06-24T09:30:00+00:00,6305.4900000000025,6307.510000000002,6295.4900000000025,6295.9900000000025,409
2026-06-24T09:45:00+00:00,6295.9900000000025,6302.9900000000025,6293.4900000000025,6301.000000000003,285
2026-06-24T10:00:00+00:00,6301.000000000003,6301.000000000003,6293.4900000000025,6298.510000000002,367.2406034939121
2026-06-24T10:15:00+00:00,6298.510000000002,6304.510000000002,6297.4900000000025,6304.510000000002,388
2026-06-24T10:30:00+00:00,6304.510000000002,6304.510000000002,6296.000000000003,6300.500000000003,318
2026-06-24T10:45:00+00:00,6300.500000000003,6302.510000000002,6293.4900000000025,6293.500000000003,276
2026-06-24T11:00:00+00:00,6293.500000000003,6301.510000000002,6293.4900000000025,6294.500000000003,358
2026-06-24T11:15:00+00:00,6294.500000000003,6295.500000000003,6287.9900000000025,6294.4900000000025,205
2026-06-24T11:30:00+00:00,6294.4900000000025,6299.510000000002,6291.4900000000025,6293.010000000002,321
2026-06-24T11:45:00+00:00,6293.010000000002,6302.510000000002,6293.010000000002,6300.500000000003,458
2026-06-24T12:00:00+00:00,6300.500000000003,6302.510000000002,6296.4900000000025,6302.500000000003,401
2026-06-24T12:15:00+00:00,6302.500000000003,6307.510000000002,6300.9900000000025,6304.010000000002,263
2026-06-24T12:30:00+00:00,6304.010000000002,6304.510000000002,6295.510000000002,6296.9900000000025,324
2026-06-24T12:45:00+00:00,6296.9900000000025,6299.510000000002,6290.010000000002,6290.9900000000025,168
2026-06-24T13:00:00+00:00,6290.9900000000025,6296.000000000003,6287.4900000000025,6288.000000000003,603
2026-06-24T13:15:00+00:00,6288.000000000003,6291.500000000003,6282.9900000000025,6288.010000000002,363
2026-06-24T13:30:00+00:00,6288.010000000002,6296.510000000002,6270.4900000000025,6279.500000000003,1612
2026-06-24T13:45:00+00:00,6279.500000000003,6294.510000000002,6275.4900000000025,6289.010000000002,1545
2026-06-24T14:00:00+00:00,6289.010000000002,6293.010000000002,6278.9900000000025,6282.4900000000025,1208
2026-06-24T14:15:00+00:00,6282.4900000000025,6286.510000000002,6274.4900000000025,6282.9900000000025,935
2026-06-24T14:30:00+00:00,6282.9900000000025,6291.510000000002,6282.9900000000025,6290.4900000000025,809
2026-06-24T14:45:00+00:00,6290.4900000000025,6298.000000000003,6287.4900000000025,6297.000000000003,693.2240674185153
2026-06-24T15:00:00+00:00,6297.000000000003,6297.000000000003,6281.9900000000025,6284.9900000000025,519
2026-06-24T15:15:00+00:00,6284.9900000000025,6299.010000000002,6283.9900000000025,6297.9900000000025,430
2026-06-24T15:30:00+00:00,6297.9900000000025,6306.010000000002,6297.9900000000025,6302.4900000000025,425
2026-06-24T15:45:00+00:00,6302.4900000000025,6306.010000000002,6299.9900000000025,6303.010000000002,386
2026-06-24T16:00:00+00:00,6303.010000000002,6305.010000000002,6300.9900000000025,6304.000000000003,401
2026-06-24T16:15:00+00:00,6304.000000000003,6309.010000000002,6302.4900000000025,6304.510000000002,507
2026-06-24T16:30:00+00:00,6304.510000000002,6305.010000000002,6290.4900000000025,6296.510000000002,605
2026-06-24T16:45:00+00:00,6296.510000000002,6296.510000000002,6287.9900000000025,6288.010000000002,528
2026-06-24T17:00:00+00:00,6288.010000000002,6294.010000000002,6284.9900000000025,6288.010000000002,519
2026-06-24T17:15:00+00:00,6288.010000000002,6290.010000000002,6273.9900000000025,6274.010000000002,947
2026-06-24T17:30:00+00:00,6274.010000000002,6278.010000000002,6266.9900000000025,6274.510000000002,1242
2026-06-24T17:45:00+00:00,6274.510000000002,6282.000000000003,6271.9900000000025,6275.010000000002,1144
2026-06-24T18:00:00+00:00,6275.010000000002,6280.000000000003,6271.9900000000025,6278.000000000003,893
2026-06-24T18:15:00+00:00,6278.000000000003,6289.9900000000025,6277.9900000000025,6288.4900000000025,889
2026-06-24T18:30:00+00:00,6288.4900000000025,6289.9900000000025,6278.510000000002,6280.000000000003,689
2026-06-24T18:45:00+00:00,6280.000000000003,6280.010000000002,6269.000000000003,6274.510000000002,785
2026-06-24T19:00:00+00:00,6274.510000000002,6280.010000000002,6266.000000000003,6271.4900000000025,1024
2026-06-24T19:15:00+00:00,6271.4900000000025,6277.010000000002,6268.9900000000025,6276.010000000002,877
2026-06-24T19:30:00+00:00,6276.010000000002,6278.010000000002,6271.9900000000025,6275.510000000002,728
2026-06-24T19:45:00+00:00,6275.510000000002,6294.010000000002,6274.9900000000025,6287.050000000002,680
2026-06-25T06:00:00+00:00,6287.050000000002,6321.980000000002,6285.550000000002,6318.980000000002,190.23503368623676
2026-06-25T06:15:00+00:00,6318.980000000002,6321.980000000002,6317.960000000003,6318.960000000003,154
2026-06-25T06:30:00+00:00,6318.960000000003,6321.980000000002,6316.460000000003,6321.460000000003,123
2026-06-25T06:45:00+00:00,6321.460000000003,6327.980000000002,6318.960000000003,6327.980000000002,196
2026-06-25T07:00:00+00:00,6327.980000000002,6330.980000000002,6316.960000000003,6324.960000000003,770
2026-06-25T07:15:00+00:00,6324.960000000003,6334.460000000003,6324.960000000003,6327.460000000003,369
2026-06-25T07:30:00+00:00,6327.460000000003,6334.970000000002,6326.960000000003,6330.470000000002,260
2026-06-25T07:45:00+00:00,6330.470000000002,6335.980000000002,6328.960000000003,6335.980000000002,191
2026-06-25T08:00:00+00:00,6335.980000000002,6339.970000000002,6332.470000000002,6333.470000000002,306
2026-06-25T08:15:00+00:00,6333.470000000002,6333.960000000003,6325.960000000003,6332.470000000002,310
2026-06-25T08:30:00+00:00,6332.470000000002,6341.980000000002,6332.470000000002,6335.980000000002,224
2026-06-25T08:45:00+00:00,6335.980000000002,6337.960000000003,6329.960000000003,6330.960000000003,188
2026-06-25T09:00:00+00:00,6330.960000000003,6339.980000000002,6330.460000000003,6338.470000000002,194
2026-06-25T09:15:00+00:00,6338.470000000002,6340.480000000002,6333.460000000003,6336.960000000003,212
2026-06-25T09:30:00+00:00,6336.960000000003,6340.980000000002,6335.960000000003,6338.960000000003,229
2026-06-25T09:45:00+00:00,6338.960000000003,6343.980000000002,6336.970000000002,6341.970000000002,164
2026-06-25T10:00:00+00:00,6341.970000000002,6345.980000000002,6339.460000000003,6342.970000000002,212
2026-06-25T10:15:00+00:00,6342.970000000002,6347.980000000002,6341.960000000003,6347.980000000002,152
2026-06-25T10:30:00+00:00,6347.980000000002,6347.980000000002,6339.980000000002,6339.980000000002,174
2026-06-25T10:45:00+00:00,6339.980000000002,6346.980000000002,6339.960000000003,6343.480000000002,125
2026-06-25T11:00:00+00:00,6343.480000000002,6347.970000000002,6343.480000000002,6345.480000000002,147
2026-06-25T11:15:00+00:00,6345.480000000002,6345.480000000002,6339.960000000003,6343.460000000003,124
2026-06-25T11:30:00+00:00,6343.460000000003,6345.980000000002,6340.960000000003,6344.470000000002,112
2026-06-25T11:45:00+00:00,6344.470000000002,6347.980000000002,6343.960000000003,6344.470000000002,148
2026-06-25T12:00:00+00:00,6344.470000000002,6351.980000000002,6343.980000000002,6349.480000000002,193
2026-06-25T12:15:00+00:00,6349.480000000002,6349.960000000003,6341.460000000003,6341.460000000003,159
2026-06-25T12:30:00+00:00,6341.460000000003,6356.980000000002,6341.020000000002,6350.470000000002,768
2026-06-25T12:45:00+00:00,6350.470000000002,6357.970000000002,6349.960000000003,6356.460000000003,260
2026-06-25T13:00:00+00:00,6356.460000000003,6357.970000000002,6351.960000000003,6354.960000000003,295
2026-06-25T13:15:00+00:00,6354.960000000003,6354.980000000002,6346.970000000002,6353.960000000003,388
2026-06-25T13:30:00+00:00,6353.960000000003,6356.980000000002,6336.960000000003,6336.960000000003,832
2026-06-25T13:45:00+00:00,6336.960000000003,6340.960000000003,6315.960000000003,6319.970000000002,3007
2026-06-25T14:00:00+00:00,6319.970000000002,6352.980000000002,6319.960000000003,6345.460000000003,2974
2026-06-25T14:15:00+00:00,6345.460000000003,6361.980000000002,6340.460000000003,6356.980000000002,2420
2026-06-25T14:30:00+00:00,6356.980000000002,6363.980000000002,6354.960000000003,6355.460000000003,1337
2026-06-25T14:45:00+00:00,6355.460000000003,6362.980000000002,6349.960000000003,6354.960000000003,1227
2026-06-25T15:00:00+00:00,6354.960000000003,6360.980000000002,6336.960000000003,6338.480000000002,1083
2026-06-25T15:15:00+00:00,6338.480000000002,6352.970000000002,6331.960000000003,6347.960000000003,1050
2026-06-25T15:30:00+00:00,6347.960000000003,6359.980000000002,6345.960000000003,6358.980000000002,954
2026-06-25T15:45:00+00:00,6358.980000000002,6364.980000000002,6356.960000000003,6357.460000000003,742
2026-06-25T16:00:00+00:00,6357.460000000003,6367.980000000002,6354.960000000003,6365.980000000002,733
2026-06-25T16:15:00+00:00,6365.980000000002,6369.960000000003,6361.960000000003,6363.960000000003,562
2026-06-25T16:30:00+00:00,6363.960000000003,6363.960000000003,6348.960000000003,6350.970000000002,688
2026-06-25T16:45:00+00:00,6350.970000000002,6355.960000000003,6344.960000000003,6352.980000000002,757
2026-06-25T17:00:00+00:00,6352.980000000002,6359.970000000002,6350.960000000003,6357.470000000002,557
2026-06-25T17:15:00+00:00,6357.470000000002,6362.970000000002,6351.960000000003,6358.480000000002,610
2026-06-25T17:30:00+00:00,6358.480000000002,6362.480000000002,6355.960000000003,6356.980000000002,416
2026-06-25T17:45:00+00:00,6356.980000000002,6359.980000000002,6350.970000000002,6359.980000000002,982
2026-06-25T18:00:00+00:00,6359.980000000002,6359.980000000002,6344.960000000003,6348.980000000002,860
2026-06-25T18:15:00+00:00,6348.980000000002,6360.480000000002,6348.960000000003,6358.980000000002,542
2026-06-25T18:30:00+00:00,6358.980000000002,6358.980000000002,6348.470000000002,6351.460000000003,907
2026-06-25T18:45:00+00:00,6351.460000000003,6354.470000000002,6343.960000000003,6349.980000000002,733
2026-06-25T19:00:00+00:00,6349.980000000002,6350.980000000002,6345.960000000003,6346.480000000002,507
2026-06-25T19:15:00+00:00,6346.480000000002,6348.980000000002,6341.960000000003,6347.960000000003,752
2026-06-25T19:30:00+00:00,6347.960000000003,6348.980000000002,6342.960000000003,6347.970000000002,626
2026-06-25T19:45:00+00:00,6347.970000000002,6348.980000000002,6340.970000000002,6348.5300000000025,454
2026-06-26T06:00:00+00:00,6348.5300000000025,6352.0300000000025,6299.650000000002,6308.150000000002,299.8090176581519
2026-06-26T06:15:00+00:00,6308.150000000002,6317.650000000002,6308.150000000002,6317.640000000002,314
2026-06-26T06:30:00+00:00,6317.640000000002,6322.630000000002,6314.630000000002,6322.630000000002,274
2026-06-26T06:45:00+00:00,6322.630000000002,6331.640000000002,6320.630000000002,6326.150000000002,401
2026-06-26T07:00:00+00:00,6326.150000000002,6331.650000000002,6318.630000000002,6327.640000000002,1028
2026-06-26T07:15:00+00:00,6327.640000000002,6335.650000000002,6325.630000000002,6335.130000000002,501
2026-06-26T07:30:00+00:00,6335.130000000002,6340.650000000002,6325.640000000002,6326.630000000002,341
2026-06-26T07:45:00+00:00,6326.630000000002,6330.650000000002,6321.640000000002,6329.650000000002,357
2026-06-26T08:00:00+00:00,6329.650000000002,6332.630000000002,6314.630000000002,6317.650000000002,494
2026-06-26T08:15:00+00:00,6317.650000000002,6323.650000000002,6314.150000000002,6322.650000000002,534
2026-06-26T08:30:00+00:00,6322.650000000002,6323.140000000002,6311.640000000002,6313.650000000002,429
2026-06-26T08:45:00+00:00,6313.650000000002,6315.650000000002,6304.630000000002,6310.640000000002,396
2026-06-26T09:00:00+00:00,6310.640000000002,6313.150000000002,6302.130000000002,6310.630000000002,539
2026-06-26T09:15:00+00:00,6310.630000000002,6311.630000000002,6301.630000000002,6305.130000000002,601
2026-06-26T09:30:00+00:00,6305.130000000002,6311.130000000002,6299.630000000002,6309.140000000002,393
2026-06-26T09:45:00+00:00,6309.140000000002,6312.650000000002,6304.630000000002,6306.630000000002,329
2026-06-26T10:00:00+00:00,6306.630000000002,6307.650000000002,6296.630000000002,6304.640000000002,421
2026-06-26T10:15:00+00:00,6304.640000000002,6305.150000000002,6297.650000000002,6304.150000000002,229
2026-06-26T10:30:00+00:00,6304.150000000002,6304.150000000002,6297.630000000002,6299.130000000002,349
2026-06-26T10:45:00+00:00,6299.130000000002,6302.150000000002,6296.630000000002,6298.640000000002,267
2026-06-26T11:00:00+00:00,6298.640000000002,6307.650000000002,6297.630000000002,6304.630000000002,566
2026-06-26T11:15:00+00:00,6304.630000000002,6304.650000000002,6297.130000000002,6298.640000000002,279
2026-06-26T11:30:00+00:00,6298.640000000002,6299.130000000002,6291.130000000002,6292.150000000002,312
2026-06-26T11:45:00+00:00,6292.150000000002,6296.650000000002,6290.650000000002,6293.640000000002,428
2026-06-26T12:00:00+00:00,6293.640000000002,6297.650000000002,6290.630000000002,6296.650000000002,407
2026-06-26T12:15:00+00:00,6296.650000000002,6302.150000000002,6293.630000000002,6299.150000000002,477
2026-06-26T12:30:00+00:00,6299.150000000002,6301.650000000002,6286.640000000002,6288.130000000002,427
2026-06-26T12:45:00+00:00,6288.130000000002,6290.650000000002,6283.630000000002,6286.650000000002,304.54510703363917
2026-06-26T13:00:00+00:00,6286.650000000002,6288.640000000002,6282.140000000002,6285.140000000002,400
2026-06-26T13:15:00+00:00,6285.140000000002,6285.640000000002,6266.630000000002,6283.140000000002,1173
2026-06-26T13:30:00+00:00,6283.140000000002,6291.150000000002,6275.630000000002,6282.630000000002,2163
2026-06-26T13:45:00+00:00,6282.630000000002,6300.650000000002,6279.630000000002,6296.630000000002,1817
2026-06-26T14:00:00+00:00,6296.630000000002,6306.650000000002,6294.630000000002,6304.630000000002,1544
2026-06-26T14:15:00+00:00,6304.630000000002,6307.640000000002,6298.630000000002,6303.650000000002,778
2026-06-26T14:30:00+00:00,6303.650000000002,6304.150000000002,6294.630000000002,6295.130000000002,695
2026-06-26T14:45:00+00:00,6295.130000000002,6298.650000000002,6288.630000000002,6291.640000000002,762.7008149010478
2026-06-26T15:00:00+00:00,6291.640000000002,6298.130000000002,6288.140000000002,6289.120000000002,823
2026-06-26T15:15:00+00:00,6289.120000000002,6311.120000000002,6287.120000000002,6310.640000000002,371
2026-06-26T15:30:00+00:00,6310.640000000002,6321.140000000002,6305.130000000002,6317.140000000002,483
2026-06-26T15:45:00+00:00,6317.140000000002,6319.140000000002,6303.620000000002,6311.620000000002,1188
2026-06-26T16:00:00+00:00,6311.620000000002,6313.140000000002,6300.620000000002,6304.640000000002,652
2026-06-26T16:15:00+00:00,6304.640000000002,6308.140000000002,6288.120000000002,6299.120000000002,1062
2026-06-26T16:30:00+00:00,6299.120000000002,6305.140000000002,6299.120000000002,6300.620000000002,313
2026-06-26T16:45:00+00:00,6300.620000000002,6307.120000000002,6299.140000000002,6303.120000000002,508
2026-06-26T17:00:00+00:00,6303.120000000002,6311.140000000002,6301.620000000002,6310.130000000002,336
2026-06-26T17:15:00+00:00,6310.130000000002,6310.140000000002,6304.120000000002,6308.640000000002,494
2026-06-26T17:30:00+00:00,6308.640000000002,6310.640000000002,6300.130000000002,6303.130000000002,561
2026-06-26T17:45:00+00:00,6303.130000000002,6305.140000000002,6299.120000000002,6299.640000000002,413
2026-06-26T18:00:00+00:00,6299.640000000002,6302.140000000002,6296.620000000002,6298.130000000002,472
2026-06-26T18:15:00+00:00,6298.130000000002,6299.140000000002,6291.140000000002,6292.140000000002,382
2026-06-26T18:30:00+00:00,6292.140000000002,6294.130000000002,6288.120000000002,6291.620000000002,219
2026-06-26T18:45:00+00:00,6291.620000000002,6291.630000000002,6285.120000000002,6287.120000000002,418
2026-06-26T19:00:00+00:00,6287.120000000002,6292.620000000002,6283.120000000002,6292.620000000002,559
2026-06-26T19:15:00+00:00,6292.620000000002,6295.140000000002,6288.120000000002,6290.630000000002,371
2026-06-26T19:30:00+00:00,6290.630000000002,6294.140000000002,6286.620000000002,6294.130000000002,552
2026-06-26T19:45:00+00:00,6294.130000000002,6301.130000000002,6291.120000000002,6293.170000000002,740
2026-06-29T06:00:00+00:00,6293.170000000002,6332.520000000002,6291.170000000002,6324.520000000002,275.2540938362465
2026-06-29T06:15:00+00:00,6324.520000000002,6329.020000000002,6324.000000000002,6326.000000000002,244
2026-06-29T06:30:00+00:00,6326.000000000002,6327.010000000002,6320.010000000002,6321.010000000002,224
2026-06-29T06:45:00+00:00,6321.010000000002,6324.020000000002,6317.020000000002,6319.510000000002,273
2026-06-29T07:00:00+00:00,6319.510000000002,6320.520000000002,6302.000000000002,6308.010000000002,1037
2026-06-29T07:15:00+00:00,6308.010000000002,6317.020000000002,6305.000000000002,6314.010000000002,495
2026-06-29T07:30:00+00:00,6314.010000000002,6322.020000000002,6311.000000000002,6317.000000000002,470
2026-06-29T07:45:00+00:00,6317.000000000002,6317.020000000002,6309.020000000002,6313.010000000002,508
2026-06-29T08:00:00+00:00,6313.010000000002,6318.520000000002,6311.000000000002,6318.000000000002,572
2026-06-29T08:15:00+00:00,6318.000000000002,6319.010000000002,6304.520000000002,6304.520000000002,536
2026-06-29T08:30:00+00:00,6304.520000000002,6307.020000000002,6295.020000000002,6298.520000000002,378
2026-06-29T08:45:00+00:00,6298.520000000002,6303.500000000002,6294.000000000002,6294.500000000002,430
2026-06-29T09:00:00+00:00,6294.500000000002,6303.000000000002,6293.500000000002,6300.510000000002,383
2026-06-29T09:15:00+00:00,6300.510000000002,6308.000000000002,6298.000000000002,6308.000000000002,293
2026-06-29T09:30:00+00:00,6308.000000000002,6309.020000000002,6300.010000000002,6301.010000000002,220
2026-06-29T09:45:00+00:00,6301.010000000002,6301.020000000002,6294.000000000002,6300.000000000002,238
2026-06-29T10:00:00+00:00,6300.000000000002,6301.010000000002,6296.500000000002,6297.500000000002,240
2026-06-29T10:15:00+00:00,6297.500000000002,6302.000000000002,6292.010000000002,6302.000000000002,233
2026-06-29T10:30:00+00:00,6302.000000000002,6306.520000000002,6297.010000000002,6304.000000000002,226
2026-06-29T10:45:00+00:00,6304.000000000002,6306.520000000002,6299.500000000002,6304.020000000002,427
2026-06-29T11:00:00+00:00,6304.020000000002,6308.010000000002,6303.500000000002,6304.000000000002,282
2026-06-29T11:15:00+00:00,6304.000000000002,6306.010000000002,6298.000000000002,6301.010000000002,178
2026-06-29T11:30:00+00:00,6301.010000000002,6312.000000000002,6299.000000000002,6304.010000000002,644
2026-06-29T11:45:00+00:00,6304.010000000002,6312.010000000002,6303.020000000002,6311.000000000002,240
2026-06-29T12:00:00+00:00,6311.000000000002,6314.020000000002,6310.000000000002,6312.010000000002,320
2026-06-29T12:15:00+00:00,6312.010000000002,6314.020000000002,6308.010000000002,6308.520000000002,189
2026-06-29T12:30:00+00:00,6308.520000000002,6313.020000000002,6301.000000000002,6304.500000000002,203
2026-06-29T12:45:00+00:00,6304.500000000002,6311.020000000002,6304.000000000002,6310.520000000002,294
2026-06-29T13:00:00+00:00,6310.520000000002,6316.010000000002,6310.520000000002,6314.520000000002,306
2026-06-29T13:15:00+00:00,6314.520000000002,6314.520000000002,6309.000000000002,6312.010000000002,249
2026-06-29T13:30:00+00:00,6312.010000000002,6322.520000000002,6308.020000000002,6321.510000000002,1033
2026-06-29T13:45:00+00:00,6321.510000000002,6322.020000000002,6305.000000000002,6311.010000000002,1327
2026-06-29T14:00:00+00:00,6311.010000000002,6311.010000000002,6286.010000000002,6286.010000000002,1452
2026-06-29T14:15:00+00:00,6286.010000000002,6313.510000000002,6284.010000000002,6309.520000000002,1465
2026-06-29T14:30:00+00:00,6309.520000000002,6314.020000000002,6305.000000000002,6308.000000000002,1072
2026-06-29T14:45:00+00:00,6308.000000000002,6311.020000000002,6300.000000000002,6310.500000000002,1096
2026-06-29T15:00:00+00:00,6310.500000000002,6317.510000000002,6302.000000000002,6317.510000000002,908
2026-06-29T15:15:00+00:00,6317.510000000002,6320.020000000002,6310.000000000002,6316.520000000002,508
2026-06-29T15:30:00+00:00,6316.520000000002,6325.010000000002,6312.000000000002,6321.500000000002,493
2026-06-29T15:45:00+00:00,6321.500000000002,6325.010000000002,6318.000000000002,6322.010000000002,401
2026-06-29T16:00:00+00:00,6322.010000000002,6326.020000000002,6321.500000000002,6324.010000000002,349
2026-06-29T16:15:00+00:00,6324.010000000002,6328.500000000002,6324.010000000002,6327.020000000002,212
2026-06-29T16:30:00+00:00,6327.020000000002,6333.020000000002,6324.010000000002,6333.020000000002,137
2026-06-29T16:45:00+00:00,6333.020000000002,6337.010000000002,6332.000000000002,6334.000000000002,94
2026-06-29T17:00:00+00:00,6334.000000000002,6340.510000000002,6334.000000000002,6339.000000000002,173.0852228303362
2026-06-29T17:15:00+00:00,6339.000000000002,6339.020000000002,6333.000000000002,6336.000000000002,106
2026-06-29T17:30:00+00:00,6336.000000000002,6338.020000000002,6333.500000000002,6337.010000000002,125
2026-06-29T17:45:00+00:00,6337.010000000002,6338.020000000002,6335.000000000002,6336.500000000002,87
2026-06-29T18:00:00+00:00,6336.500000000002,6347.520000000002,6336.000000000002,6344.010000000002,91
2026-06-29T18:15:00+00:00,6344.010000000002,6344.010000000002,6340.000000000002,6341.020000000002,172.68222338751966
2026-06-29T18:30:00+00:00,6341.020000000002,6344.520000000002,6341.000000000002,6343.520000000002,167.42544126597687
2026-06-29T18:45:00+00:00,6343.520000000002,6345.020000000002,6343.000000000002,6343.010000000002,62.41987577639752
2026-06-29T19:00:00+00:00,6343.010000000002,6344.020000000002,6341.000000000002,6341.500000000002,160
2026-06-29T19:15:00+00:00,6341.500000000002,6345.520000000002,6341.000000000002,6344.000000000002,89
2026-06-29T19:30:00+00:00,6344.000000000002,6346.020000000002,6341.500000000002,6343.000000000002,228.02987421383648
2026-06-29T19:45:00+00:00,6343.000000000002,6349.020000000002,6337.000000000002,6344.550000000002,309
2026-06-30T06:00:00+00:00,6344.550000000002,6355.980000000002,6343.050000000002,6349.980000000002,250.42736580187645
2026-06-30T06:15:00+00:00,6349.980000000002,6351.9900000000025,6345.9900000000025,6351.480000000002,195
2026-06-30T06:30:00+00:00,6351.480000000002,6351.480000000002,6344.4900000000025,6345.000000000002,151
2026-06-30T06:45:00+00:00,6345.000000000002,6353.9900000000025,6345.000000000002,6353.980000000002,187.95363636363635
2026-06-30T07:00:00+00:00,6353.980000000002,6363.4900000000025,6345.980000000002,6350.4900000000025,759
2026-06-30T07:15:00+00:00,6350.4900000000025,6364.000000000002,6348.9900000000025,6358.500000000002,314
2026-06-30T07:30:00+00:00,6358.500000000002,6366.000000000002,6356.9900000000025,6363.000000000002,287
2026-06-30T07:45:00+00:00,6363.000000000002,6363.000000000002,6346.980000000002,6348.500000000002,394
2026-06-30T08:00:00+00:00,6348.500000000002,6355.000000000002,6347.480000000002,6348.500000000002,517
2026-06-30T08:15:00+00:00,6348.500000000002,6359.000000000002,6345.980000000002,6358.000000000002,250
2026-06-30T08:30:00+00:00,6358.000000000002,6359.9900000000025,6344.480000000002,6346.980000000002,278
2026-06-30T08:45:00+00:00,6346.980000000002,6353.500000000002,6345.980000000002,6352.000000000002,224
2026-06-30T09:00:00+00:00,6352.000000000002,6364.000000000002,6351.480000000002,6360.9900000000025,207
2026-06-30T09:15:00+00:00,6360.9900000000025,6368.4900000000025,6360.500000000002,6366.500000000002,244
2026-06-30T09:30:00+00:00,6366.500000000002,6373.9900000000025,6363.980000000002,6372.980000000002,183
2026-06-30T09:45:00+00:00,6372.980000000002,6380.480000000002,6371.9900000000025,6377.9900000000025,232
2026-06-30T10:00:00+00:00,6377.9900000000025,6382.500000000002,6375.980000000002,6380.4900000000025,159
2026-06-30T10:15:00+00:00,6380.4900000000025,6388.980000000002,6380.050000000002,6387.9900000000025,95
2026-06-30T10:30:00+00:00,6387.9900000000025,6389.9900000000025,6383.980000000002,6387.980000000002,167
2026-06-30T10:45:00+00:00,6387.980000000002,6390.980000000002,6384.9900000000025,6389.500000000002,203
2026-06-30T11:00:00+00:00,6389.500000000002,6393.000000000002,6386.000000000002,6391.4900000000025,171
2026-06-30T11:15:00+00:00,6391.4900000000025,6393.500000000002,6387.980000000002,6388.9900000000025,236
2026-06-30T11:30:00+00:00,6388.9900000000025,6395.000000000002,6388.980000000002,6394.9900000000025,99.3795871559633
2026-06-30T11:45:00+00:00,6394.9900000000025,6395.000000000002,6388.980000000002,6389.000000000002,107
2026-06-30T12:00:00+00:00,6389.000000000002,6389.500000000002,6379.000000000002,6379.000000000002,238
2026-06-30T12:15:00+00:00,6379.000000000002,6379.000000000002,6370.980000000002,6370.980000000002,213
2026-06-30T12:30:00+00:00,6370.980000000002,6374.000000000002,6363.9900000000025,6373.4900000000025,216
2026-06-30T12:45:00+00:00,6373.4900000000025,6377.000000000002,6369.980000000002,6373.500000000002,204
2026-06-30T13:00:00+00:00,6373.500000000002,6374.000000000002,6363.980000000002,6366.480000000002,208
2026-06-30T13:15:00+00:00,6366.480000000002,6367.9900000000025,6363.9900000000025,6365.500000000002,194
2026-06-30T13:30:00+00:00,6365.500000000002,6379.500000000002,6364.980000000002,6378.000000000002,733
2026-06-30T13:45:00+00:00,6378.000000000002,6389.500000000002,6377.480000000002,6388.480000000002,397
2026-06-30T14:00:00+00:00,6388.480000000002,6391.000000000002,6380.9900000000025,6386.480000000002,432
2026-06-30T14:15:00+00:00,6386.480000000002,6395.000000000002,6386.480000000002,6388.980000000002,214
2026-06-30T14:30:00+00:00,6388.980000000002,6393.000000000002,6385.980000000002,6388.4900000000025,266
2026-06-30T14:45:00+00:00,6388.4900000000025,6391.000000000002,6384.480000000002,6385.4900000000025,461
2026-06-30T15:00:00+00:00,6385.4900000000025,6407.500000000002,6385.4900000000025,6406.500000000002,294
2026-06-30T15:15:00+00:00,6406.500000000002,6409.500000000002,6398.980000000002,6403.500000000002,333
2026-06-30T15:30:00+00:00,6403.500000000002,6411.9900000000025,6394.980000000002,6408.000000000002,439
2026-06-30T15:45:00+00:00,6408.000000000002,6409.000000000002,6405.000000000002,6406.000000000002,117
2026-06-30T16:00:00+00:00,6406.000000000002,6408.9900000000025,6404.480000000002,6408.9900000000025,68
2026-06-30T16:15:00+00:00,6408.9900000000025,6411.000000000002,6407.980000000002,6408.9900000000025,40
2026-06-30T16:30:00+00:00,6408.9900000000025,6413.000000000002,6408.980000000002,6412.9900000000025,52
2026-06-30T16:45:00+00:00,6412.9900000000025,6414.500000000002,6410.980000000002,6412.980000000002,79
2026-06-30T17:00:00+00:00,6412.980000000002,6415.9900000000025,6409.9900000000025,6409.9900000000025,75.41931881630374
2026-06-30T17:15:00+00:00,6409.9900000000025,6412.000000000002,6408.980000000002,6410.4900000000025,72.33656761673741
2026-06-30T17:30:00+00:00,6410.4900000000025,6412.9900000000025,6408.980000000002,6412.980000000002,59
2026-06-30T17:45:00+00:00,6412.980000000002,6414.000000000002,6412.480000000002,6413.9900000000025,82
2026-06-30T18:00:00+00:00,6413.9900000000025,6414.000000000002,6411.480000000002,6413.9900000000025,56.85063933849362
2026-06-30T18:15:00+00:00,6413.9900000000025,6416.000000000002,6410.9900000000025,6410.9900000000025,54
2026-06-30T18:30:00+00:00,6410.9900000000025,6413.980000000002,6409.980000000002,6413.980000000002,36
2026-06-30T18:45:00+00:00,6413.980000000002,6416.980000000002,6413.980000000002,6415.9900000000025,37
2026-06-30T19:00:00+00:00,6415.9900000000025,6417.980000000002,6412.980000000002,6416.000000000002,67
2026-06-30T19:15:00+00:00,6416.000000000002,6417.000000000002,6413.000000000002,6414.000000000002,86
2026-06-30T19:30:00+00:00,6414.000000000002,6414.000000000002,6410.000000000002,6411.000000000002,100.29906542056075
2026-06-30T19:45:00+00:00,6411.000000000002,6416.980000000002,6407.980000000002,6412.540000000002,294
2026-07-01T06:00:00+00:00,6412.540000000002,6416.040000000002,6399.4900000000025,6401.440000000002,202.0814479638009
2026-07-01T06:15:00+00:00,6401.440000000002,6402.450000000003,6397.430000000002,6399.430000000002,103.3796992481203
2026-07-01T06:30:00+00:00,6399.430000000002,6401.950000000003,6396.430000000002,6400.430000000002,201
2026-07-01T06:45:00+00:00,6400.430000000002,6406.450000000003,6400.430000000002,6405.430000000002,119
2026-07-01T07:00:00+00:00,6405.430000000002,6405.450000000003,6377.430000000002,6379.950000000003,750
2026-07-01T07:15:00+00:00,6379.950000000003,6385.450000000003,6373.450000000003,6379.450000000003,729
2026-07-01T07:30:00+00:00,6379.450000000003,6381.950000000003,6374.440000000002,6380.430000000002,290
2026-07-01T07:45:00+00:00,6380.430000000002,6396.430000000002,6379.440000000002,6395.940000000002,196
2026-07-01T08:00:00+00:00,6395.940000000002,6399.450000000003,6388.930000000002,6398.430000000002,292
2026-07-01T08:15:00+00:00,6398.430000000002,6400.950000000003,6395.430000000002,6400.430000000002,284
2026-07-01T08:30:00+00:00,6400.430000000002,6408.440000000002,6395.450000000003,6407.950000000003,283
2026-07-01T08:45:00+00:00,6407.950000000003,6407.950000000003,6399.430000000002,6403.940000000002,247
2026-07-01T09:00:00+00:00,6403.940000000002,6404.450000000003,6391.430000000002,6395.930000000002,293
2026-07-01T09:15:00+00:00,6395.930000000002,6401.450000000003,6393.930000000002,6401.440000000002,191.6789077212806
2026-07-01T09:30:00+00:00,6401.440000000002,6403.430000000002,6398.950000000003,6399.930000000002,145
2026-07-01T09:45:00+00:00,6399.930000000002,6401.950000000003,6397.950000000003,6399.950000000003,197
2026-07-01T10:00:00+00:00,6399.950000000003,6400.450000000003,6390.440000000002,6395.930000000002,249
2026-07-01T10:15:00+00:00,6395.930000000002,6399.450000000003,6392.930000000002,6395.430000000002,231
2026-07-01T10:30:00+00:00,6395.430000000002,6396.450000000003,6387.930000000002,6390.440000000002,122.63706938379427
2026-07-01T10:45:00+00:00,6390.440000000002,6393.440000000002,6387.940000000002,6392.440000000002,229.54525745257453
2026-07-01T11:00:00+00:00,6392.440000000002,6395.940000000002,6387.930000000002,6388.450000000003,132
2026-07-01T11:15:00+00:00,6388.450000000003,6389.450000000003,6384.430000000002,6384.430000000002,99
2026-07-01T11:30:00+00:00,6384.430000000002,6385.450000000003,6376.430000000002,6379.430000000002,194
2026-07-01T11:45:00+00:00,6379.430000000002,6379.430000000002,6371.430000000002,6372.440000000002,175
2026-07-01T12:00:00+00:00,6372.440000000002,6374.450000000003,6364.930000000002,6372.450000000003,313
2026-07-01T12:15:00+00:00,6372.450000000003,6378.440000000002,6370.450000000003,6377.930000000002,259
2026-07-01T12:30:00+00:00,6377.930000000002,6380.440000000002,6366.430000000002,6371.950000000003,523
2026-07-01T12:45:00+00:00,6371.950000000003,6374.450000000003,6367.430000000002,6368.950000000003,320
2026-07-01T13:00:00+00:00,6368.950000000003,6368.950000000003,6352.430000000002,6353.950000000003,362
2026-07-01T13:15:00+00:00,6353.950000000003,6366.450000000003,6353.940000000002,6363.440000000002,510
2026-07-01T13:30:00+00:00,6363.440000000002,6368.450000000003,6345.930000000002,6362.950000000003,1480
2026-07-01T13:45:00+00:00,6362.950000000003,6375.430000000002,6361.930000000002,6371.430000000002,609
2026-07-01T14:00:00+00:00,6371.430000000002,6372.940000000002,6362.440000000002,6364.430000000002,593
2026-07-01T14:15:00+00:00,6364.430000000002,6369.950000000003,6361.430000000002,6367.930000000002,386
2026-07-01T14:30:00+00:00,6367.930000000002,6367.930000000002,6352.430000000002,6352.950000000003,222
2026-07-01T14:45:00+00:00,6352.950000000003,6355.430000000002,6348.430000000002,6352.930000000002,470.82767925983035
2026-07-01T15:00:00+00:00,6352.930000000002,6358.920000000002,6349.930000000002,6352.930000000002,387
2026-07-01T15:15:00+00:00,6352.930000000002,6373.920000000002,6352.930000000002,6373.920000000002,190
2026-07-01T15:30:00+00:00,6373.920000000002,6375.940000000002,6358.930000000002,6368.420000000002,318
2026-07-01T15:45:00+00:00,6368.420000000002,6371.440000000002,6365.920000000002,6367.920000000002,248
2026-07-01T16:00:00+00:00,6367.920000000002,6369.920000000002,6364.930000000002,6367.430000000002,153
2026-07-01T16:15:00+00:00,6367.430000000002,6372.420000000002,6367.430000000002,6371.920000000002,167
2026-07-01T16:30:00+00:00,6371.920000000002,6374.940000000002,6367.920000000002,6369.920000000002,122
2026-07-01T16:45:00+00:00,6369.920000000002,6371.440000000002,6360.940000000002,6361.420000000002,171
2026-07-01T17:00:00+00:00,6361.420000000002,6365.940000000002,6359.920000000002,6362.430000000002,220
2026-07-01T17:15:00+00:00,6362.430000000002,6366.940000000002,6362.430000000002,6365.930000000002,114.13471914586995
2026-07-01T17:30:00+00:00,6365.930000000002,6367.940000000002,6362.440000000002,6362.930000000002,92
2026-07-01T17:45:00+00:00,6362.930000000002,6362.930000000002,6358.420000000002,6359.940000000002,69.46548672566371
2026-07-01T18:00:00+00:00,6359.940000000002,6362.940000000002,6357.940000000002,6357.940000000002,127
2026-07-01T18:15:00+00:00,6357.940000000002,6360.420000000002,6355.930000000002,6357.930000000002,111
2026-07-01T18:30:00+00:00,6357.930000000002,6360.940000000002,6357.930000000002,6359.440000000002,62.69921054901289
2026-07-01T18:45:00+00:00,6359.440000000002,6359.940000000002,6356.440000000002,6359.420000000002,100.29644921552436
2026-07-01T19:00:00+00:00,6359.420000000002,6365.940000000002,6359.420000000002,6364.920000000002,128
2026-07-01T19:15:00+00:00,6364.920000000002,6366.940000000002,6363.920000000002,6364.430000000002,56.01931922723091
2026-07-01T19:30:00+00:00,6364.430000000002,6366.440000000002,6361.920000000002,6361.930000000002,67.50372439478585
2026-07-01T19:45:00+00:00,6361.930000000002,6365.920000000002,6357.920000000002,6362.490000000002,227
2026-07-02T06:00:00+00:00,6362.490000000002,6364.490000000002,6354.550000000002,6355.550000000002,167.25868725868725
2026-07-02T06:15:00+00:00,6355.550000000002,6359.050000000002,6350.550000000002,6350.550000000002,288
2026-07-02T06:30:00+00:00,6350.550000000002,6356.5700000000015,6350.550000000002,6352.550000000002,213
2026-07-02T06:45:00+00:00,6352.550000000002,6352.550000000002,6342.5700000000015,6343.050000000002,289
2026-07-02T07:00:00+00:00,6343.050000000002,6360.5700000000015,6342.050000000002,6355.050000000002,915
2026-07-02T07:15:00+00:00,6355.050000000002,6369.060000000002,6353.560000000002,6364.0700000000015,555
2026-07-02T07:30:00+00:00,6364.0700000000015,6373.550000000002,6360.560000000002,6372.550000000002,360
2026-07-02T07:45:00+00:00,6372.550000000002,6375.5700000000015,6367.050000000002,6369.0700000000015,512
2026-07-02T08:00:00+00:00,6369.0700000000015,6370.5700000000015,6364.060000000002,6366.5700000000015,608
2026-07-02T08:15:00+00:00,6366.5700000000015,6375.0700000000015,6363.550000000002,6372.5700000000015,305
2026-07-02T08:30:00+00:00,6372.5700000000015,6382.5700000000015,6370.5700000000015,6376.5700000000015,395
2026-07-02T08:45:00+00:00,6376.5700000000015,6383.5700000000015,6376.5700000000015,6379.550000000002,280
2026-07-02T09:00:00+00:00,6379.550000000002,6380.560000000002,6373.550000000002,6376.560000000002,334
2026-07-02T09:15:00+00:00,6376.560000000002,6381.5700000000015,6374.550000000002,6380.050000000002,185
2026-07-02T09:30:00+00:00,6380.050000000002,6386.560000000002,6378.550000000002,6385.5700000000015,281
2026-07-02T09:45:00+00:00,6385.5700000000015,6389.5700000000015,6382.560000000002,6389.0700000000015,155
2026-07-02T10:00:00+00:00,6389.0700000000015,6389.560000000002,6382.560000000002,6383.550000000002,287
2026-07-02T10:15:00+00:00,6383.550000000002,6387.560000000002,6382.550000000002,6386.0700000000015,146.26325088339223
2026-07-02T10:30:00+00:00,6386.0700000000015,6395.5700000000015,6386.0700000000015,6394.560000000002,168
2026-07-02T10:45:00+00:00,6394.560000000002,6401.050000000002,6393.5700000000015,6398.550000000002,213
2026-07-02T11:00:00+00:00,6398.550000000002,6402.560000000002,6396.550000000002,6400.060000000002,230
2026-07-02T11:15:00+00:00,6400.060000000002,6401.5700000000015,6396.5700000000015,6400.560000000002,139
2026-07-02T11:30:00+00:00,6400.560000000002,6405.560000000002,6398.550000000002,6404.560000000002,138
2026-07-02T11:45:00+00:00,6404.560000000002,6410.5700000000015,6404.560000000002,6409.5700000000015,113
2026-07-02T12:00:00+00:00,6409.5700000000015,6420.5700000000015,6408.550000000002,6420.0700000000015,247
2026-07-02T12:15:00+00:00,6420.0700000000015,6427.5700000000015,6417.550000000002,6423.620000000002,449
2026-07-02T12:30:00+00:00,6423.620000000002,6447.5700000000015,6422.600000000002,6446.560000000002,1361
2026-07-02T12:45:00+00:00,6446.560000000002,6447.5700000000015,6435.550000000002,6441.0700000000015,606
2026-07-02T13:00:00+00:00,6441.0700000000015,6446.5700000000015,6439.550000000002,6444.5700000000015,301
2026-07-02T13:15:00+00:00,6444.5700000000015,6451.5700000000015,6442.560000000002,6449.050000000002,277
2026-07-02T13:30:00+00:00,6449.050000000002,6460.5700000000015,6443.550000000002,6460.050000000002,786
2026-07-02T13:45:00+00:00,6460.050000000002,6476.550000000002,6460.050000000002,6466.560000000002,513
2026-07-02T14:00:00+00:00,6466.560000000002,6468.560000000002,6456.550000000002,6465.560000000002,608
2026-07-02T14:15:00+00:00,6465.560000000002,6467.5700000000015,6447.550000000002,6450.560000000002,685
2026-07-02T14:30:00+00:00,6450.560000000002,6458.5700000000015,6448.550000000002,6451.5700000000015,930
2026-07-02T14:45:00+00:00,6451.5700000000015,6462.5700000000015,6447.550000000002,6462.5700000000015,782
2026-07-02T15:00:00+00:00,6462.5700000000015,6465.560000000002,6445.560000000002,6451.550000000002,690
2026-07-02T15:15:00+00:00,6451.550000000002,6453.560000000002,6435.060000000002,6436.0700000000015,685
2026-07-02T15:30:00+00:00,6436.0700000000015,6449.5700000000015,6434.550000000002,6444.5700000000015,791
2026-07-02T15:45:00+00:00,6444.5700000000015,6447.5700000000015,6433.060000000002,6435.550000000002,726
2026-07-02T16:00:00+00:00,6435.550000000002,6442.5700000000015,6433.560000000002,6442.060000000002,604
2026-07-02T16:15:00+00:00,6442.060000000002,6443.5700000000015,6433.550000000002,6434.0700000000015,616
2026-07-02T16:30:00+00:00,6434.0700000000015,6434.0700000000015,6424.560000000002,6433.550000000002,455
2026-07-02T16:45:00+00:00,6433.550000000002,6434.5700000000015,6423.550000000002,6425.560000000002,354
2026-07-02T17:00:00+00:00,6425.560000000002,6426.560000000002,6415.5700000000015,6419.550000000002,549
2026-07-02T17:15:00+00:00,6419.550000000002,6421.5700000000015,6415.560000000002,6419.0700000000015,299
2026-07-02T17:30:00+00:00,6419.0700000000015,6420.5700000000015,6410.050000000002,6413.560000000002,424
2026-07-02T17:45:00+00:00,6413.560000000002,6413.5700000000015,6408.550000000002,6409.0700000000015,305
2026-07-02T18:00:00+00:00,6409.0700000000015,6418.5700000000015,6407.5700000000015,6417.060000000002,404
2026-07-02T18:15:00+00:00,6417.060000000002,6418.0700000000015,6412.550000000002,6416.060000000002,252
2026-07-02T18:30:00+00:00,6416.060000000002,6422.5700000000015,6415.550000000002,6421.550000000002,373
2026-07-02T18:45:00+00:00,6421.550000000002,6424.060000000002,6419.550000000002,6422.0700000000015,167
2026-07-02T19:00:00+00:00,6422.0700000000015,6423.5700000000015,6412.550000000002,6415.550000000002,368
2026-07-02T19:15:00+00:00,6415.550000000002,6418.5700000000015,6411.550000000002,6416.550000000002,272
2026-07-02T19:30:00+00:00,6416.550000000002,6425.5700000000015,6416.550000000002,6424.5700000000015,282
2026-07-02T19:45:00+00:00,6424.5700000000015,6443.5700000000015,6424.550000000002,6440.6100000000015,481
2026-07-03T06:00:00+00:00,6440.6100000000015,6471.140000000002,6440.1100000000015,6469.650000000002,93.7934611757309
2026-07-03T06:15:00+00:00,6469.650000000002,6472.160000000002,6467.150000000002,6469.650000000002,113
2026-07-03T06:30:00+00:00,6469.650000000002,6474.660000000002,6468.150000000002,6472.160000000002,115
2026-07-03T06:45:00+00:00,6472.160000000002,6472.160000000002,6466.160000000002,6466.650000000002,160
2026-07-03T07:00:00+00:00,6466.650000000002,6487.150000000002,6464.140000000002,6478.660000000002,655
2026-07-03T07:15:00+00:00,6478.660000000002,6478.660000000002,6468.140000000002,6469.640000000002,308
2026-07-03T07:30:00+00:00,6469.640000000002,6471.160000000002,6460.640000000002,6460.660000000002,259
2026-07-03T07:45:00+00:00,6460.660000000002,6463.160000000002,6456.140000000002,6459.660000000002,284
2026-07-03T08:00:00+00:00,6459.660000000002,6465.640000000002,6455.140000000002,6463.160000000002,339
2026-07-03T08:15:00+00:00,6463.160000000002,6469.160000000002,6463.140000000002,6465.140000000002,276.43811881188117
2026-07-03T08:30:00+00:00,6465.140000000002,6466.160000000002,6458.140000000002,6460.150000000002,336
2026-07-03T08:45:00+00:00,6460.150000000002,6461.160000000002,6450.140000000002,6452.160000000002,342
2026-07-03T09:00:00+00:00,6452.160000000002,6456.160000000002,6448.150000000002,6455.660000000002,276
2026-07-03T09:15:00+00:00,6455.660000000002,6461.160000000002,6454.150000000002,6456.160000000002,298
2026-07-03T09:30:00+00:00,6456.160000000002,6463.160000000002,6455.160000000002,6463.150000000002,228
2026-07-03T09:45:00+00:00,6463.150000000002,6465.660000000002,6459.640000000002,6462.150000000002,344
2026-07-03T10:00:00+00:00,6462.150000000002,6467.160000000002,6459.150000000002,6465.660000000002,138
2026-07-03T10:15:00+00:00,6465.660000000002,6466.660000000002,6462.150000000002,6465.650000000002,114
2026-07-03T10:30:00+00:00,6465.650000000002,6470.160000000002,6465.640000000002,6468.140000000002,153
2026-07-03T10:45:00+00:00,6468.140000000002,6470.160000000002,6466.140000000002,6469.140000000002,110
2026-07-03T11:00:00+00:00,6469.140000000002,6469.150000000002,6463.140000000002,6464.160000000002,146
2026-07-03T11:15:00+00:00,6464.160000000002,6466.660000000002,6460.140000000002,6461.660000000002,109
2026-07-03T11:30:00+00:00,6461.660000000002,6467.160000000002,6461.160000000002,6467.160000000002,178
2026-07-03T11:45:00+00:00,6467.160000000002,6474.140000000002,6467.150000000002,6473.640000000002,167
2026-07-03T12:00:00+00:00,6473.640000000002,6480.160000000002,6473.640000000002,6479.150000000002,113.00980907458856
2026-07-03T12:15:00+00:00,6479.150000000002,6479.160000000002,6474.640000000002,6476.640000000002,173.38760711931445
2026-07-03T12:30:00+00:00,6476.640000000002,6481.160000000002,6476.150000000002,6479.150000000002,132
2026-07-03T12:45:00+00:00,6479.150000000002,6484.160000000002,6478.640000000002,6484.140000000002,94
2026-07-03T13:00:00+00:00,6484.140000000002,6488.160000000002,6483.140000000002,6485.650000000002,136
2026-07-03T13:15:00+00:00,6485.650000000002,6489.160000000002,6485.160000000002,6486.140000000002,115.20633441160882
2026-07-03T13:30:00+00:00,6486.140000000002,6488.140000000002,6482.640000000002,6486.640000000002,140
2026-07-03T13:45:00+00:00,6486.640000000002,6494.160000000002,6485.140000000002,6493.150000000002,166.34895833333331
2026-07-03T14:00:00+00:00,6493.150000000002,6495.160000000002,6491.640000000002,6493.150000000002,104.67567567567568
2026-07-03T14:15:00+00:00,6493.150000000002,6495.160000000002,6489.130000000002,6491.6500000000015,132.54263565891472
2026-07-03T14:30:00+00:00,6491.6500000000015,6500.1500000000015,6491.140000000002,6499.140000000002,83
2026-07-03T14:45:00+00:00,6499.140000000002,6505.6500000000015,6498.130000000002,6504.6500000000015,100
2026-07-03T15:00:00+00:00,6504.6500000000015,6506.130000000002,6499.630000000002,6503.1500000000015,128
2026-07-03T15:15:00+00:00,6503.1500000000015,6506.1500000000015,6499.130000000002,6500.6500000000015,95.6920634920635
2026-07-03T15:30:00+00:00,6500.6500000000015,6503.1500000000015,6494.140000000002,6498.140000000002,190.77903225806452
2026-07-03T15:45:00+00:00,6498.140000000002,6498.630000000002,6494.130000000002,6495.140000000002,159
2026-07-03T16:00:00+00:00,6495.140000000002,6499.1500000000015,6495.130000000002,6498.140000000002,74
2026-07-03T16:15:00+00:00,6498.140000000002,6501.1500000000015,6498.130000000002,6499.140000000002,78.4636048526863
2026-07-03T16:30:00+00:00,6499.140000000002,6500.1500000000015,6497.130000000002,6498.140000000002,81.95490320673983
2026-07-03T16:45:00+00:00,6498.140000000002,6498.1500000000015,6496.130000000002,6496.130000000002,51
2026-07-03T17:00:00+00:00,6496.130000000002,6496.1500000000015,6493.6500000000015,6493.6500000000015,30.85481236189751
2026-07-03T17:15:00+00:00,6493.6500000000015,6495.6500000000015,6493.6500000000015,6495.130000000002,25.94213829808387
2026-07-03T17:30:00+00:00,6495.130000000002,6495.1500000000015,6495.130000000002,6495.1500000000015,20.237743538117215
2026-07-03T17:45:00+00:00,6495.1500000000015,6496.140000000002,6495.130000000002,6495.1500000000015,21.67901547225498
2026-07-03T18:00:00+00:00,6495.1500000000015,6495.6500000000015,6495.130000000002,6495.140000000002,32.25267039256458
2026-07-03T18:15:00+00:00,6495.140000000002,6495.1500000000015,6495.130000000002,6495.130000000002,22.83323081880314
2026-07-03T18:30:00+00:00,6495.130000000002,6496.1500000000015,6495.130000000002,6496.130000000002,23.85782274382841
2026-07-03T18:45:00+00:00,6496.130000000002,6496.1500000000015,6495.130000000002,6496.1500000000015,36.56131005232747
2026-07-03T19:00:00+00:00,6496.1500000000015,6497.1500000000015,6495.1500000000015,6497.130000000002,37.688140726113396
2026-07-03T19:15:00+00:00,6497.130000000002,6498.140000000002,6496.630000000002,6497.140000000002,29.886904761904763
2026-07-03T19:30:00+00:00,6497.140000000002,6499.1500000000015,6496.130000000002,6496.130000000002,58
2026-07-03T19:45:00+00:00,6496.130000000002,6497.6500000000015,6495.640000000002,6497.6500000000015,64
2026-07-06T06:00:00+00:00,6497.6500000000015,6498.1500000000015,6485.700000000002,6485.720000000002,92.65387846215695
2026-07-06T06:15:00+00:00,6485.720000000002,6491.220000000002,6485.710000000002,6489.700000000002,66
2026-07-06T06:30:00+00:00,6489.700000000002,6491.720000000002,6487.710000000002,6490.200000000002,77
2026-07-06T06:45:00+00:00,6490.200000000002,6497.210000000002,6487.700000000002,6494.700000000002,133
2026-07-06T07:00:00+00:00,6494.700000000002,6502.700000000002,6489.700000000002,6500.710000000002,673
2026-07-06T07:15:00+00:00,6500.710000000002,6505.220000000002,6498.210000000002,6503.700000000002,340
2026-07-06T07:30:00+00:00,6503.700000000002,6505.720000000002,6501.200000000002,6505.710000000002,221
2026-07-06T07:45:00+00:00,6505.710000000002,6516.720000000002,6505.700000000002,6514.700000000002,255
2026-07-06T08:00:00+00:00,6514.700000000002,6517.700000000002,6506.700000000002,6508.700000000002,294
2026-07-06T08:15:00+00:00,6508.700000000002,6512.220000000002,6504.200000000002,6512.220000000002,167
2026-07-06T08:30:00+00:00,6512.220000000002,6513.720000000002,6501.700000000002,6503.710000000002,188
2026-07-06T08:45:00+00:00,6503.710000000002,6503.710000000002,6498.700000000002,6498.710000000002,165
2026-07-06T09:00:00+00:00,6498.710000000002,6499.710000000002,6489.700000000002,6490.710000000002,205
2026-07-06T09:15:00+00:00,6490.710000000002,6498.720000000002,6490.700000000002,6497.700000000002,169.26101532567048
2026-07-06T09:30:00+00:00,6497.700000000002,6498.710000000002,6492.710000000002,6497.210000000002,117.44733044733044
2026-07-06T09:45:00+00:00,6497.210000000002,6497.720000000002,6492.700000000002,6494.220000000002,172
2026-07-06T10:00:00+00:00,6494.220000000002,6494.720000000002,6488.700000000002,6491.720000000002,148
2026-07-06T10:15:00+00:00,6491.720000000002,6493.700000000002,6488.700000000002,6489.220000000002,103
2026-07-06T10:30:00+00:00,6489.220000000002,6490.720000000002,6484.700000000002,6485.700000000002,82
2026-07-06T10:45:00+00:00,6485.700000000002,6488.720000000002,6483.700000000002,6487.700000000002,111
2026-07-06T11:00:00+00:00,6487.700000000002,6487.710000000002,6483.700000000002,6485.200000000002,136
2026-07-06T11:15:00+00:00,6485.200000000002,6486.220000000002,6481.700000000002,6482.200000000002,80
2026-07-06T11:30:00+00:00,6482.200000000002,6486.720000000002,6480.200000000002,6486.700000000002,110
2026-07-06T11:45:00+00:00,6486.700000000002,6488.720000000002,6480.700000000002,6481.700000000002,133
2026-07-06T12:00:00+00:00,6481.700000000002,6482.720000000002,6478.720000000002,6481.220000000002,137.0391506303915
2026-07-06T12:15:00+00:00,6481.220000000002,6483.720000000002,6478.200000000002,6478.710000000002,132
2026-07-06T12:30:00+00:00,6478.710000000002,6480.720000000002,6477.700000000002,6479.710000000002,146.71806750496359
2026-07-06T12:45:00+00:00,6479.710000000002,6481.710000000002,6477.200000000002,6477.720000000002,120
2026-07-06T13:00:00+00:00,6477.720000000002,6478.700000000002,6468.700000000002,6468.700000000002,187
2026-07-06T13:15:00+00:00,6468.700000000002,6471.720000000002,6466.700000000002,6469.720000000002,194
2026-07-06T13:30:00+00:00,6469.720000000002,6470.710000000002,6461.700000000002,6467.210000000002,625
2026-07-06T13:45:00+00:00,6467.210000000002,6472.720000000002,6464.220000000002,6471.710000000002,415
2026-07-06T14:00:00+00:00,6471.710000000002,6479.700000000002,6470.700000000002,6478.710000000002,399
2026-07-06T14:15:00+00:00,6478.710000000002,6480.720000000002,6474.700000000002,6475.710000000002,216
2026-07-06T14:30:00+00:00,6475.710000000002,6480.700000000002,6468.700000000002,6480.200000000002,254
2026-07-06T14:45:00+00:00,6480.200000000002,6481.220000000002,6476.700000000002,6480.200000000002,146.96558317399618
2026-07-06T15:00:00+00:00,6480.200000000002,6481.720000000002,6471.200000000002,6472.710000000002,173
2026-07-06T15:15:00+00:00,6472.710000000002,6485.700000000002,6469.700000000002,6484.720000000002,202
2026-07-06T15:30:00+00:00,6484.720000000002,6487.220000000002,6481.700000000002,6486.210000000002,210
2026-07-06T15:45:00+00:00,6486.210000000002,6486.720000000002,6480.220000000002,6482.200000000002,133
2026-07-06T16:00:00+00:00,6482.200000000002,6482.710000000002,6479.200000000002,6479.700000000002,91.30938123752495
2026-07-06T16:15:00+00:00,6479.700000000002,6482.720000000002,6478.720000000002,6481.220000000002,59.01677663522825
2026-07-06T16:30:00+00:00,6481.220000000002,6482.200000000002,6479.700000000002,6480.700000000002,43
2026-07-06T16:45:00+00:00,6480.700000000002,6482.720000000002,6478.210000000002,6479.720000000002,63
2026-07-06T17:00:00+00:00,6479.720000000002,6485.720000000002,6477.720000000002,6485.210000000002,85
2026-07-06T17:15:00+00:00,6485.210000000002,6485.720000000002,6482.700000000002,6482.700000000002,62.616011860637514
2026-07-06T17:30:00+00:00,6482.700000000002,6482.710000000002,6476.700000000002,6477.720000000002,85
2026-07-06T17:45:00+00:00,6477.720000000002,6481.720000000002,6476.710000000002,6480.700000000002,48
2026-07-06T18:00:00+00:00,6480.700000000002,6484.210000000002,6480.700000000002,6481.710000000002,44
2026-07-06T18:15:00+00:00,6481.710000000002,6484.720000000002,6481.700000000002,6483.700000000002,47.76842105263158
2026-07-06T18:30:00+00:00,6483.700000000002,6484.700000000002,6481.700000000002,6482.710000000002,34.64414414414414
2026-07-06T18:45:00+00:00,6482.710000000002,6484.710000000002,6481.700000000002,6483.700000000002,63.55555555555556
2026-07-06T19:00:00+00:00,6483.700000000002,6484.720000000002,6481.700000000002,6483.220000000002,112.39327296248382
2026-07-06T19:15:00+00:00,6483.220000000002,6488.710000000002,6483.220000000002,6487.710000000002,47
2026-07-06T19:30:00+00:00,6487.710000000002,6487.720000000002,6482.700000000002,6484.710000000002,85
2026-07-06T19:45:00+00:00,6484.710000000002,6485.720000000002,6481.710000000002,6484.260000000002,140
2026-07-07T06:00:00+00:00,6484.260000000002,6486.260000000002,6458.640000000002,6459.640000000002,128.18520309477756
2026-07-07T06:15:00+00:00,6459.640000000002,6467.6500000000015,6459.640000000002,6465.6500000000015,243.2694610778443
2026-07-07T06:30:00+00:00,6465.6500000000015,6468.6500000000015,6464.640000000002,6468.6500000000015,53
2026-07-07T06:45:00+00:00,6468.6500000000015,6474.1500000000015,6464.640000000002,6473.1500000000015,104
2026-07-07T07:00:00+00:00,6473.1500000000015,6478.660000000002,6462.640000000002,6473.6500000000015,714
2026-07-07T07:15:00+00:00,6473.6500000000015,6480.660000000002,6471.660000000002,6480.160000000002,340
2026-07-07T07:30:00+00:00,6480.160000000002,6481.640000000002,6475.640000000002,6475.6500000000015,410
2026-07-07T07:45:00+00:00,6475.6500000000015,6480.640000000002,6472.660000000002,6479.1500000000015,249
2026-07-07T08:00:00+00:00,6479.1500000000015,6482.160000000002,6473.640000000002,6479.640000000002,226
2026-07-07T08:15:00+00:00,6479.640000000002,6483.6500000000015,6476.640000000002,6477.640000000002,225
2026-07-07T08:30:00+00:00,6477.640000000002,6478.6500000000015,6472.640000000002,6472.6500000000015,210
2026-07-07T08:45:00+00:00,6472.6500000000015,6475.160000000002,6466.1500000000015,6466.1500000000015,222
2026-07-07T09:00:00+00:00,6466.1500000000015,6468.660000000002,6460.640000000002,6463.640000000002,252
2026-07-07T09:15:00+00:00,6463.640000000002,6468.660000000002,6462.640000000002,6463.660000000002,185
2026-07-07T09:30:00+00:00,6463.660000000002,6464.6500000000015,6457.640000000002,6462.140000000002,140
2026-07-07T09:45:00+00:00,6462.140000000002,6462.660000000002,6458.640000000002,6461.6500000000015,194
2026-07-07T10:00:00+00:00,6461.6500000000015,6465.6500000000015,6455.640000000002,6457.1500000000015,145
2026-07-07T10:15:00+00:00,6457.1500000000015,6463.660000000002,6457.140000000002,6457.160000000002,120
2026-07-07T10:30:00+00:00,6457.160000000002,6458.660000000002,6455.640000000002,6456.1500000000015,157
2026-07-07T10:45:00+00:00,6456.1500000000015,6458.660000000002,6453.640000000002,6458.660000000002,144
2026-07-07T11:00:00+00:00,6458.660000000002,6458.660000000002,6453.140000000002,6453.140000000002,223
2026-07-07T11:15:00+00:00,6453.140000000002,6459.660000000002,6452.640000000002,6453.640000000002,129.4402304368699
2026-07-07T11:30:00+00:00,6453.640000000002,6455.640000000002,6452.640000000002,6453.160000000002,151
2026-07-07T11:45:00+00:00,6453.160000000002,6454.660000000002,6444.660000000002,6450.660000000002,268
2026-07-07T12:00:00+00:00,6450.660000000002,6452.660000000002,6446.640000000002,6451.1500000000015,187
2026-07-07T12:15:00+00:00,6451.1500000000015,6460.660000000002,6450.640000000002,6459.660000000002,144
2026-07-07T12:30:00+00:00,6459.660000000002,6462.660000000002,6455.640000000002,6458.1500000000015,146
2026-07-07T12:45:00+00:00,6458.1500000000015,6458.660000000002,6452.640000000002,6456.6500000000015,102
2026-07-07T13:00:00+00:00,6456.6500000000015,6456.6500000000015,6449.640000000002,6453.660000000002,156
2026-07-07T13:15:00+00:00,6453.660000000002,6455.660000000002,6450.640000000002,6451.660000000002,195
2026-07-07T13:30:00+00:00,6451.660000000002,6457.660000000002,6445.6500000000015,6452.660000000002,526
2026-07-07T13:45:00+00:00,6452.660000000002,6454.660000000002,6431.640000000002,6436.640000000002,484
2026-07-07T14:00:00+00:00,6436.640000000002,6437.660000000002,6420.660000000002,6421.660000000002,603
2026-07-07T14:15:00+00:00,6421.660000000002,6429.660000000002,6419.640000000002,6427.140000000002,625
2026-07-07T14:30:00+00:00,6427.140000000002,6428.660000000002,6419.1500000000015,6420.1500000000015,517
2026-07-07T14:45:00+00:00,6420.1500000000015,6426.660000000002,6419.140000000002,6425.1500000000015,487
2026-07-07T15:00:00+00:00,6425.1500000000015,6425.1500000000015,6415.640000000002,6416.140000000002,388
2026-07-07T15:15:00+00:00,6416.140000000002,6419.660000000002,6413.640000000002,6419.640000000002,243
2026-07-07T15:30:00+00:00,6419.640000000002,6420.660000000002,6407.640000000002,6412.660000000002,364
2026-07-07T15:45:00+00:00,6412.660000000002,6422.660000000002,6412.660000000002,6419.640000000002,270
2026-07-07T16:00:00+00:00,6419.640000000002,6426.6500000000015,6419.640000000002,6425.6500000000015,212
2026-07-07T16:15:00+00:00,6425.6500000000015,6432.660000000002,6423.6500000000015,6430.640000000002,214
2026-07-07T16:30:00+00:00,6430.640000000002,6432.660000000002,6425.640000000002,6429.1500000000015,231
2026-07-07T16:45:00+00:00,6429.1500000000015,6431.660000000002,6428.6500000000015,6430.6500000000015,134.70769802900708
2026-07-07T17:00:00+00:00,6430.6500000000015,6433.660000000002,6430.640000000002,6431.140000000002,70
2026-07-07T17:15:00+00:00,6431.140000000002,6431.6500000000015,6426.6500000000015,6429.660000000002,69
2026-07-07T17:30:00+00:00,6429.660000000002,6433.660000000002,6429.640000000002,6433.1500000000015,95
2026-07-07T17:45:00+00:00,6433.1500000000015,6433.660000000002,6431.640000000002,6433.6500000000015,69
2026-07-07T18:00:00+00:00,6433.6500000000015,6434.6500000000015,6431.6500000000015,6433.1500000000015,80
2026-07-07T18:15:00+00:00,6433.1500000000015,6434.6500000000015,6432.640000000002,6432.660000000002,138
2026-07-07T18:30:00+00:00,6432.660000000002,6433.6500000000015,6427.6500000000015,6429.640000000002,174
2026-07-07T18:45:00+00:00,6429.640000000002,6430.660000000002,6416.640000000002,6417.660000000002,578.5960410557185
2026-07-07T19:00:00+00:00,6417.660000000002,6418.6500000000015,6404.6500000000015,6406.6500000000015,484
2026-07-07T19:15:00+00:00,6406.6500000000015,6408.160000000002,6395.6500000000015,6406.660000000002,414
2026-07-07T19:30:00+00:00,6406.660000000002,6410.6500000000015,6406.640000000002,6408.6500000000015,371
2026-07-07T19:45:00+00:00,6408.6500000000015,6416.710000000002,6407.140000000002,6416.190000000001,427
2026-07-08T06:00:00+00:00,6416.190000000001,6416.190000000001,6386.850000000001,6388.350000000001,278.1261425959781
2026-07-08T06:15:00+00:00,6388.350000000001,6394.850000000001,6388.340000000002,6388.8600000000015,148
2026-07-08T06:30:00+00:00,6388.8600000000015,6390.3600000000015,6379.350000000001,6379.840000000002,151
2026-07-08T06:45:00+00:00,6379.840000000002,6385.8600000000015,6375.840000000002,6385.8600000000015,330
2026-07-08T07:00:00+00:00,6385.8600000000015,6385.8600000000015,6350.840000000002,6358.340000000002,1189
2026-07-08T07:15:00+00:00,6358.340000000002,6363.850000000001,6347.840000000002,6361.840000000002,803
2026-07-08T07:30:00+00:00,6361.840000000002,6367.8600000000015,6357.840000000002,6363.850000000001,537
2026-07-08T07:45:00+00:00,6363.850000000001,6367.8600000000015,6356.340000000002,6356.840000000002,407
2026-07-08T08:00:00+00:00,6356.840000000002,6360.8600000000015,6348.850000000001,6352.8600000000015,508
2026-07-08T08:15:00+00:00,6352.8600000000015,6354.850000000001,6302.850000000001,6303.3600000000015,2945
2026-07-08T08:30:00+00:00,6303.3600000000015,6304.8600000000015,6285.8600000000015,6288.8600000000015,1557
2026-07-08T08:45:00+00:00,6288.8600000000015,6292.840000000002,6279.840000000002,6281.3600000000015,921
2026-07-08T09:00:00+00:00,6281.3600000000015,6283.850000000001,6265.3600000000015,6265.840000000002,750
2026-07-08T09:15:00+00:00,6265.840000000002,6272.8600000000015,6263.850000000001,6271.3600000000015,945
2026-07-08T09:30:00+00:00,6271.3600000000015,6284.8600000000015,6265.340000000002,6274.850000000001,790
2026-07-08T09:45:00+00:00,6274.850000000001,6278.840000000002,6267.840000000002,6268.8600000000015,455
2026-07-08T10:00:00+00:00,6268.8600000000015,6271.3600000000015,6263.8600000000015,6269.340000000002,485
2026-07-08T10:15:00+00:00,6269.340000000002,6277.850000000001,6267.840000000002,6274.8600000000015,464
2026-07-08T10:30:00+00:00,6274.8600000000015,6291.8600000000015,6271.840000000002,6290.350000000001,643
2026-07-08T10:45:00+00:00,6290.350000000001,6291.8600000000015,6281.840000000002,6285.340000000002,456
2026-07-08T11:00:00+00:00,6285.340000000002,6290.3600000000015,6280.840000000002,6286.8600000000015,371
2026-07-08T11:15:00+00:00,6286.8600000000015,6288.3600000000015,6279.8600000000015,6284.3600000000015,241
2026-07-08T11:30:00+00:00,6284.3600000000015,6320.850000000001,6281.840000000002,6302.840000000002,946
2026-07-08T11:45:00+00:00,6302.840000000002,6305.8600000000015,6295.840000000002,6297.850000000001,646
2026-07-08T12:00:00+00:00,6297.850000000001,6311.850000000001,6290.840000000002,6307.350000000001,520
2026-07-08T12:15:00+00:00,6307.350000000001,6310.8600000000015,6300.840000000002,6308.3600000000015,381
2026-07-08T12:30:00+00:00,6308.3600000000015,6313.850000000001,6304.840000000002,6310.3600000000015,290
2026-07-08T12:45:00+00:00,6310.3600000000015,6317.840000000002,6300.8600000000015,6301.850000000001,627
2026-07-08T13:00:00+00:00,6301.850000000001,6318.3600000000015,6299.850000000001,6316.3600000000015,511
2026-07-08T13:15:00+00:00,6316.3600000000015,6316.8600000000015,6299.850000000001,6301.850000000001,494
2026-07-08T13:30:00+00:00,6301.850000000001,6320.8600000000015,6301.840000000002,6317.8600000000015,1489
2026-07-08T13:45:00+00:00,6317.8600000000015,6325.850000000001,6314.340000000002,6319.8600000000015,818
2026-07-08T14:00:00+00:00,6319.8600000000015,6323.8600000000015,6310.840000000002,6312.340000000002,1281
2026-07-08T14:15:00+00:00,6312.340000000002,6318.850000000001,6303.850000000001,6306.840000000002,1151
2026-07-08T14:30:00+00:00,6306.840000000002,6308.8600000000015,6296.840000000002,6300.8600000000015,910
2026-07-08T14:45:00+00:00,6300.8600000000015,6301.840000000002,6292.840000000002,6299.840000000002,1058.5415115225924
2026-07-08T15:00:00+00:00,6299.840000000002,6300.820000000002,6279.820000000002,6282.330000000002,678
2026-07-08T15:15:00+00:00,6282.330000000002,6284.830000000002,6270.820000000002,6275.340000000002,481
2026-07-08T15:30:00+00:00,6275.340000000002,6293.340000000002,6274.820000000002,6291.340000000002,586
2026-07-08T15:45:00+00:00,6291.340000000002,6291.340000000002,6281.830000000002,6286.340000000002,313
2026-07-08T16:00:00+00:00,6286.340000000002,6303.840000000002,6285.340000000002,6302.840000000002,332
2026-07-08T16:15:00+00:00,6302.840000000002,6312.840000000002,6301.820000000002,6310.830000000002,385
2026-07-08T16:30:00+00:00,6310.830000000002,6323.840000000002,6305.820000000002,6321.830000000002,890
2026-07-08T16:45:00+00:00,6321.830000000002,6326.830000000002,6319.820000000002,6326.320000000002,287
2026-07-08T17:00:00+00:00,6326.320000000002,6327.330000000002,6319.320000000002,6319.320000000002,263
2026-07-08T17:15:00+00:00,6319.320000000002,6328.320000000002,6317.820000000002,6325.820000000002,203
2026-07-08T17:30:00+00:00,6325.820000000002,6327.830000000002,6321.820000000002,6321.830000000002,145
2026-07-08T17:45:00+00:00,6321.830000000002,6322.830000000002,6316.340000000002,6318.820000000002,157
2026-07-08T18:00:00+00:00,6318.820000000002,6329.820000000002,6316.330000000002,6327.820000000002,446
2026-07-08T18:15:00+00:00,6327.820000000002,6327.840000000002,6323.820000000002,6324.830000000002,304
2026-07-08T18:30:00+00:00,6324.830000000002,6326.830000000002,6320.330000000002,6325.340000000002,183
2026-07-08T18:45:00+00:00,6325.340000000002,6325.840000000002,6321.320000000002,6323.820000000002,213
2026-07-08T19:00:00+00:00,6323.820000000002,6326.840000000002,6322.820000000002,6324.820000000002,190
2026-07-08T19:15:00+00:00,6324.820000000002,6326.840000000002,6324.320000000002,6325.830000000002,210
2026-07-08T19:30:00+00:00,6325.830000000002,6326.840000000002,6321.820000000002,6324.840000000002,252
2026-07-08T19:45:00+00:00,6324.840000000002,6331.840000000002,6317.820000000002,6329.880000000002,483
2026-07-09T06:00:00+00:00,6329.880000000002,6351.350000000002,6329.380000000002,6349.340000000002,207.98305084745763
2026-07-09T06:15:00+00:00,6349.340000000002,6355.350000000002,6349.330000000002,6350.330000000002,158
2026-07-09T06:30:00+00:00,6350.330000000002,6352.350000000002,6347.340000000002,6349.350000000002,176.88856476079346
2026-07-09T06:45:00+00:00,6349.350000000002,6349.350000000002,6340.830000000002,6340.830000000002,144
2026-07-09T07:00:00+00:00,6340.830000000002,6350.350000000002,6332.330000000002,6339.840000000002,725
2026-07-09T07:15:00+00:00,6339.840000000002,6342.350000000002,6330.350000000002,6333.340000000002,390
2026-07-09T07:30:00+00:00,6333.340000000002,6344.850000000002,6332.330000000002,6344.340000000002,311
2026-07-09T07:45:00+00:00,6344.340000000002,6346.350000000002,6330.330000000002,6334.350000000002,272
2026-07-09T08:00:00+00:00,6334.350000000002,6342.840000000002,6331.350000000002,6337.850000000002,306
2026-07-09T08:15:00+00:00,6337.850000000002,6340.350000000002,6328.340000000002,6330.840000000002,269
2026-07-09T08:30:00+00:00,6330.840000000002,6331.340000000002,6320.330000000002,6325.350000000002,315
2026-07-09T08:45:00+00:00,6325.350000000002,6329.350000000002,6319.330000000002,6323.330000000002,309
2026-07-09T09:00:00+00:00,6323.330000000002,6325.330000000002,6319.340000000002,6323.830000000002,272
2026-07-09T09:15:00+00:00,6323.830000000002,6326.330000000002,6321.330000000002,6322.350000000002,276
2026-07-09T09:30:00+00:00,6322.350000000002,6323.330000000002,6311.330000000002,6315.350000000002,327
2026-07-09T09:45:00+00:00,6315.350000000002,6326.350000000002,6315.340000000002,6325.350000000002,174
2026-07-09T10:00:00+00:00,6325.350000000002,6327.340000000002,6322.350000000002,6325.350000000002,185
2026-07-09T10:15:00+00:00,6325.350000000002,6330.350000000002,6323.840000000002,6325.340000000002,204
2026-07-09T10:30:00+00:00,6325.340000000002,6325.350000000002,6318.340000000002,6321.340000000002,242
2026-07-09T10:45:00+00:00,6321.340000000002,6321.350000000002,6310.330000000002,6318.850000000002,504
2026-07-09T11:00:00+00:00,6318.850000000002,6327.350000000002,6316.330000000002,6327.350000000002,303
2026-07-09T11:15:00+00:00,6327.350000000002,6327.350000000002,6318.330000000002,6321.330000000002,295
2026-07-09T11:30:00+00:00,6321.330000000002,6329.350000000002,6318.840000000002,6328.830000000002,242
2026-07-09T11:45:00+00:00,6328.830000000002,6335.840000000002,6327.340000000002,6333.340000000002,134
2026-07-09T12:00:00+00:00,6333.340000000002,6337.350000000002,6330.330000000002,6336.340000000002,233
2026-07-09T12:15:00+00:00,6336.340000000002,6339.350000000002,6333.330000000002,6338.350000000002,224
2026-07-09T12:30:00+00:00,6338.350000000002,6347.350000000002,6337.830000000002,6340.830000000002,263
2026-07-09T12:45:00+00:00,6340.830000000002,6343.350000000002,6336.330000000002,6341.850000000002,165
2026-07-09T13:00:00+00:00,6341.850000000002,6353.350000000002,6341.850000000002,6352.340000000002,146
2026-07-09T13:15:00+00:00,6352.340000000002,6354.350000000002,6349.330000000002,6353.350000000002,166
2026-07-09T13:30:00+00:00,6353.350000000002,6358.350000000002,6348.330000000002,6355.330000000002,661
2026-07-09T13:45:00+00:00,6355.330000000002,6364.350000000002,6355.330000000002,6358.850000000002,382
2026-07-09T14:00:00+00:00,6358.850000000002,6363.340000000002,6354.330000000002,6357.840000000002,506
2026-07-09T14:15:00+00:00,6357.840000000002,6357.840000000002,6346.330000000002,6354.830000000002,780
2026-07-09T14:30:00+00:00,6354.830000000002,6360.350000000002,6353.330000000002,6353.340000000002,478
2026-07-09T14:45:00+00:00,6353.340000000002,6359.350000000002,6351.330000000002,6359.340000000002,501
2026-07-09T15:00:00+00:00,6359.340000000002,6370.350000000002,6358.340000000002,6369.340000000002,237
2026-07-09T15:15:00+00:00,6369.340000000002,6370.830000000002,6362.330000000002,6364.830000000002,151
2026-07-09T15:30:00+00:00,6364.830000000002,6369.340000000002,6359.830000000002,6363.340000000002,299
2026-07-09T15:45:00+00:00,6363.340000000002,6365.330000000002,6359.330000000002,6362.850000000002,173
2026-07-09T16:00:00+00:00,6362.850000000002,6369.350000000002,6362.830000000002,6366.830000000002,79
2026-07-09T16:15:00+00:00,6366.830000000002,6367.350000000002,6364.340000000002,6365.340000000002,67.41463414634146
2026-07-09T16:30:00+00:00,6365.340000000002,6366.840000000002,6362.330000000002,6364.840000000002,83
2026-07-09T16:45:00+00:00,6364.840000000002,6366.350000000002,6363.330000000002,6364.330000000002,123
2026-07-09T17:00:00+00:00,6364.330000000002,6370.340000000002,6364.330000000002,6368.330000000002,112.99160943029969
2026-07-09T17:15:00+00:00,6368.330000000002,6371.350000000002,6367.350000000002,6371.350000000002,59
2026-07-09T17:30:00+00:00,6371.350000000002,6373.350000000002,6370.350000000002,6372.340000000002,56
2026-07-09T17:45:00+00:00,6372.340000000002,6376.350000000002,6370.330000000002,6373.340000000002,88.2632944228275
2026-07-09T18:00:00+00:00,6373.340000000002,6374.840000000002,6371.330000000002,6372.350000000002,59.173661360347324
2026-07-09T18:15:00+00:00,6372.350000000002,6372.350000000002,6364.330000000002,6364.830000000002,61
2026-07-09T18:30:00+00:00,6364.830000000002,6366.350000000002,6363.330000000002,6366.330000000002,81
2026-07-09T18:45:00+00:00,6366.330000000002,6366.330000000002,6362.330000000002,6365.350000000002,91.84023668639054
2026-07-09T19:00:00+00:00,6365.350000000002,6365.840000000002,6359.340000000002,6360.340000000002,52.640192539109506
2026-07-09T19:15:00+00:00,6360.340000000002,6363.330000000002,6359.830000000002,6361.340000000002,55.49446494464945
2026-07-09T19:30:00+00:00,6361.340000000002,6361.340000000002,6356.340000000002,6359.340000000002,113.60220318237454
2026-07-09T19:45:00+00:00,6359.340000000002,6362.390000000002,6354.340000000002,6361.900000000002,158
2026-07-10T06:00:00+00:00,6361.900000000002,6365.900000000002,6355.120000000003,6363.120000000003,173.9242053789731
2026-07-10T06:15:00+00:00,6363.120000000003,6367.140000000002,6359.130000000002,6360.130000000002,123
2026-07-10T06:30:00+00:00,6360.130000000002,6366.130000000002,6357.120000000003,6359.140000000002,108
2026-07-10T06:45:00+00:00,6359.140000000002,6363.640000000002,6358.120000000003,6360.120000000003,133
2026-07-10T07:00:00+00:00,6360.120000000003,6366.640000000002,6350.620000000003,6366.640000000002,711
2026-07-10T07:15:00+00:00,6366.640000000002,6371.140000000002,6362.130000000002,6367.640000000002,381
2026-07-10T07:30:00+00:00,6367.640000000002,6373.140000000002,6364.120000000003,6366.120000000003,280
2026-07-10T07:45:00+00:00,6366.120000000003,6366.130000000002,6350.120000000003,6357.620000000003,282
2026-07-10T08:00:00+00:00,6357.620000000003,6367.640000000002,6357.120000000003,6365.620000000003,308
2026-07-10T08:15:00+00:00,6365.620000000003,6366.140000000002,6354.130000000002,6357.630000000002,173
2026-07-10T08:30:00+00:00,6357.630000000002,6357.630000000002,6351.120000000003,6354.640000000002,187
2026-07-10T08:45:00+00:00,6354.640000000002,6354.640000000002,6345.630000000002,6349.140000000002,149
2026-07-10T09:00:00+00:00,6349.140000000002,6355.140000000002,6344.120000000003,6354.140000000002,330
2026-07-10T09:15:00+00:00,6354.140000000002,6362.130000000002,6353.130000000002,6356.120000000003,129
2026-07-10T09:30:00+00:00,6356.120000000003,6357.130000000002,6353.120000000003,6353.620000000003,156
2026-07-10T09:45:00+00:00,6353.620000000003,6364.130000000002,6353.620000000003,6357.640000000002,207
2026-07-10T10:00:00+00:00,6357.640000000002,6364.140000000002,6357.140000000002,6362.130000000002,156
2026-07-10T10:15:00+00:00,6362.130000000002,6366.120000000003,6360.120000000003,6365.140000000002,137
2026-07-10T10:30:00+00:00,6365.140000000002,6369.640000000002,6363.120000000003,6368.640000000002,156
2026-07-10T10:45:00+00:00,6368.640000000002,6369.130000000002,6360.130000000002,6362.640000000002,131
2026-07-10T11:00:00+00:00,6362.640000000002,6366.140000000002,6362.120000000003,6364.640000000002,197
2026-07-10T11:15:00+00:00,6364.640000000002,6367.140000000002,6361.120000000003,6361.140000000002,101
2026-07-10T11:30:00+00:00,6361.140000000002,6361.140000000002,6353.120000000003,6357.120000000003,142
2026-07-10T11:45:00+00:00,6357.120000000003,6360.140000000002,6353.130000000002,6356.120000000003,81
2026-07-10T12:00:00+00:00,6356.120000000003,6378.640000000002,6349.120000000003,6369.130000000002,540
2026-07-10T12:15:00+00:00,6369.130000000002,6369.140000000002,6360.120000000003,6360.640000000002,323
2026-07-10T12:30:00+00:00,6360.640000000002,6361.140000000002,6355.630000000002,6358.640000000002,152
2026-07-10T12:45:00+00:00,6358.640000000002,6362.140000000002,6357.120000000003,6358.640000000002,148
2026-07-10T13:00:00+00:00,6358.640000000002,6361.120000000003,6355.620000000003,6361.120000000003,138
2026-07-10T13:15:00+00:00,6361.120000000003,6363.140000000002,6359.120000000003,6361.630000000002,108.7483282674772
2026-07-10T13:30:00+00:00,6361.630000000002,6366.140000000002,6352.620000000003,6359.130000000002,597
2026-07-10T13:45:00+00:00,6359.130000000002,6368.140000000002,6359.120000000003,6359.130000000002,397
2026-07-10T14:00:00+00:00,6359.130000000002,6365.130000000002,6357.130000000002,6360.630000000002,393
2026-07-10T14:15:00+00:00,6360.630000000002,6364.140000000002,6358.640000000002,6359.620000000003,278
2026-07-10T14:30:00+00:00,6359.620000000003,6364.130000000002,6320.130000000002,6357.130000000002,2012
2026-07-10T14:45:00+00:00,6357.130000000002,6359.120000000003,6349.100000000003,6350.120000000003,350.0622295487327
2026-07-10T15:00:00+00:00,6350.120000000003,6351.620000000003,6343.600000000003,6346.110000000002,427
2026-07-10T15:15:00+00:00,6346.110000000002,6356.110000000002,6346.110000000002,6356.110000000002,290
2026-07-10T15:30:00+00:00,6356.110000000002,6357.620000000003,6348.600000000003,6349.620000000003,327
2026-07-10T15:45:00+00:00,6349.620000000003,6355.600000000003,6347.600000000003,6354.600000000003,279
2026-07-10T16:00:00+00:00,6354.600000000003,6359.610000000002,6354.600000000003,6358.620000000003,115
2026-07-10T16:15:00+00:00,6358.620000000003,6361.610000000002,6358.110000000002,6358.600000000003,83
2026-07-10T16:30:00+00:00,6358.600000000003,6361.110000000002,6356.600000000003,6360.600000000003,96
2026-07-10T16:45:00+00:00,6360.600000000003,6367.610000000002,6360.600000000003,6366.600000000003,59
2026-07-10T17:00:00+00:00,6366.600000000003,6368.100000000003,6364.620000000003,6367.100000000003,41.00091693100714
2026-07-10T17:15:00+00:00,6367.100000000003,6369.620000000003,6367.100000000003,6369.610000000002,50.11503747735346
2026-07-10T17:30:00+00:00,6369.610000000002,6371.620000000003,6369.610000000002,6371.620000000003,55
2026-07-10T17:45:00+00:00,6371.620000000003,6372.620000000003,6368.600000000003,6368.620000000003,40.34718117920025
2026-07-10T18:00:00+00:00,6368.620000000003,6371.120000000003,6368.100000000003,6368.600000000003,58
2026-07-10T18:15:00+00:00,6368.600000000003,6371.620000000003,6367.600000000003,6370.610000000002,98.82946272356143
2026-07-10T18:30:00+00:00,6370.610000000002,6372.620000000003,6369.600000000003,6369.600000000003,54.48212648945921
2026-07-10T18:45:00+00:00,6369.600000000003,6369.620000000003,6369.120000000003,6369.600000000003,21.391180852959714
2026-07-10T19:00:00+00:00,6369.600000000003,6371.120000000003,6368.610000000002,6369.600000000003,38.05408805031446
2026-07-10T19:15:00+00:00,6369.600000000003,6369.620000000003,6365.600000000003,6366.620000000003,46
2026-07-10T19:30:00+00:00,6366.620000000003,6370.620000000003,6365.610000000002,6365.610000000002,103
2026-07-10T19:45:00+00:00,6365.610000000002,6367.610000000002,6363.600000000003,6364.660000000003,115.18129496402878
2026-07-13T06:00:00+00:00,6364.660000000003,6369.660000000003,6303.330000000003,6305.350000000003,317.7243564356436
2026-07-13T06:15:00+00:00,6305.350000000003,6313.330000000003,6305.330000000003,6312.830000000003,375
2026-07-13T06:30:00+00:00,6312.830000000003,6314.350000000003,6309.330000000003,6314.340000000003,194
2026-07-13T06:45:00+00:00,6314.340000000003,6325.330000000003,6312.350000000003,6324.850000000003,164
2026-07-13T07:00:00+00:00,6324.850000000003,6352.850000000003,6324.830000000003,6352.830000000003,975
2026-07-13T07:15:00+00:00,6352.830000000003,6353.350000000003,6341.330000000003,6347.340000000003,503
2026-07-13T07:30:00+00:00,6347.340000000003,6350.350000000003,6338.330000000003,6343.840000000003,479
2026-07-13T07:45:00+00:00,6343.840000000003,6349.840000000003,6340.830000000003,6349.840000000003,416
2026-07-13T08:00:00+00:00,6349.840000000003,6355.830000000003,6346.340000000003,6353.340000000003,578
2026-07-13T08:15:00+00:00,6353.340000000003,6360.350000000003,6352.850000000003,6356.850000000003,401
2026-07-13T08:30:00+00:00,6356.850000000003,6363.350000000003,6356.850000000003,6363.340000000003,240
2026-07-13T08:45:00+00:00,6363.340000000003,6369.350000000003,6361.340000000003,6369.350000000003,212
2026-07-13T09:00:00+00:00,6369.350000000003,6371.330000000003,6360.330000000003,6361.340000000003,180
2026-07-13T09:15:00+00:00,6361.340000000003,6370.350000000003,6360.330000000003,6368.350000000003,166
2026-07-13T09:30:00+00:00,6368.350000000003,6372.350000000003,6367.830000000003,6372.340000000003,167
2026-07-13T09:45:00+00:00,6372.340000000003,6374.350000000003,6370.330000000003,6371.850000000003,131
2026-07-13T10:00:00+00:00,6371.850000000003,6372.850000000003,6364.330000000003,6365.840000000003,162
2026-07-13T10:15:00+00:00,6365.840000000003,6365.850000000003,6355.340000000003,6357.330000000003,122
2026-07-13T10:30:00+00:00,6357.330000000003,6364.340000000003,6354.850000000003,6362.850000000003,162
2026-07-13T10:45:00+00:00,6362.850000000003,6367.340000000003,6360.840000000003,6362.340000000003,203
2026-07-13T11:00:00+00:00,6362.340000000003,6369.850000000003,6362.340000000003,6365.330000000003,432
2026-07-13T11:15:00+00:00,6365.330000000003,6373.350000000003,6363.840000000003,6372.340000000003,127
2026-07-13T11:30:00+00:00,6372.340000000003,6375.830000000003,6370.330000000003,6372.350000000003,197
2026-07-13T11:45:00+00:00,6372.350000000003,6372.350000000003,6362.330000000003,6363.340000000003,175
2026-07-13T12:00:00+00:00,6363.340000000003,6366.350000000003,6354.330000000003,6355.840000000003,346
2026-07-13T12:15:00+00:00,6355.840000000003,6361.340000000003,6354.330000000003,6354.340000000003,249
2026-07-13T12:30:00+00:00,6354.340000000003,6354.850000000003,6347.340000000003,6351.350000000003,158
2026-07-13T12:45:00+00:00,6351.350000000003,6367.350000000003,6350.850000000003,6366.350000000003,193
2026-07-13T13:00:00+00:00,6366.350000000003,6369.350000000003,6361.330000000003,6362.340000000003,217
2026-07-13T13:15:00+00:00,6362.340000000003,6365.340000000003,6356.330000000003,6364.350000000003,177
2026-07-13T13:30:00+00:00,6364.350000000003,6366.350000000003,6359.330000000003,6362.340000000003,787
2026-07-13T13:45:00+00:00,6362.340000000003,6373.350000000003,6357.330000000003,6371.840000000003,782
2026-07-13T14:00:00+00:00,6371.840000000003,6374.340000000003,6359.330000000003,6364.840000000003,709
2026-07-13T14:15:00+00:00,6364.840000000003,6365.350000000003,6330.330000000003,6358.850000000003,2516
2026-07-13T14:30:00+00:00,6358.850000000003,6361.340000000003,6352.330000000003,6353.350000000003,638
2026-07-13T14:45:00+00:00,6353.350000000003,6365.350000000003,6350.830000000003,6365.350000000003,649
2026-07-13T15:00:00+00:00,6365.350000000003,6366.350000000003,6355.330000000003,6360.340000000003,363
2026-07-13T15:15:00+00:00,6360.340000000003,6361.850000000003,6354.330000000003,6358.850000000003,342
2026-07-13T15:30:00+00:00,6358.850000000003,6366.340000000003,6357.330000000003,6360.350000000003,324
2026-07-13T15:45:00+00:00,6360.350000000003,6361.350000000003,6354.330000000003,6355.350000000003,381
2026-07-13T16:00:00+00:00,6355.350000000003,6359.350000000003,6353.330000000003,6354.340000000003,318
2026-07-13T16:15:00+00:00,6354.340000000003,6355.350000000003,6342.340000000003,6344.340000000003,478
2026-07-13T16:30:00+00:00,6344.340000000003,6346.350000000003,6334.330000000003,6345.850000000003,666
2026-07-13T16:45:00+00:00,6345.850000000003,6348.350000000003,6336.330000000003,6340.340000000003,544
2026-07-13T17:00:00+00:00,6340.340000000003,6349.350000000003,6340.330000000003,6346.340000000003,210
2026-07-13T17:15:00+00:00,6346.340000000003,6347.350000000003,6341.330000000003,6342.330000000003,262
2026-07-13T17:30:00+00:00,6342.330000000003,6344.340000000003,6338.330000000003,6343.350000000003,202
2026-07-13T17:45:00+00:00,6343.350000000003,6345.350000000003,6332.330000000003,6332.330000000003,303
2026-07-13T18:00:00+00:00,6332.330000000003,6337.350000000003,6330.340000000003,6333.840000000003,305
2026-07-13T18:15:00+00:00,6333.840000000003,6335.350000000003,6326.340000000003,6328.830000000003,242
2026-07-13T18:30:00+00:00,6328.830000000003,6334.330000000003,6326.330000000003,6331.350000000003,276
2026-07-13T18:45:00+00:00,6331.350000000003,6335.350000000003,6329.350000000003,6333.350000000003,191
2026-07-13T19:00:00+00:00,6333.350000000003,6336.350000000003,6328.330000000003,6329.350000000003,187
2026-07-13T19:15:00+00:00,6329.350000000003,6329.350000000003,6322.350000000003,6324.340000000003,228.44009681323115
2026-07-13T19:30:00+00:00,6324.340000000003,6329.350000000003,6323.330000000003,6328.830000000003,349
2026-07-13T19:45:00+00:00,6328.830000000003,6334.350000000003,6328.330000000003,6332.380000000003,241
2026-07-14T06:00:00+00:00,6332.380000000003,6345.020000000002,6331.880000000003,6341.010000000003,197.93112173179645
2026-07-14T06:15:00+00:00,6341.010000000003,6343.020000000002,6328.010000000003,6329.020000000002,168.46946564885496
2026-07-14T06:30:00+00:00,6329.020000000002,6333.020000000002,6324.020000000002,6325.500000000003,197
2026-07-14T06:45:00+00:00,6325.500000000003,6326.010000000003,6316.500000000003,6317.020000000002,253
2026-07-14T07:00:00+00:00,6317.020000000002,6343.020000000002,6313.000000000003,6339.500000000003,1465
2026-07-14T07:15:00+00:00,6339.500000000003,6342.020000000002,6327.000000000003,6333.020000000002,832
2026-07-14T07:30:00+00:00,6333.020000000002,6334.020000000002,6317.010000000003,6317.510000000003,940
2026-07-14T07:45:00+00:00,6317.510000000003,6327.000000000003,6309.500000000003,6325.000000000003,823
2026-07-14T08:00:00+00:00,6325.000000000003,6333.020000000002,6316.000000000003,6324.010000000003,1015
2026-07-14T08:15:00+00:00,6324.010000000003,6329.020000000002,6320.000000000003,6328.000000000003,689
2026-07-14T08:30:00+00:00,6328.000000000003,6330.010000000003,6320.010000000003,6322.500000000003,511
2026-07-14T08:45:00+00:00,6322.500000000003,6324.020000000002,6314.010000000003,6317.020000000002,445
2026-07-14T09:00:00+00:00,6317.020000000002,6333.020000000002,6315.000000000003,6333.020000000002,509
2026-07-14T09:15:00+00:00,6333.020000000002,6333.020000000002,6324.000000000003,6326.010000000003,473
2026-07-14T09:30:00+00:00,6326.010000000003,6330.010000000003,6324.020000000002,6328.510000000003,338
2026-07-14T09:45:00+00:00,6328.510000000003,6339.020000000002,6328.000000000003,6334.500000000003,301
2026-07-14T10:00:00+00:00,6334.500000000003,6340.010000000003,6331.000000000003,6333.510000000003,205
2026-07-14T10:15:00+00:00,6333.510000000003,6337.010000000003,6331.000000000003,6332.500000000003,231
2026-07-14T10:30:00+00:00,6332.500000000003,6338.020000000002,6327.000000000003,6327.510000000003,743
2026-07-14T10:45:00+00:00,6327.510000000003,6329.510000000003,6320.500000000003,6326.510000000003,312
2026-07-14T11:00:00+00:00,6326.510000000003,6328.020000000002,6318.000000000003,6326.000000000003,891
2026-07-14T11:15:00+00:00,6326.000000000003,6339.020000000002,6325.500000000003,6336.010000000003,632
2026-07-14T11:30:00+00:00,6336.010000000003,6340.000000000003,6330.000000000003,6330.500000000003,589
2026-07-14T11:45:00+00:00,6330.500000000003,6335.010000000003,6328.020000000002,6332.020000000002,508
2026-07-14T12:00:00+00:00,6332.020000000002,6332.520000000002,6322.500000000003,6326.000000000003,571
2026-07-14T12:15:00+00:00,6326.000000000003,6337.020000000002,6324.000000000003,6336.510000000003,420
2026-07-14T12:30:00+00:00,6336.510000000003,6372.020000000002,6335.060000000002,6350.520000000002,1915
2026-07-14T12:45:00+00:00,6350.520000000002,6351.020000000002,6341.000000000003,6347.010000000003,838
2026-07-14T13:00:00+00:00,6347.010000000003,6361.010000000003,6345.000000000003,6359.520000000002,661
2026-07-14T13:15:00+00:00,6359.520000000002,6362.020000000002,6352.000000000003,6360.520000000002,490
2026-07-14T13:30:00+00:00,6360.520000000002,6374.020000000002,6357.000000000003,6373.020000000002,1688
2026-07-14T13:45:00+00:00,6373.020000000002,6380.020000000002,6371.000000000003,6379.020000000002,1023
2026-07-14T14:00:00+00:00,6379.020000000002,6379.020000000002,6361.020000000002,6365.510000000003,1289
2026-07-14T14:15:00+00:00,6365.510000000003,6375.000000000003,6356.010000000003,6371.020000000002,1442
2026-07-14T14:30:00+00:00,6371.020000000002,6398.520000000002,6368.000000000003,6377.500000000003,1928
2026-07-14T14:45:00+00:00,6377.500000000003,6378.000000000003,6367.000000000003,6373.010000000003,611
2026-07-14T15:00:00+00:00,6373.010000000003,6388.520000000002,6367.510000000003,6387.010000000003,1378
2026-07-14T15:15:00+00:00,6387.010000000003,6389.020000000002,6377.000000000003,6381.010000000003,399
2026-07-14T15:30:00+00:00,6381.010000000003,6388.010000000003,6368.000000000003,6373.000000000003,578
2026-07-14T15:45:00+00:00,6373.000000000003,6377.000000000003,6364.000000000003,6367.000000000003,500
2026-07-14T16:00:00+00:00,6367.000000000003,6370.020000000002,6363.000000000003,6369.520000000002,587
2026-07-14T16:15:00+00:00,6369.520000000002,6371.010000000003,6365.000000000003,6369.520000000002,428
2026-07-14T16:30:00+00:00,6369.520000000002,6370.020000000002,6366.000000000003,6369.000000000003,251
2026-07-14T16:45:00+00:00,6369.000000000003,6372.010000000003,6364.000000000003,6372.000000000003,279
2026-07-14T17:00:00+00:00,6372.000000000003,6374.520000000002,6370.000000000003,6373.010000000003,127
2026-07-14T17:15:00+00:00,6373.010000000003,6374.020000000002,6370.500000000003,6374.000000000003,136
2026-07-14T17:30:00+00:00,6374.000000000003,6375.020000000002,6369.000000000003,6371.020000000002,118
2026-07-14T17:45:00+00:00,6371.020000000002,6372.010000000003,6368.000000000003,6368.010000000003,92
2026-07-14T18:00:00+00:00,6368.010000000003,6370.020000000002,6365.000000000003,6369.010000000003,83.98724681170293
2026-07-14T18:15:00+00:00,6369.010000000003,6370.020000000002,6367.000000000003,6369.010000000003,71
2026-07-14T18:30:00+00:00,6369.010000000003,6369.020000000002,6360.000000000003,6365.000000000003,191
2026-07-14T18:45:00+00:00,6365.000000000003,6366.020000000002,6363.000000000003,6364.010000000003,116
2026-07-14T19:00:00+00:00,6364.010000000003,6364.020000000002,6359.000000000003,6361.500000000003,129
2026-07-14T19:15:00+00:00,6361.500000000003,6363.020000000002,6360.000000000003,6360.000000000003,165
2026-07-14T19:30:00+00:00,6360.000000000003,6360.510000000003,6355.500000000003,6358.010000000003,175
2026-07-14T19:45:00+00:00,6358.010000000003,6362.520000000002,6356.010000000003,6359.550000000003,281
2026-07-15T06:00:00+00:00,6359.550000000003,6393.580000000003,6358.550000000003,6388.360000000002,223.9556557141961
2026-07-15T06:15:00+00:00,6388.360000000002,6391.370000000003,6384.360000000002,6389.370000000003,159
2026-07-15T06:30:00+00:00,6389.370000000003,6391.380000000003,6384.370000000003,6390.360000000002,201
2026-07-15T06:45:00+00:00,6390.360000000002,6396.380000000003,6390.360000000002,6395.870000000003,366
2026-07-15T07:00:00+00:00,6395.870000000003,6397.360000000002,6377.360000000002,6380.870000000003,1068
2026-07-15T07:15:00+00:00,6380.870000000003,6386.370000000003,6362.360000000002,6366.880000000003,618
2026-07-15T07:30:00+00:00,6366.880000000003,6381.360000000002,6363.360000000002,6380.860000000002,623
2026-07-15T07:45:00+00:00,6380.860000000002,6386.380000000003,6374.380000000003,6381.380000000003,329
2026-07-15T08:00:00+00:00,6381.380000000003,6383.380000000003,6374.370000000003,6379.880000000003,342
2026-07-15T08:15:00+00:00,6379.880000000003,6384.380000000003,6371.370000000003,6384.380000000003,458
2026-07-15T08:30:00+00:00,6384.380000000003,6385.870000000003,6378.360000000002,6379.380000000003,365
2026-07-15T08:45:00+00:00,6379.380000000003,6386.380000000003,6378.370000000003,6383.370000000003,237
2026-07-15T09:00:00+00:00,6383.370000000003,6395.380000000003,6382.370000000003,6395.370000000003,280
2026-07-15T09:15:00+00:00,6395.370000000003,6395.380000000003,6389.370000000003,6389.860000000002,152
2026-07-15T09:30:00+00:00,6389.860000000002,6390.380000000003,6380.860000000002,6385.860000000002,188
2026-07-15T09:45:00+00:00,6385.860000000002,6387.370000000003,6372.860000000002,6374.360000000002,172
2026-07-15T10:00:00+00:00,6374.360000000002,6383.380000000003,6373.370000000003,6379.360000000002,154
2026-07-15T10:15:00+00:00,6379.360000000002,6382.380000000003,6369.870000000003,6371.370000000003,324
2026-07-15T10:30:00+00:00,6371.370000000003,6374.880000000003,6367.380000000003,6369.380000000003,321
2026-07-15T10:45:00+00:00,6369.380000000003,6373.380000000003,6368.360000000002,6368.880000000003,236
2026-07-15T11:00:00+00:00,6368.880000000003,6372.380000000003,6361.360000000002,6365.360000000002,246
2026-07-15T11:15:00+00:00,6365.360000000002,6369.360000000002,6363.380000000003,6364.370000000003,177
2026-07-15T11:30:00+00:00,6364.370000000003,6377.370000000003,6363.360000000002,6376.370000000003,128
2026-07-15T11:45:00+00:00,6376.370000000003,6378.880000000003,6372.360000000002,6376.360000000002,225
2026-07-15T12:00:00+00:00,6376.360000000002,6379.380000000003,6370.370000000003,6377.880000000003,245
2026-07-15T12:15:00+00:00,6377.880000000003,6381.360000000002,6373.370000000003,6374.360000000002,145
2026-07-15T12:30:00+00:00,6374.360000000002,6383.380000000003,6374.360000000002,6382.370000000003,440
2026-07-15T12:45:00+00:00,6382.370000000003,6387.360000000002,6381.360000000002,6383.880000000003,232
2026-07-15T13:00:00+00:00,6383.880000000003,6389.370000000003,6375.360000000002,6375.860000000002,250
2026-07-15T13:15:00+00:00,6375.860000000002,6384.870000000003,6373.370000000003,6381.880000000003,288
2026-07-15T13:30:00+00:00,6381.880000000003,6385.880000000003,6361.360000000002,6362.380000000003,1140
2026-07-15T13:45:00+00:00,6362.380000000003,6383.380000000003,6358.380000000003,6376.380000000003,945
2026-07-15T14:00:00+00:00,6376.380000000003,6379.360000000002,6371.360000000002,6377.370000000003,609
2026-07-15T14:15:00+00:00,6377.370000000003,6379.380000000003,6369.360000000002,6374.880000000003,733
2026-07-15T14:30:00+00:00,6374.880000000003,6378.380000000003,6364.370000000003,6367.860000000002,827
2026-07-15T14:45:00+00:00,6367.860000000002,6374.870000000003,6361.360000000002,6374.870000000003,502.1992900608519
2026-07-15T15:00:00+00:00,6374.870000000003,6375.850000000002,6364.870000000003,6364.870000000003,546
2026-07-15T15:15:00+00:00,6364.870000000003,6368.870000000003,6359.860000000002,6366.360000000002,456
2026-07-15T15:30:00+00:00,6366.360000000002,6375.370000000003,6363.850000000002,6365.370000000003,512
2026-07-15T15:45:00+00:00,6365.370000000003,6365.370000000003,6359.850000000002,6360.360000000002,257
2026-07-15T16:00:00+00:00,6360.360000000002,6360.870000000003,6344.860000000002,6345.870000000003,454
2026-07-15T16:15:00+00:00,6345.870000000003,6346.860000000002,6340.850000000002,6345.870000000003,174
2026-07-15T16:30:00+00:00,6345.870000000003,6347.870000000003,6336.360000000002,6342.360000000002,236
2026-07-15T16:45:00+00:00,6342.360000000002,6355.860000000002,6341.850000000002,6351.870000000003,515
2026-07-15T17:00:00+00:00,6351.870000000003,6357.870000000003,6351.850000000002,6356.350000000002,170
2026-07-15T17:15:00+00:00,6356.350000000002,6365.850000000002,6354.860000000002,6365.850000000002,109
2026-07-15T17:30:00+00:00,6365.850000000002,6374.370000000003,6365.850000000002,6372.350000000002,106
2026-07-15T17:45:00+00:00,6372.350000000002,6376.870000000003,6371.850000000002,6373.850000000002,109.58945686900958
2026-07-15T18:00:00+00:00,6373.850000000002,6377.870000000003,6372.870000000003,6377.860000000002,133.75331338178708
2026-07-15T18:15:00+00:00,6377.860000000002,6378.870000000003,6375.850000000002,6376.850000000002,58
2026-07-15T18:30:00+00:00,6376.850000000002,6378.850000000002,6374.850000000002,6375.850000000002,45
2026-07-15T18:45:00+00:00,6375.850000000002,6375.850000000002,6369.870000000003,6370.850000000002,102
2026-07-15T19:00:00+00:00,6370.850000000002,6376.860000000002,6368.870000000003,6375.850000000002,122
2026-07-15T19:15:00+00:00,6375.850000000002,6376.870000000003,6368.850000000002,6371.860000000002,147
2026-07-15T19:30:00+00:00,6371.860000000002,6374.870000000003,6367.350000000002,6373.850000000002,251
2026-07-15T19:45:00+00:00,6373.850000000002,6379.920000000003,6370.850000000002,6379.920000000003,179
2026-07-16T06:00:00+00:00,6379.920000000003,6389.480000000002,6377.970000000003,6389.470000000003,653.6578467153284
2026-07-16T06:15:00+00:00,6389.470000000003,6400.460000000003,6388.960000000003,6397.980000000002,481
2026-07-16T06:30:00+00:00,6397.980000000002,6397.980000000002,6386.980000000002,6389.970000000003,177
2026-07-16T06:45:00+00:00,6389.970000000003,6395.480000000002,6386.960000000003,6392.960000000003,223
2026-07-16T07:00:00+00:00,6392.960000000003,6394.480000000002,6369.480000000002,6370.480000000002,798
2026-07-16T07:15:00+00:00,6370.480000000002,6372.480000000002,6361.460000000003,6368.480000000002,375
2026-07-16T07:30:00+00:00,6368.480000000002,6371.460000000003,6353.480000000002,6355.460000000003,496
2026-07-16T07:45:00+00:00,6355.460000000003,6356.480000000002,6342.460000000003,6346.970000000003,388
2026-07-16T08:00:00+00:00,6346.970000000003,6353.480000000002,6340.460000000003,6340.460000000003,491
2026-07-16T08:15:00+00:00,6340.460000000003,6354.470000000003,6338.960000000003,6352.980000000002,627
2026-07-16T08:30:00+00:00,6352.980000000002,6360.470000000003,6351.470000000003,6354.470000000003,374
2026-07-16T08:45:00+00:00,6354.470000000003,6362.980000000002,6354.470000000003,6360.960000000003,403
2026-07-16T09:00:00+00:00,6360.960000000003,6371.460000000003,6360.460000000003,6368.980000000002,387
2026-07-16T09:15:00+00:00,6368.980000000002,6372.460000000003,6355.460000000003,6355.970000000003,182
2026-07-16T09:30:00+00:00,6355.970000000003,6361.460000000003,6352.460000000003,6352.960000000003,273
2026-07-16T09:45:00+00:00,6352.960000000003,6352.960000000003,6346.460000000003,6350.480000000002,199
2026-07-16T10:00:00+00:00,6350.480000000002,6351.970000000003,6344.470000000003,6345.470000000003,240
2026-07-16T10:15:00+00:00,6345.470000000003,6346.480000000002,6337.470000000003,6344.470000000003,244
2026-07-16T10:30:00+00:00,6344.470000000003,6347.480000000002,6341.460000000003,6344.470000000003,378
2026-07-16T10:45:00+00:00,6344.470000000003,6346.980000000002,6342.460000000003,6343.480000000002,259
2026-07-16T11:00:00+00:00,6343.480000000002,6344.480000000002,6334.460000000003,6335.480000000002,357
2026-07-16T11:15:00+00:00,6335.480000000002,6339.470000000003,6329.460000000003,6333.470000000003,293
2026-07-16T11:30:00+00:00,6333.470000000003,6334.460000000003,6327.460000000003,6330.470000000003,274
2026-07-16T11:45:00+00:00,6330.470000000003,6331.970000000003,6306.960000000003,6329.470000000003,1088
2026-07-16T12:00:00+00:00,6329.470000000003,6334.980000000002,6323.480000000002,6326.970000000003,417
2026-07-16T12:15:00+00:00,6326.970000000003,6328.470000000003,6314.470000000003,6318.960000000003,571
2026-07-16T12:30:00+00:00,6318.960000000003,6320.480000000002,6313.460000000003,6314.460000000003,447
2026-07-16T12:45:00+00:00,6314.460000000003,6326.970000000003,6313.460000000003,6320.470000000003,288
2026-07-16T13:00:00+00:00,6320.470000000003,6333.480000000002,6318.480000000002,6333.460000000003,267
2026-07-16T13:15:00+00:00,6333.460000000003,6334.480000000002,6327.960000000003,6332.980000000002,183
2026-07-16T13:30:00+00:00,6332.980000000002,6340.980000000002,6332.460000000003,6336.480000000002,888
2026-07-16T13:45:00+00:00,6336.480000000002,6345.460000000003,6328.460000000003,6343.470000000003,973
2026-07-16T14:00:00+00:00,6343.470000000003,6360.480000000002,6342.960000000003,6356.980000000002,747
2026-07-16T14:15:00+00:00,6356.980000000002,6357.480000000002,6345.470000000003,6352.980000000002,453
2026-07-16T14:30:00+00:00,6352.980000000002,6354.480000000002,6349.460000000003,6353.470000000003,354
2026-07-16T14:45:00+00:00,6353.470000000003,6362.480000000002,6351.460000000003,6361.460000000003,428
2026-07-16T15:00:00+00:00,6361.460000000003,6367.480000000002,6360.460000000003,6367.480000000002,362
2026-07-16T15:15:00+00:00,6367.480000000002,6374.480000000002,6364.470000000003,6371.980000000002,293
2026-07-16T15:30:00+00:00,6371.980000000002,6389.460000000003,6369.470000000003,6384.480000000002,383
2026-07-16T15:45:00+00:00,6384.480000000002,6385.980000000002,6376.470000000003,6377.980000000002,236
2026-07-16T16:00:00+00:00,6377.980000000002,6377.980000000002,6367.460000000003,6367.960000000003,339
2026-07-16T16:15:00+00:00,6367.960000000003,6371.470000000003,6361.460000000003,6365.460000000003,479
2026-07-16T16:30:00+00:00,6365.460000000003,6369.980000000002,6364.970000000003,6368.480000000002,361
2026-07-16T16:45:00+00:00,6368.480000000002,6377.480000000002,6365.460000000003,6376.970000000003,192
2026-07-16T17:00:00+00:00,6376.970000000003,6376.980000000002,6371.460000000003,6372.470000000003,123
2026-07-16T17:15:00+00:00,6372.470000000003,6375.980000000002,6370.480000000002,6375.480000000002,181
2026-07-16T17:30:00+00:00,6375.480000000002,6375.980000000002,6365.460000000003,6367.460000000003,148
2026-07-16T17:45:00+00:00,6367.460000000003,6369.480000000002,6364.960000000003,6366.470000000003,108
2026-07-16T18:00:00+00:00,6366.470000000003,6367.470000000003,6360.460000000003,6363.470000000003,233
2026-07-16T18:15:00+00:00,6363.470000000003,6371.480000000002,6361.470000000003,6368.470000000003,205
2026-07-16T18:30:00+00:00,6368.470000000003,6368.470000000003,6360.480000000002,6364.970000000003,255
2026-07-16T18:45:00+00:00,6364.970000000003,6366.470000000003,6361.460000000003,6362.480000000002,170
2026-07-16T19:00:00+00:00,6362.480000000002,6365.480000000002,6360.460000000003,6360.960000000003,246
2026-07-16T19:15:00+00:00,6360.960000000003,6364.480000000002,6358.460000000003,6360.460000000003,192
2026-07-16T19:30:00+00:00,6360.460000000003,6360.480000000002,6353.460000000003,6358.460000000003,318
2026-07-16T19:45:00+00:00,6358.460000000003,6363.480000000002,6349.460000000003,6362.520000000002,391
2026-07-17T06:00:00+00:00,6362.520000000002,6365.520000000002,6312.680000000003,6317.190000000002,333.90212924915954
2026-07-17T06:15:00+00:00,6317.190000000002,6334.700000000003,6315.690000000002,6332.680000000003,302
2026-07-17T06:30:00+00:00,6332.680000000003,6335.690000000002,6326.680000000003,6329.190000000002,235
2026-07-17T06:45:00+00:00,6329.190000000002,6329.700000000003,6323.680000000003,6327.180000000003,292
2026-07-17T07:00:00+00:00,6327.180000000003,6331.680000000003,6318.680000000003,6329.690000000002,973
2026-07-17T07:15:00+00:00,6329.690000000002,6341.700000000003,6329.680000000003,6340.680000000003,527
2026-07-17T07:30:00+00:00,6340.680000000003,6343.190000000002,6335.680000000003,6342.180000000003,402
2026-07-17T07:45:00+00:00,6342.180000000003,6343.700000000003,6334.690000000002,6336.200000000003,285
2026-07-17T08:00:00+00:00,6336.200000000003,6346.700000000003,6325.680000000003,6333.690000000002,643
2026-07-17T08:15:00+00:00,6333.690000000002,6333.700000000003,6315.680000000003,6319.190000000002,997
2026-07-17T08:30:00+00:00,6319.190000000002,6321.700000000003,6306.200000000003,6318.700000000003,711
2026-07-17T08:45:00+00:00,6318.700000000003,6323.200000000003,6315.680000000003,6318.680000000003,442
2026-07-17T09:00:00+00:00,6318.680000000003,6318.700000000003,6307.180000000003,6316.680000000003,514
2026-07-17T09:15:00+00:00,6316.680000000003,6320.680000000003,6309.180000000003,6320.680000000003,384
2026-07-17T09:30:00+00:00,6320.680000000003,6321.190000000002,6304.180000000003,6305.180000000003,384
2026-07-17T09:45:00+00:00,6305.180000000003,6315.200000000003,6303.680000000003,6315.200000000003,381
2026-07-17T10:00:00+00:00,6315.200000000003,6325.700000000003,6311.190000000002,6325.700000000003,415
2026-07-17T10:15:00+00:00,6325.700000000003,6332.180000000003,6324.680000000003,6330.690000000002,377
2026-07-17T10:30:00+00:00,6330.690000000002,6343.690000000002,6330.680000000003,6338.680000000003,251
2026-07-17T10:45:00+00:00,6338.680000000003,6342.700000000003,6333.680000000003,6333.680000000003,183
2026-07-17T11:00:00+00:00,6333.680000000003,6337.700000000003,6323.680000000003,6324.690000000002,318
2026-07-17T11:15:00+00:00,6324.690000000002,6329.690000000002,6322.680000000003,6323.190000000002,212
2026-07-17T11:30:00+00:00,6323.190000000002,6330.700000000003,6321.680000000003,6326.200000000003,222
2026-07-17T11:45:00+00:00,6326.200000000003,6334.180000000003,6325.690000000002,6332.680000000003,168
2026-07-17T12:00:00+00:00,6332.680000000003,6334.690000000002,6319.700000000003,6322.200000000003,256
2026-07-17T12:15:00+00:00,6322.200000000003,6326.700000000003,6319.180000000003,6323.690000000002,126
2026-07-17T12:30:00+00:00,6323.690000000002,6332.200000000003,6322.180000000003,6331.690000000002,215
2026-07-17T12:45:00+00:00,6331.690000000002,6333.700000000003,6322.680000000003,6322.680000000003,160
2026-07-17T13:00:00+00:00,6322.680000000003,6322.690000000002,6304.680000000003,6305.680000000003,352
2026-07-17T13:15:00+00:00,6305.680000000003,6309.700000000003,6299.680000000003,6306.680000000003,518
2026-07-17T13:30:00+00:00,6306.680000000003,6311.700000000003,6297.680000000003,6304.690000000002,1314
2026-07-17T13:45:00+00:00,6304.690000000002,6323.700000000003,6304.680000000003,6323.700000000003,1465
2026-07-17T14:00:00+00:00,6323.700000000003,6325.700000000003,6314.690000000002,6317.700000000003,859
2026-07-17T14:15:00+00:00,6317.700000000003,6322.690000000002,6314.680000000003,6317.680000000003,720
2026-07-17T14:30:00+00:00,6317.680000000003,6323.700000000003,6312.180000000003,6318.190000000002,621
2026-07-17T14:45:00+00:00,6318.190000000002,6327.700000000003,6315.680000000003,6322.190000000002,650
2026-07-17T15:00:00+00:00,6322.190000000002,6323.700000000003,6315.690000000002,6319.680000000003,481
2026-07-17T15:15:00+00:00,6319.680000000003,6334.700000000003,6317.690000000002,6334.200000000003,363
2026-07-17T15:30:00+00:00,6334.200000000003,6342.700000000003,6326.700000000003,6337.700000000003,489
2026-07-17T15:45:00+00:00,6337.700000000003,6351.700000000003,6335.680000000003,6351.680000000003,274
2026-07-17T16:00:00+00:00,6351.680000000003,6352.690000000002,6338.680000000003,6347.200000000003,603
2026-07-17T16:15:00+00:00,6347.200000000003,6348.690000000002,6334.680000000003,6340.180000000003,358
2026-07-17T16:30:00+00:00,6340.180000000003,6343.700000000003,6336.680000000003,6343.700000000003,269
2026-07-17T16:45:00+00:00,6343.700000000003,6350.700000000003,6342.680000000003,6345.200000000003,357
2026-07-17T17:00:00+00:00,6345.200000000003,6353.700000000003,6344.690000000002,6350.180000000003,166
2026-07-17T17:15:00+00:00,6350.180000000003,6352.700000000003,6346.680000000003,6350.690000000002,194
2026-07-17T17:30:00+00:00,6350.690000000002,6350.690000000002,6339.680000000003,6341.700000000003,201
2026-07-17T17:45:00+00:00,6341.700000000003,6343.700000000003,6333.680000000003,6334.680000000003,213
2026-07-17T18:00:00+00:00,6334.680000000003,6337.700000000003,6331.680000000003,6332.690000000002,240
2026-07-17T18:15:00+00:00,6332.690000000002,6334.700000000003,6329.690000000002,6331.690000000002,251
2026-07-17T18:30:00+00:00,6331.690000000002,6336.200000000003,6325.700000000003,6327.700000000003,282
2026-07-17T18:45:00+00:00,6327.700000000003,6333.700000000003,6326.680000000003,6331.700000000003,250
2026-07-17T19:00:00+00:00,6331.700000000003,6332.200000000003,6322.680000000003,6322.680000000003,223
2026-07-17T19:15:00+00:00,6322.680000000003,6324.700000000003,6315.690000000002,6323.180000000003,309
2026-07-17T19:30:00+00:00,6323.180000000003,6333.190000000002,6323.180000000003,6332.680000000003,336
2026-07-17T19:45:00+00:00,6332.680000000003,6340.700000000003,6331.700000000003,6334.2400000000025,411
2026-07-20T06:00:00+00:00,6334.2400000000025,6335.2400000000025,6311.890000000003,6312.400000000002,259.6766516208453
2026-07-20T06:15:00+00:00,6312.400000000002,6316.900000000002,6310.890000000003,6313.400000000002,186
2026-07-20T06:30:00+00:00,6313.400000000002,6314.900000000002,6306.380000000003,6313.380000000003,203
2026-07-20T06:45:00+00:00,6313.380000000003,6316.390000000003,6309.380000000003,6316.390000000003,198
2026-07-20T07:00:00+00:00,6316.390000000003,6330.900000000002,6314.890000000003,6329.900000000002,1016
2026-07-20T07:15:00+00:00,6329.900000000002,6336.900000000002,6319.880000000003,6336.900000000002,812
2026-07-20T07:30:00+00:00,6336.900000000002,6351.900000000002,6333.880000000003,6351.900000000002,985
2026-07-20T07:45:00+00:00,6351.900000000002,6356.900000000002,6341.880000000003,6345.390000000003,512
2026-07-20T08:00:00+00:00,6345.390000000003,6351.900000000002,6339.890000000003,6350.880000000003,417.29379310344825
2026-07-20T08:15:00+00:00,6350.880000000003,6355.900000000002,6346.880000000003,6353.380000000003,248
2026-07-20T08:30:00+00:00,6353.380000000003,6353.900000000002,6343.880000000003,6344.390000000003,334
2026-07-20T08:45:00+00:00,6344.390000000003,6348.900000000002,6340.380000000003,6347.880000000003,265
2026-07-20T09:00:00+00:00,6347.880000000003,6347.890000000003,6338.880000000003,6343.900000000002,257
2026-07-20T09:15:00+00:00,6343.900000000002,6353.890000000003,6343.380000000003,6352.380000000003,125.00256245996157
2026-07-20T09:30:00+00:00,6352.380000000003,6359.400000000002,6350.880000000003,6358.380000000003,236.0316742081448
2026-07-20T09:45:00+00:00,6358.380000000003,6358.890000000003,6348.390000000003,6350.900000000002,233
2026-07-20T10:00:00+00:00,6350.900000000002,6351.890000000003,6344.880000000003,6345.400000000002,182
2026-07-20T10:15:00+00:00,6345.400000000002,6346.900000000002,6337.880000000003,6340.380000000003,216
2026-07-20T10:30:00+00:00,6340.380000000003,6341.900000000002,6324.880000000003,6329.900000000002,376
2026-07-20T10:45:00+00:00,6329.900000000002,6337.900000000002,6327.380000000003,6337.900000000002,219
2026-07-20T11:00:00+00:00,6337.900000000002,6343.900000000002,6336.880000000003,6340.390000000003,417
2026-07-20T11:15:00+00:00,6340.390000000003,6345.880000000003,6339.880000000003,6343.880000000003,260
2026-07-20T11:30:00+00:00,6343.880000000003,6369.380000000003,6341.890000000003,6363.890000000003,1905
2026-07-20T11:45:00+00:00,6363.890000000003,6366.900000000002,6352.880000000003,6362.400000000002,418
2026-07-20T12:00:00+00:00,6362.400000000002,6362.880000000003,6337.380000000003,6349.890000000003,1243
2026-07-20T12:15:00+00:00,6349.890000000003,6352.890000000003,6344.880000000003,6351.380000000003,211
2026-07-20T12:30:00+00:00,6351.380000000003,6355.880000000003,6346.880000000003,6347.890000000003,252
2026-07-20T12:45:00+00:00,6347.890000000003,6350.900000000002,6333.880000000003,6336.380000000003,303
2026-07-20T13:00:00+00:00,6336.380000000003,6338.900000000002,6328.380000000003,6328.380000000003,320
2026-07-20T13:15:00+00:00,6328.380000000003,6337.900000000002,6326.880000000003,6336.880000000003,205
2026-07-20T13:30:00+00:00,6336.880000000003,6344.900000000002,6324.880000000003,6327.880000000003,703
2026-07-20T13:45:00+00:00,6327.880000000003,6327.880000000003,6318.890000000003,6324.890000000003,690
2026-07-20T14:00:00+00:00,6324.890000000003,6329.900000000002,6319.900000000002,6325.400000000002,799
2026-07-20T14:15:00+00:00,6325.400000000002,6334.900000000002,6320.880000000003,6334.900000000002,571
2026-07-20T14:30:00+00:00,6334.900000000002,6336.900000000002,6328.390000000003,6334.880000000003,530
2026-07-20T14:45:00+00:00,6334.880000000003,6338.900000000002,6324.880000000003,6330.880000000003,610
2026-07-20T15:00:00+00:00,6330.880000000003,6342.900000000002,6324.880000000003,6334.400000000002,992
2026-07-20T15:15:00+00:00,6334.400000000002,6343.900000000002,6332.900000000002,6340.880000000003,319
2026-07-20T15:30:00+00:00,6340.880000000003,6341.900000000002,6325.880000000003,6328.890000000003,404
2026-07-20T15:45:00+00:00,6328.890000000003,6334.900000000002,6323.880000000003,6333.400000000002,289
2026-07-20T16:00:00+00:00,6333.400000000002,6341.900000000002,6332.880000000003,6339.880000000003,247
2026-07-20T16:15:00+00:00,6339.880000000003,6340.880000000003,6334.880000000003,6336.380000000003,274
2026-07-20T16:30:00+00:00,6336.380000000003,6337.880000000003,6315.890000000003,6326.900000000002,760
2026-07-20T16:45:00+00:00,6326.900000000002,6330.900000000002,6323.890000000003,6324.880000000003,388
2026-07-20T17:00:00+00:00,6324.880000000003,6326.900000000002,6317.890000000003,6318.890000000003,309
2026-07-20T17:15:00+00:00,6318.890000000003,6321.400000000002,6316.380000000003,6319.390000000003,175
2026-07-20T17:30:00+00:00,6319.390000000003,6321.900000000002,6313.880000000003,6314.890000000003,267
2026-07-20T17:45:00+00:00,6314.890000000003,6319.900000000002,6314.890000000003,6317.890000000003,206
2026-07-20T18:00:00+00:00,6317.890000000003,6322.900000000002,6317.890000000003,6321.880000000003,224
2026-07-20T18:15:00+00:00,6321.880000000003,6322.900000000002,6313.880000000003,6315.900000000002,374
2026-07-20T18:30:00+00:00,6315.900000000002,6315.900000000002,6299.880000000003,6299.900000000002,408
2026-07-20T18:45:00+00:00,6299.900000000002,6306.880000000003,6299.880000000003,6303.880000000003,279
2026-07-20T19:00:00+00:00,6303.880000000003,6306.900000000002,6291.880000000003,6292.400000000002,351
2026-07-20T19:15:00+00:00,6292.400000000002,6300.900000000002,6290.380000000003,6299.880000000003,339
2026-07-20T19:30:00+00:00,6299.880000000003,6302.400000000002,6296.890000000003,6299.880000000003,418
2026-07-20T19:45:00+00:00,6299.880000000003,6305.390000000003,6294.880000000003,6295.950000000003,343
2026-07-21T06:00:00+00:00,6295.950000000003,6347.340000000003,6294.950000000003,6342.820000000002,176.9055279321439
2026-07-21T06:15:00+00:00,6342.820000000002,6343.840000000003,6337.320000000002,6340.320000000002,214
2026-07-21T06:30:00+00:00,6340.320000000002,6347.340000000003,6340.320000000002,6344.340000000003,263
2026-07-21T06:45:00+00:00,6344.340000000003,6346.330000000003,6339.320000000002,6346.330000000003,190
2026-07-21T07:00:00+00:00,6346.330000000003,6372.340000000003,6344.330000000003,6356.830000000003,1138
2026-07-21T07:15:00+00:00,6356.830000000003,6362.330000000003,6346.320000000002,6349.320000000002,866
2026-07-21T07:30:00+00:00,6349.320000000002,6358.330000000003,6343.320000000002,6354.840000000003,428
2026-07-21T07:45:00+00:00,6354.840000000003,6361.340000000003,6351.320000000002,6358.340000000003,410
2026-07-21T08:00:00+00:00,6358.340000000003,6360.320000000002,6352.320000000002,6360.320000000002,613
2026-07-21T08:15:00+00:00,6360.320000000002,6364.340000000003,6356.330000000003,6357.840000000003,340
2026-07-21T08:30:00+00:00,6357.840000000003,6367.340000000003,6357.320000000002,6367.340000000003,305
2026-07-21T08:45:00+00:00,6367.340000000003,6368.330000000003,6360.330000000003,6362.840000000003,201
2026-07-21T09:00:00+00:00,6362.840000000003,6373.320000000002,6362.320000000002,6370.820000000002,291
2026-07-21T09:15:00+00:00,6370.820000000002,6379.320000000002,6368.340000000003,6368.830000000003,224.76986301369863
2026-07-21T09:30:00+00:00,6368.830000000003,6375.340000000003,6367.320000000002,6372.330000000003,208
2026-07-21T09:45:00+00:00,6372.330000000003,6381.820000000002,6371.320000000002,6374.340000000003,286
2026-07-21T10:00:00+00:00,6374.340000000003,6385.340000000003,6374.320000000002,6378.330000000003,811
2026-07-21T10:15:00+00:00,6378.330000000003,6380.340000000003,6375.330000000003,6378.320000000002,316
2026-07-21T10:30:00+00:00,6378.320000000002,6384.330000000003,6376.330000000003,6379.840000000003,148
2026-07-21T10:45:00+00:00,6379.840000000003,6379.840000000003,6373.320000000002,6373.330000000003,229
2026-07-21T11:00:00+00:00,6373.330000000003,6376.330000000003,6361.320000000002,6363.340000000003,276
2026-07-21T11:15:00+00:00,6363.340000000003,6364.340000000003,6359.320000000002,6363.320000000002,233
2026-07-21T11:30:00+00:00,6363.320000000002,6369.330000000003,6361.820000000002,6365.330000000003,210
2026-07-21T11:45:00+00:00,6365.330000000003,6366.340000000003,6360.320000000002,6362.340000000003,251
2026-07-21T12:00:00+00:00,6362.340000000003,6366.340000000003,6361.320000000002,6363.840000000003,267
2026-07-21T12:15:00+00:00,6363.840000000003,6364.840000000003,6350.320000000002,6351.320000000002,433
2026-07-21T12:30:00+00:00,6351.320000000002,6360.340000000003,6345.320000000002,6351.820000000002,482
2026-07-21T12:45:00+00:00,6351.820000000002,6362.840000000003,6351.320000000002,6361.320000000002,302
2026-07-21T13:00:00+00:00,6361.320000000002,6362.330000000003,6355.320000000002,6357.330000000003,369
2026-07-21T13:15:00+00:00,6357.330000000003,6360.320000000002,6354.320000000002,6356.330000000003,335.6699629171817
2026-07-21T13:30:00+00:00,6356.330000000003,6360.340000000003,6342.320000000002,6344.320000000002,908
2026-07-21T13:45:00+00:00,6344.320000000002,6349.840000000003,6342.320000000002,6345.820000000002,706
2026-07-21T14:00:00+00:00,6345.820000000002,6360.820000000002,6345.320000000002,6360.320000000002,524
2026-07-21T14:15:00+00:00,6360.320000000002,6367.340000000003,6356.340000000003,6365.330000000003,522
2026-07-21T14:30:00+00:00,6365.330000000003,6371.330000000003,6365.320000000002,6370.340000000003,293
2026-07-21T14:45:00+00:00,6370.340000000003,6376.340000000003,6370.320000000002,6375.820000000002,430
2026-07-21T15:00:00+00:00,6375.820000000002,6381.340000000003,6371.320000000002,6380.320000000002,307
2026-07-21T15:15:00+00:00,6380.320000000002,6387.320000000002,6379.330000000003,6385.320000000002,291
2026-07-21T15:30:00+00:00,6385.320000000002,6393.320000000002,6383.320000000002,6387.340000000003,422
2026-07-21T15:45:00+00:00,6387.340000000003,6390.840000000003,6385.330000000003,6388.340000000003,153
2026-07-21T16:00:00+00:00,6388.340000000003,6394.330000000003,6388.320000000002,6393.320000000002,149
2026-07-21T16:15:00+00:00,6393.320000000002,6395.840000000003,6392.320000000002,6395.340000000003,117
2026-07-21T16:30:00+00:00,6395.340000000003,6395.340000000003,6393.320000000002,6394.320000000002,96
2026-07-21T16:45:00+00:00,6394.320000000002,6398.320000000002,6393.320000000002,6394.320000000002,80.95508637236085
2026-07-21T17:00:00+00:00,6394.320000000002,6397.340000000003,6394.320000000002,6395.330000000003,105
2026-07-21T17:15:00+00:00,6395.330000000003,6395.340000000003,6392.820000000002,6393.340000000003,204
2026-07-21T17:30:00+00:00,6393.340000000003,6396.340000000003,6393.320000000002,6394.330000000003,111
2026-07-21T17:45:00+00:00,6394.330000000003,6396.340000000003,6393.320000000002,6395.340000000003,87.30160692212608
2026-07-21T18:00:00+00:00,6395.340000000003,6397.340000000003,6394.320000000002,6395.340000000003,135
2026-07-21T18:15:00+00:00,6395.340000000003,6396.840000000003,6393.320000000002,6396.320000000002,131
2026-07-21T18:30:00+00:00,6396.320000000002,6398.840000000003,6395.320000000002,6398.340000000003,77
2026-07-21T18:45:00+00:00,6398.340000000003,6399.330000000003,6395.320000000002,6396.330000000003,54.58590224871137
2026-07-21T19:00:00+00:00,6396.330000000003,6396.340000000003,6393.320000000002,6395.330000000003,77
2026-07-21T19:15:00+00:00,6395.330000000003,6397.330000000003,6393.320000000002,6395.340000000003,73
2026-07-21T19:30:00+00:00,6395.340000000003,6397.340000000003,6394.320000000002,6397.340000000003,151
2026-07-21T19:45:00+00:00,6397.340000000003,6400.340000000003,6395.320000000002,6399.390000000003,132
2026-07-22T06:00:00+00:00,6399.390000000003,6400.890000000003,6391.480000000002,6396.4900000000025,207.86458760771438
2026-07-22T06:15:00+00:00,6396.4900000000025,6396.4900000000025,6379.480000000002,6380.9900000000025,323
2026-07-22T06:30:00+00:00,6380.9900000000025,6383.4900000000025,6376.480000000002,6378.4900000000025,149
2026-07-22T06:45:00+00:00,6378.4900000000025,6378.4900000000025,6367.480000000002,6367.980000000002,207
2026-07-22T07:00:00+00:00,6367.980000000002,6368.000000000003,6356.4900000000025,6365.500000000003,996
2026-07-22T07:15:00+00:00,6365.500000000003,6384.4900000000025,6364.480000000002,6381.480000000002,614
2026-07-22T07:30:00+00:00,6381.480000000002,6382.4900000000025,6363.500000000003,6368.4900000000025,644
2026-07-22T07:45:00+00:00,6368.4900000000025,6379.4900000000025,6367.980000000002,6378.980000000002,438
2026-07-22T08:00:00+00:00,6378.980000000002,6399.500000000003,6378.480000000002,6389.9900000000025,580
2026-07-22T08:15:00+00:00,6389.9900000000025,6403.4900000000025,6388.500000000003,6402.9900000000025,457
2026-07-22T08:30:00+00:00,6402.9900000000025,6412.000000000003,6401.4900000000025,6402.980000000002,367
2026-07-22T08:45:00+00:00,6402.980000000002,6417.500000000003,6402.980000000002,6417.500000000003,248
2026-07-22T09:00:00+00:00,6417.500000000003,6429.4900000000025,6416.480000000002,6426.500000000003,428
2026-07-22T09:15:00+00:00,6426.500000000003,6433.000000000003,6422.4900000000025,6422.4900000000025,302
2026-07-22T09:30:00+00:00,6422.4900000000025,6422.4900000000025,6404.500000000003,6405.480000000002,410
2026-07-22T09:45:00+00:00,6405.480000000002,6408.500000000003,6398.480000000002,6408.480000000002,323
2026-07-22T10:00:00+00:00,6408.480000000002,6415.000000000003,6407.980000000002,6412.500000000003,201
2026-07-22T10:15:00+00:00,6412.500000000003,6430.500000000003,6412.480000000002,6428.4900000000025,630
2026-07-22T10:30:00+00:00,6428.4900000000025,6429.500000000003,6413.980000000002,6414.980000000002,417
2026-07-22T10:45:00+00:00,6414.980000000002,6420.480000000002,6412.4900000000025,6413.000000000003,260
2026-07-22T11:00:00+00:00,6413.000000000003,6413.000000000003,6400.980000000002,6403.980000000002,502
2026-07-22T11:15:00+00:00,6403.980000000002,6407.000000000003,6398.480000000002,6403.480000000002,365
2026-07-22T11:30:00+00:00,6403.480000000002,6409.9900000000025,6392.4900000000025,6400.4900000000025,649
2026-07-22T11:45:00+00:00,6400.4900000000025,6407.500000000003,6398.4900000000025,6399.500000000003,550
2026-07-22T12:00:00+00:00,6399.500000000003,6406.500000000003,6396.500000000003,6406.500000000003,258
2026-07-22T12:15:00+00:00,6406.500000000003,6411.500000000003,6401.500000000003,6411.000000000003,231
2026-07-22T12:30:00+00:00,6411.000000000003,6420.4900000000025,6411.000000000003,6417.4900000000025,227
2026-07-22T12:45:00+00:00,6417.4900000000025,6418.9900000000025,6399.480000000002,6411.980000000002,746
2026-07-22T13:00:00+00:00,6411.980000000002,6420.500000000003,6411.500000000003,6417.9900000000025,256
2026-07-22T13:15:00+00:00,6417.9900000000025,6426.4900000000025,6416.980000000002,6425.4900000000025,224
2026-07-22T13:30:00+00:00,6425.4900000000025,6433.4900000000025,6411.4900000000025,6417.480000000002,614
2026-07-22T13:45:00+00:00,6417.480000000002,6433.500000000003,6417.480000000002,6430.9900000000025,517
2026-07-22T14:00:00+00:00,6430.9900000000025,6431.500000000003,6422.480000000002,6423.980000000002,439
2026-07-22T14:15:00+00:00,6423.980000000002,6430.480000000002,6419.4900000000025,6427.000000000003,324
2026-07-22T14:30:00+00:00,6427.000000000003,6429.480000000002,6423.480000000002,6423.9900000000025,317
2026-07-22T14:45:00+00:00,6423.9900000000025,6427.500000000003,6420.000000000003,6424.4900000000025,351
2026-07-22T15:00:00+00:00,6424.4900000000025,6427.000000000003,6421.9900000000025,6422.9900000000025,208
2026-07-22T15:15:00+00:00,6422.9900000000025,6427.4900000000025,6419.000000000003,6426.480000000002,148
2026-07-22T15:30:00+00:00,6426.480000000002,6432.4900000000025,6422.4900000000025,6432.000000000003,267
2026-07-22T15:45:00+00:00,6432.000000000003,6434.500000000003,6428.4900000000025,6433.480000000002,188
2026-07-22T16:00:00+00:00,6433.480000000002,6434.4900000000025,6429.480000000002,6431.480000000002,80
2026-07-22T16:15:00+00:00,6431.480000000002,6431.480000000002,6420.480000000002,6424.500000000003,143
2026-07-22T16:30:00+00:00,6424.500000000003,6429.4900000000025,6422.480000000002,6428.480000000002,133
2026-07-22T16:45:00+00:00,6428.480000000002,6433.500000000003,6427.480000000002,6432.500000000003,109
2026-07-22T17:00:00+00:00,6432.500000000003,6433.500000000003,6429.4900000000025,6431.000000000003,144
2026-07-22T17:15:00+00:00,6431.000000000003,6433.9900000000025,6429.480000000002,6432.4900000000025,179
2026-07-22T17:30:00+00:00,6432.4900000000025,6434.4900000000025,6431.480000000002,6432.000000000003,126
2026-07-22T17:45:00+00:00,6432.000000000003,6432.4900000000025,6426.500000000003,6426.500000000003,110
2026-07-22T18:00:00+00:00,6426.500000000003,6427.500000000003,6420.480000000002,6420.480000000002,206
2026-07-22T18:15:00+00:00,6420.480000000002,6421.500000000003,6418.480000000002,6420.500000000003,111
2026-07-22T18:30:00+00:00,6420.500000000003,6421.500000000003,6418.000000000003,6419.9900000000025,151.01049475262369
2026-07-22T18:45:00+00:00,6419.9900000000025,6423.500000000003,6419.4900000000025,6421.480000000002,54.97795918367347
2026-07-22T19:00:00+00:00,6421.480000000002,6421.4900000000025,6417.480000000002,6417.4900000000025,80.00741962077494
2026-07-22T19:15:00+00:00,6417.4900000000025,6420.500000000003,6417.4900000000025,6420.4900000000025,75.87516715395408
2026-07-22T19:30:00+00:00,6420.4900000000025,6420.500000000003,6417.480000000002,6419.980000000002,133.49912126537785
2026-07-22T19:45:00+00:00,6419.980000000002,6423.500000000003,6414.980000000002,6415.540000000003,174
2026-07-23T06:00:00+00:00,6415.540000000003,6416.540000000003,6402.720000000003,6406.200000000003,149.17924528301887
2026-07-23T06:15:00+00:00,6406.200000000003,6408.720000000003,6404.720000000003,6408.710000000003,149
2026-07-23T06:30:00+00:00,6408.710000000003,6408.720000000003,6400.200000000003,6400.220000000003,151.27465701999864
2026-07-23T06:45:00+00:00,6400.220000000003,6405.710000000003,6398.700000000003,6399.720000000003,197
2026-07-23T07:00:00+00:00,6399.720000000003,6402.220000000003,6354.200000000003,6363.700000000003,1396
2026-07-23T07:15:00+00:00,6363.700000000003,6374.710000000003,6358.720000000003,6371.200000000003,910
2026-07-23T07:30:00+00:00,6371.200000000003,6374.720000000003,6364.710000000003,6367.700000000003,642
2026-07-23T07:45:00+00:00,6367.700000000003,6375.710000000003,6360.700000000003,6374.710000000003,669
2026-07-23T08:00:00+00:00,6374.710000000003,6385.710000000003,6367.700000000003,6375.710000000003,769
2026-07-23T08:15:00+00:00,6375.710000000003,6388.200000000003,6374.700000000003,6386.720000000003,474
2026-07-23T08:30:00+00:00,6386.720000000003,6389.710000000003,6374.200000000003,6374.720000000003,448
2026-07-23T08:45:00+00:00,6374.720000000003,6381.720000000003,6371.700000000003,6381.200000000003,368
2026-07-23T09:00:00+00:00,6381.200000000003,6394.720000000003,6380.700000000003,6380.710000000003,689
2026-07-23T09:15:00+00:00,6380.710000000003,6383.710000000003,6365.700000000003,6368.710000000003,221
2026-07-23T09:30:00+00:00,6368.710000000003,6370.700000000003,6364.210000000003,6367.720000000003,288
2026-07-23T09:45:00+00:00,6367.720000000003,6373.710000000003,6361.200000000003,6362.720000000003,329
2026-07-23T10:00:00+00:00,6362.720000000003,6366.220000000003,6353.710000000003,6355.720000000003,347
2026-07-23T10:15:00+00:00,6355.720000000003,6359.710000000003,6353.700000000003,6355.720000000003,301
2026-07-23T10:30:00+00:00,6355.720000000003,6366.720000000003,6355.700000000003,6363.710000000003,374
2026-07-23T10:45:00+00:00,6363.710000000003,6374.710000000003,6362.710000000003,6370.710000000003,290
2026-07-23T11:00:00+00:00,6370.710000000003,6371.220000000003,6356.700000000003,6360.200000000003,241
2026-07-23T11:15:00+00:00,6360.200000000003,6363.710000000003,6352.700000000003,6355.710000000003,306
2026-07-23T11:30:00+00:00,6355.710000000003,6357.720000000003,6345.710000000003,6349.710000000003,479
2026-07-23T11:45:00+00:00,6349.710000000003,6368.720000000003,6347.710000000003,6359.710000000003,563
2026-07-23T12:00:00+00:00,6359.710000000003,6360.710000000003,6347.700000000003,6349.200000000003,352
2026-07-23T12:15:00+00:00,6349.200000000003,6356.710000000003,6337.760000000003,6341.200000000003,915
2026-07-23T12:30:00+00:00,6341.200000000003,6341.720000000003,6324.700000000003,6328.200000000003,596
2026-07-23T12:45:00+00:00,6328.200000000003,6330.720000000003,6319.700000000003,6322.210000000003,679
2026-07-23T13:00:00+00:00,6322.210000000003,6322.710000000003,6305.210000000003,6312.710000000003,1006
2026-07-23T13:15:00+00:00,6312.710000000003,6314.720000000003,6306.200000000003,6307.720000000003,583
2026-07-23T13:30:00+00:00,6307.720000000003,6333.720000000003,6305.700000000003,6327.720000000003,1281
2026-07-23T13:45:00+00:00,6327.720000000003,6329.720000000003,6315.700000000003,6316.720000000003,961
2026-07-23T14:00:00+00:00,6316.720000000003,6331.700000000003,6313.700000000003,6327.720000000003,1286
2026-07-23T14:15:00+00:00,6327.720000000003,6331.720000000003,6320.700000000003,6327.720000000003,1196
2026-07-23T14:30:00+00:00,6327.720000000003,6329.720000000003,6312.710000000003,6317.720000000003,949
2026-07-23T14:45:00+00:00,6317.720000000003,6321.710000000003,6309.710000000003,6319.210000000003,791
2026-07-23T15:00:00+00:00,6319.210000000003,6319.720000000003,6306.700000000003,6309.710000000003,766
2026-07-23T15:15:00+00:00,6309.710000000003,6312.720000000003,6296.700000000003,6300.700000000003,800
2026-07-23T15:30:00+00:00,6300.700000000003,6317.720000000003,6295.700000000003,6311.710000000003,696
2026-07-23T15:45:00+00:00,6311.710000000003,6319.200000000003,6310.700000000003,6318.710000000003,503
2026-07-23T16:00:00+00:00,6318.710000000003,6324.720000000003,6317.700000000003,6324.710000000003,537
2026-07-23T16:15:00+00:00,6324.710000000003,6334.700000000003,6323.700000000003,6332.700000000003,435
2026-07-23T16:30:00+00:00,6332.700000000003,6333.700000000003,6326.210000000003,6326.710000000003,465
2026-07-23T16:45:00+00:00,6326.710000000003,6326.710000000003,6317.720000000003,6322.710000000003,259
2026-07-23T17:00:00+00:00,6322.710000000003,6322.720000000003,6313.700000000003,6318.200000000003,406
2026-07-23T17:15:00+00:00,6318.200000000003,6323.710000000003,6317.700000000003,6317.720000000003,363
2026-07-23T17:30:00+00:00,6317.720000000003,6318.710000000003,6310.700000000003,6312.720000000003,401
2026-07-23T17:45:00+00:00,6312.720000000003,6316.720000000003,6308.710000000003,6308.720000000003,359
2026-07-23T18:00:00+00:00,6308.720000000003,6309.720000000003,6304.200000000003,6305.220000000003,341
2026-07-23T18:15:00+00:00,6305.220000000003,6310.720000000003,6303.700000000003,6310.720000000003,419
2026-07-23T18:30:00+00:00,6310.720000000003,6311.720000000003,6306.710000000003,6307.700000000003,372
2026-07-23T18:45:00+00:00,6307.700000000003,6310.720000000003,6305.700000000003,6307.710000000003,313
2026-07-23T19:00:00+00:00,6307.710000000003,6310.210000000003,6303.700000000003,6303.710000000003,100
2026-07-23T19:15:00+00:00,6303.710000000003,6312.720000000003,6303.710000000003,6311.220000000003,163
2026-07-23T19:30:00+00:00,6311.220000000003,6314.720000000003,6303.700000000003,6303.720000000003,293
2026-07-23T19:45:00+00:00,6303.720000000003,6313.760000000003,6299.210000000003,6312.760000000003,336
2026-07-24T06:00:00+00:00,6312.760000000003,6313.260000000003,6302.470000000003,6305.9900000000025,225.72527472527474
2026-07-24T06:15:00+00:00,6305.9900000000025,6315.480000000002,6304.480000000002,6305.980000000002,164
2026-07-24T06:30:00+00:00,6305.980000000002,6309.9900000000025,6302.470000000003,6302.470000000003,254
2026-07-24T06:45:00+00:00,6302.470000000003,6310.4900000000025,6292.470000000003,6306.4900000000025,346
2026-07-24T07:00:00+00:00,6306.4900000000025,6340.4900000000025,6304.470000000003,6340.480000000002,1045
2026-07-24T07:15:00+00:00,6340.480000000002,6353.480000000002,6338.470000000003,6346.980000000002,545
2026-07-24T07:30:00+00:00,6346.980000000002,6351.980000000002,6342.470000000003,6344.980000000002,441
2026-07-24T07:45:00+00:00,6344.980000000002,6348.9900000000025,6339.480000000002,6341.9900000000025,428
2026-07-24T08:00:00+00:00,6341.9900000000025,6344.480000000002,6335.470000000003,6339.970000000003,404
2026-07-24T08:15:00+00:00,6339.970000000003,6353.9900000000025,6338.980000000002,6353.970000000003,341
2026-07-24T08:30:00+00:00,6353.970000000003,6361.4900000000025,6352.470000000003,6354.970000000003,354
2026-07-24T08:45:00+00:00,6354.970000000003,6358.480000000002,6350.480000000002,6352.9900000000025,259
2026-07-24T09:00:00+00:00,6352.9900000000025,6363.4900000000025,6350.470000000003,6360.470000000003,304
2026-07-24T09:15:00+00:00,6360.470000000003,6362.4900000000025,6355.470000000003,6358.480000000002,303
2026-07-24T09:30:00+00:00,6358.480000000002,6366.480000000002,6356.470000000003,6364.980000000002,341
2026-07-24T09:45:00+00:00,6364.980000000002,6367.4900000000025,6363.470000000003,6363.9900000000025,266
2026-07-24T10:00:00+00:00,6363.9900000000025,6365.470000000003,6353.970000000003,6355.9900000000025,175
2026-07-24T10:15:00+00:00,6355.9900000000025,6359.4900000000025,6353.480000000002,6359.4900000000025,147
2026-07-24T10:30:00+00:00,6359.4900000000025,6363.480000000002,6355.470000000003,6357.980000000002,200
2026-07-24T10:45:00+00:00,6357.980000000002,6361.470000000003,6355.470000000003,6355.980000000002,166
2026-07-24T11:00:00+00:00,6355.980000000002,6359.480000000002,6348.970000000003,6352.480000000002,249
2026-07-24T11:15:00+00:00,6352.480000000002,6353.480000000002,6345.480000000002,6348.9900000000025,185
2026-07-24T11:30:00+00:00,6348.9900000000025,6351.9900000000025,6342.470000000003,6345.970000000003,248
2026-07-24T11:45:00+00:00,6345.970000000003,6362.4900000000025,6343.470000000003,6357.4900000000025,608
2026-07-24T12:00:00+00:00,6357.4900000000025,6362.480000000002,6351.470000000003,6360.470000000003,426
2026-07-24T12:15:00+00:00,6360.470000000003,6364.480000000002,6350.4900000000025,6356.480000000002,340
2026-07-24T12:30:00+00:00,6356.480000000002,6358.4900000000025,6352.480000000002,6353.480000000002,197
2026-07-24T12:45:00+00:00,6353.480000000002,6354.470000000003,6343.970000000003,6345.4900000000025,164
2026-07-24T13:00:00+00:00,6345.4900000000025,6354.480000000002,6345.4900000000025,6354.470000000003,185
2026-07-24T13:15:00+00:00,6354.470000000003,6359.4900000000025,6353.970000000003,6358.4900000000025,202
2026-07-24T13:30:00+00:00,6358.4900000000025,6362.4900000000025,6351.470000000003,6353.970000000003,754
2026-07-24T13:45:00+00:00,6353.970000000003,6360.4900000000025,6343.470000000003,6347.480000000002,750
2026-07-24T14:00:00+00:00,6347.480000000002,6360.4900000000025,6345.470000000003,6358.970000000003,661
2026-07-24T14:15:00+00:00,6358.970000000003,6360.480000000002,6350.470000000003,6352.4900000000025,914
2026-07-24T14:30:00+00:00,6352.4900000000025,6356.4900000000025,6348.470000000003,6349.470000000003,621
2026-07-24T14:45:00+00:00,6349.470000000003,6361.4900000000025,6343.470000000003,6359.4900000000025,594
2026-07-24T15:00:00+00:00,6359.4900000000025,6372.480000000002,6353.470000000003,6371.470000000003,833
2026-07-24T15:15:00+00:00,6371.470000000003,6383.4900000000025,6369.480000000002,6382.470000000003,858
2026-07-24T15:30:00+00:00,6382.470000000003,6392.4900000000025,6379.480000000002,6388.470000000003,591
2026-07-24T15:45:00+00:00,6388.470000000003,6390.480000000002,6384.480000000002,6389.970000000003,273
2026-07-24T16:00:00+00:00,6389.970000000003,6395.4900000000025,6389.470000000003,6391.480000000002,246
2026-07-24T16:15:00+00:00,6391.480000000002,6393.4900000000025,6389.470000000003,6390.470000000003,157
2026-07-24T16:30:00+00:00,6390.470000000003,6391.4900000000025,6382.4900000000025,6384.480000000002,201
2026-07-24T16:45:00+00:00,6384.480000000002,6388.4900000000025,6379.970000000003,6386.470000000003,328
2026-07-24T17:00:00+00:00,6386.470000000003,6388.480000000002,6372.470000000003,6377.470000000003,441
2026-07-24T17:15:00+00:00,6377.470000000003,6388.4900000000025,6376.470000000003,6388.470000000003,284
2026-07-24T17:30:00+00:00,6388.470000000003,6390.480000000002,6381.4900000000025,6382.4900000000025,219
2026-07-24T17:45:00+00:00,6382.4900000000025,6385.4900000000025,6381.470000000003,6381.470000000003,206
2026-07-24T18:00:00+00:00,6381.470000000003,6384.480000000002,6379.480000000002,6379.9900000000025,149
2026-07-24T18:15:00+00:00,6379.9900000000025,6380.4900000000025,6370.970000000003,6371.4900000000025,135
2026-07-24T18:30:00+00:00,6371.4900000000025,6371.4900000000025,6362.4900000000025,6363.470000000003,351
2026-07-24T18:45:00+00:00,6363.470000000003,6369.4900000000025,6363.470000000003,6367.470000000003,345
2026-07-24T19:00:00+00:00,6367.470000000003,6368.9900000000025,6358.480000000002,6358.480000000002,290
2026-07-24T19:15:00+00:00,6358.480000000002,6362.4900000000025,6356.470000000003,6358.4900000000025,164
2026-07-24T19:30:00+00:00,6358.4900000000025,6368.480000000002,6358.470000000003,6367.9900000000025,393
2026-07-24T19:45:00+00:00,6367.9900000000025,6369.4900000000025,6362.470000000003,6368.520000000002,265
2026-07-27T06:00:00+00:00,6368.520000000002,6450.160000000003,6368.020000000002,6448.180000000003,143.3101604278075
2026-07-27T06:15:00+00:00,6448.180000000003,6453.180000000003,6447.660000000003,6451.160000000003,137
2026-07-27T06:30:00+00:00,6451.160000000003,6455.180000000003,6448.170000000003,6452.680000000003,87.06543385490754
2026-07-27T06:45:00+00:00,6452.680000000003,6454.160000000003,6443.680000000003,6443.680000000003,303
2026-07-27T07:00:00+00:00,6443.680000000003,6453.680000000003,6438.160000000003,6450.660000000003,671
2026-07-27T07:15:00+00:00,6450.660000000003,6454.680000000003,6440.660000000003,6442.180000000003,457
2026-07-27T07:30:00+00:00,6442.180000000003,6451.680000000003,6438.660000000003,6446.670000000003,336
2026-07-27T07:45:00+00:00,6446.670000000003,6453.670000000003,6436.660000000003,6436.660000000003,364
2026-07-27T08:00:00+00:00,6436.660000000003,6443.180000000003,6431.160000000003,6443.180000000003,494
2026-07-27T08:15:00+00:00,6443.180000000003,6448.180000000003,6438.180000000003,6447.180000000003,233
2026-07-27T08:30:00+00:00,6447.180000000003,6461.160000000003,6445.160000000003,6461.160000000003,247
2026-07-27T08:45:00+00:00,6461.160000000003,6466.660000000003,6458.170000000003,6465.680000000003,249
2026-07-27T09:00:00+00:00,6465.680000000003,6466.180000000003,6459.670000000003,6459.680000000003,232
2026-07-27T09:15:00+00:00,6459.680000000003,6465.180000000003,6458.170000000003,6460.670000000003,195
2026-07-27T09:30:00+00:00,6460.670000000003,6465.160000000003,6458.660000000003,6460.680000000003,163
2026-07-27T09:45:00+00:00,6460.680000000003,6466.680000000003,6458.160000000003,6461.670000000003,178.24293785310735
2026-07-27T10:00:00+00:00,6461.670000000003,6464.180000000003,6457.160000000003,6463.170000000003,275
2026-07-27T10:15:00+00:00,6463.170000000003,6468.180000000003,6462.660000000003,6467.160000000003,200
2026-07-27T10:30:00+00:00,6467.160000000003,6468.180000000003,6465.160000000003,6467.670000000003,100
2026-07-27T10:45:00+00:00,6467.670000000003,6473.180000000003,6467.160000000003,6469.170000000003,103
2026-07-27T11:00:00+00:00,6469.170000000003,6473.660000000003,6469.160000000003,6473.160000000003,131
2026-07-27T11:15:00+00:00,6473.160000000003,6473.160000000003,6465.160000000003,6470.160000000003,125
2026-07-27T11:30:00+00:00,6470.160000000003,6473.180000000003,6466.180000000003,6469.670000000003,329
2026-07-27T11:45:00+00:00,6469.670000000003,6473.170000000003,6468.160000000003,6468.660000000003,163
2026-07-27T12:00:00+00:00,6468.660000000003,6470.660000000003,6460.160000000003,6460.180000000003,314
2026-07-27T12:15:00+00:00,6460.180000000003,6463.170000000003,6456.160000000003,6459.180000000003,245
2026-07-27T12:30:00+00:00,6459.180000000003,6464.680000000003,6457.160000000003,6462.680000000003,145
2026-07-27T12:45:00+00:00,6462.680000000003,6466.180000000003,6460.660000000003,6464.680000000003,276
2026-07-27T13:00:00+00:00,6464.680000000003,6466.680000000003,6447.160000000003,6452.170000000003,307
2026-07-27T13:15:00+00:00,6452.170000000003,6456.180000000003,6443.180000000003,6443.180000000003,230
2026-07-27T13:30:00+00:00,6443.180000000003,6447.160000000003,6431.160000000003,6433.160000000003,573
2026-07-27T13:45:00+00:00,6433.160000000003,6445.170000000003,6425.170000000003,6427.180000000003,372
2026-07-27T14:00:00+00:00,6427.180000000003,6431.170000000003,6419.680000000003,6422.160000000003,404
2026-07-27T14:15:00+00:00,6422.160000000003,6425.670000000003,6406.170000000003,6406.170000000003,568
2026-07-27T14:30:00+00:00,6406.170000000003,6412.180000000003,6400.160000000003,6402.680000000003,693
2026-07-27T14:45:00+00:00,6402.680000000003,6420.670000000003,6402.660000000003,6420.180000000003,680
2026-07-27T15:00:00+00:00,6420.180000000003,6421.180000000003,6407.160000000003,6408.160000000003,581
2026-07-27T15:15:00+00:00,6408.160000000003,6410.180000000003,6398.170000000003,6402.170000000003,471
2026-07-27T15:30:00+00:00,6402.170000000003,6402.170000000003,6386.170000000003,6389.660000000003,344
2026-07-27T15:45:00+00:00,6389.660000000003,6394.170000000003,6386.660000000003,6391.670000000003,360
2026-07-27T16:00:00+00:00,6391.670000000003,6398.180000000003,6390.160000000003,6390.680000000003,337
2026-07-27T16:15:00+00:00,6390.680000000003,6410.660000000003,6388.660000000003,6406.670000000003,603
2026-07-27T16:30:00+00:00,6406.670000000003,6412.170000000003,6403.170000000003,6405.160000000003,296
2026-07-27T16:45:00+00:00,6405.160000000003,6406.180000000003,6391.180000000003,6392.170000000003,406
2026-07-27T17:00:00+00:00,6392.170000000003,6394.180000000003,6387.180000000003,6393.670000000003,211
2026-07-27T17:15:00+00:00,6393.670000000003,6398.180000000003,6391.160000000003,6395.680000000003,210
2026-07-27T17:30:00+00:00,6395.680000000003,6402.180000000003,6395.680000000003,6399.670000000003,225
2026-07-27T17:45:00+00:00,6399.670000000003,6404.180000000003,6399.160000000003,6403.670000000003,235
2026-07-27T18:00:00+00:00,6403.670000000003,6404.180000000003,6401.160000000003,6402.660000000003,292
2026-07-27T18:15:00+00:00,6402.660000000003,6402.660000000003,6397.160000000003,6401.680000000003,183
2026-07-27T18:30:00+00:00,6401.680000000003,6406.170000000003,6396.670000000003,6402.170000000003,312
2026-07-27T18:45:00+00:00,6402.170000000003,6412.180000000003,6401.160000000003,6411.680000000003,252
2026-07-27T19:00:00+00:00,6411.680000000003,6416.180000000003,6410.160000000003,6414.180000000003,237
2026-07-27T19:15:00+00:00,6414.180000000003,6418.170000000003,6414.160000000003,6417.180000000003,133
2026-07-27T19:30:00+00:00,6417.180000000003,6420.680000000003,6416.160000000003,6417.160000000003,145
2026-07-27T19:45:00+00:00,6417.160000000003,6418.180000000003,6413.170000000003,6415.710000000003,161
2026-07-28T06:00:00+00:00,6415.710000000003,6418.710000000003,6390.540000000003,6391.540000000003,279.6839266450917
2026-07-28T06:15:00+00:00,6391.540000000003,6402.560000000002,6391.540000000003,6398.540000000003,295
2026-07-28T06:30:00+00:00,6398.540000000003,6404.550000000003,6394.550000000003,6403.550000000003,193
2026-07-28T06:45:00+00:00,6403.550000000003,6409.560000000002,6401.550000000003,6401.550000000003,199
2026-07-28T07:00:00+00:00,6401.550000000003,6414.540000000003,6399.540000000003,6408.040000000003,955
2026-07-28T07:15:00+00:00,6408.040000000003,6423.560000000002,6408.040000000003,6412.550000000003,660
2026-07-28T07:30:00+00:00,6412.550000000003,6413.550000000003,6396.550000000003,6396.550000000003,492
2026-07-28T07:45:00+00:00,6396.550000000003,6401.560000000002,6391.560000000002,6396.050000000003,574
2026-07-28T08:00:00+00:00,6396.050000000003,6403.050000000003,6390.540000000003,6392.060000000002,582
2026-07-28T08:15:00+00:00,6392.060000000002,6405.540000000003,6390.050000000003,6404.040000000003,730
2026-07-28T08:30:00+00:00,6404.040000000003,6412.560000000002,6396.560000000002,6409.550000000003,474
2026-07-28T08:45:00+00:00,6409.550000000003,6414.550000000003,6400.540000000003,6403.540000000003,254
2026-07-28T09:00:00+00:00,6403.540000000003,6409.550000000003,6400.550000000003,6404.040000000003,253
2026-07-28T09:15:00+00:00,6404.040000000003,6414.560000000002,6404.040000000003,6414.560000000002,220
2026-07-28T09:30:00+00:00,6414.560000000002,6414.560000000002,6409.060000000002,6409.060000000002,147
2026-07-28T09:45:00+00:00,6409.060000000002,6413.050000000003,6406.540000000003,6407.540000000003,158
2026-07-28T10:00:00+00:00,6407.540000000003,6409.550000000003,6399.550000000003,6402.050000000003,245
2026-07-28T10:15:00+00:00,6402.050000000003,6404.550000000003,6393.540000000003,6398.560000000002,216
2026-07-28T10:30:00+00:00,6398.560000000002,6399.560000000002,6387.040000000003,6389.550000000003,357
2026-07-28T10:45:00+00:00,6389.550000000003,6393.540000000003,6386.540000000003,6390.040000000003,300
2026-07-28T11:00:00+00:00,6390.040000000003,6392.050000000003,6377.550000000003,6379.540000000003,434
2026-07-28T11:15:00+00:00,6379.540000000003,6392.550000000003,6378.540000000003,6378.540000000003,484
2026-07-28T11:30:00+00:00,6378.540000000003,6381.550000000003,6369.540000000003,6372.560000000002,338
2026-07-28T11:45:00+00:00,6372.560000000002,6380.550000000003,6371.540000000003,6380.540000000003,216
2026-07-28T12:00:00+00:00,6380.540000000003,6386.550000000003,6378.560000000002,6379.560000000002,272
2026-07-28T12:15:00+00:00,6379.560000000002,6380.560000000002,6373.540000000003,6375.560000000002,344
2026-07-28T12:30:00+00:00,6375.560000000002,6378.560000000002,6368.540000000003,6370.050000000003,306
2026-07-28T12:45:00+00:00,6370.050000000003,6373.560000000002,6368.540000000003,6370.560000000002,244
2026-07-28T13:00:00+00:00,6370.560000000002,6370.560000000002,6363.540000000003,6365.560000000002,232
2026-07-28T13:15:00+00:00,6365.560000000002,6368.060000000002,6361.050000000003,6366.560000000002,160
2026-07-28T13:30:00+00:00,6366.560000000002,6376.560000000002,6364.550000000003,6373.560000000002,821
2026-07-28T13:45:00+00:00,6373.560000000002,6380.560000000002,6365.550000000003,6376.060000000002,1070
2026-07-28T14:00:00+00:00,6376.060000000002,6384.560000000002,6375.560000000002,6381.050000000003,766
2026-07-28T14:15:00+00:00,6381.050000000003,6388.560000000002,6376.560000000002,6388.560000000002,921
2026-07-28T14:30:00+00:00,6388.560000000002,6392.560000000002,6384.540000000003,6387.550000000003,697
2026-07-28T14:45:00+00:00,6387.550000000003,6389.560000000002,6379.560000000002,6380.040000000003,551
2026-07-28T15:00:00+00:00,6380.040000000003,6389.540000000003,6372.560000000002,6387.540000000003,871
2026-07-28T15:15:00+00:00,6387.540000000003,6404.560000000002,6386.050000000003,6402.050000000003,814
2026-07-28T15:30:00+00:00,6402.050000000003,6409.550000000003,6395.560000000002,6409.050000000003,255
2026-07-28T15:45:00+00:00,6409.050000000003,6412.560000000002,6407.540000000003,6412.060000000002,276
2026-07-28T16:00:00+00:00,6412.060000000002,6412.560000000002,6408.540000000003,6409.550000000003,228
2026-07-28T16:15:00+00:00,6409.550000000003,6410.560000000002,6406.540000000003,6407.060000000002,181
2026-07-28T16:30:00+00:00,6407.060000000002,6412.560000000002,6404.040000000003,6412.560000000002,201
2026-07-28T16:45:00+00:00,6412.560000000002,6418.550000000003,6408.540000000003,6416.560000000002,188
2026-07-28T17:00:00+00:00,6416.560000000002,6418.540000000003,6408.040000000003,6409.050000000003,370
2026-07-28T17:15:00+00:00,6409.050000000003,6414.540000000003,6406.540000000003,6409.040000000003,334
2026-07-28T17:30:00+00:00,6409.040000000003,6412.050000000003,6405.560000000002,6405.560000000002,255
2026-07-28T17:45:00+00:00,6405.560000000002,6408.060000000002,6403.550000000003,6405.550000000003,249
2026-07-28T18:00:00+00:00,6405.550000000003,6408.560000000002,6404.050000000003,6404.540000000003,227
2026-07-28T18:15:00+00:00,6404.540000000003,6406.540000000003,6402.540000000003,6405.050000000003,205.44448865897334
2026-07-28T18:30:00+00:00,6405.050000000003,6409.560000000002,6404.540000000003,6408.050000000003,218
2026-07-28T18:45:00+00:00,6408.050000000003,6411.540000000003,6407.540000000003,6410.560000000002,177.44462452728254
2026-07-28T19:00:00+00:00,6410.560000000002,6415.560000000002,6410.560000000002,6413.550000000003,251
2026-07-28T19:15:00+00:00,6413.550000000003,6419.560000000002,6412.540000000003,6418.560000000002,117
2026-07-28T19:30:00+00:00,6418.560000000002,6418.560000000002,6411.040000000003,6411.560000000002,78
2026-07-28T19:45:00+00:00,6411.560000000002,6412.560000000002,6407.550000000003,6408.110000000002,111
2026-07-29T06:00:00+00:00,6408.110000000002,6408.610000000002,6379.410000000003,6386.400000000002,170.73244929797193
2026-07-29T06:15:00+00:00,6386.400000000002,6393.420000000003,6386.400000000002,6390.900000000002,191
2026-07-29T06:30:00+00:00,6390.900000000002,6404.400000000002,6390.900000000002,6404.400000000002,207
2026-07-29T06:45:00+00:00,6404.400000000002,6406.400000000002,6400.410000000003,6403.900000000002,196
2026-07-29T07:00:00+00:00,6403.900000000002,6409.400000000002,6399.910000000003,6401.910000000003,871
2026-07-29T07:15:00+00:00,6401.910000000003,6404.920000000003,6384.900000000002,6391.420000000003,469
2026-07-29T07:30:00+00:00,6391.420000000003,6392.420000000003,6382.420000000003,6382.420000000003,410
2026-07-29T07:45:00+00:00,6382.420000000003,6382.420000000003,6366.400000000002,6370.400000000002,454
2026-07-29T08:00:00+00:00,6370.400000000002,6373.410000000003,6355.410000000003,6355.410000000003,564
2026-07-29T08:15:00+00:00,6355.410000000003,6360.420000000003,6338.900000000002,6341.900000000002,582
2026-07-29T08:30:00+00:00,6341.900000000002,6357.420000000003,6340.420000000003,6355.400000000002,519
2026-07-29T08:45:00+00:00,6355.400000000002,6366.420000000003,6354.400000000002,6362.900000000002,413
2026-07-29T09:00:00+00:00,6362.900000000002,6365.910000000003,6356.420000000003,6359.910000000003,349
2026-07-29T09:15:00+00:00,6359.910000000003,6360.420000000003,6350.400000000002,6352.410000000003,374
2026-07-29T09:30:00+00:00,6352.410000000003,6363.910000000003,6351.410000000003,6362.410000000003,465
2026-07-29T09:45:00+00:00,6362.410000000003,6366.420000000003,6358.420000000003,6360.920000000003,470
2026-07-29T10:00:00+00:00,6360.920000000003,6365.920000000003,6355.410000000003,6361.920000000003,460
2026-07-29T10:15:00+00:00,6361.920000000003,6367.420000000003,6357.920000000003,6366.930000000003,287
2026-07-29T10:30:00+00:00,6366.930000000003,6369.420000000003,6361.910000000003,6368.910000000003,397
2026-07-29T10:45:00+00:00,6368.910000000003,6369.910000000003,6356.930000000003,6358.920000000003,308
2026-07-29T11:00:00+00:00,6358.920000000003,6373.420000000003,6357.420000000003,6370.430000000003,348
2026-07-29T11:15:00+00:00,6370.430000000003,6376.420000000003,6369.410000000003,6375.930000000003,204
2026-07-29T11:30:00+00:00,6375.930000000003,6376.430000000003,6368.910000000003,6370.910000000003,260
2026-07-29T11:45:00+00:00,6370.910000000003,6379.430000000003,6369.920000000003,6378.930000000003,275
2026-07-29T12:00:00+00:00,6378.930000000003,6383.420000000003,6371.910000000003,6373.920000000003,296
2026-07-29T12:15:00+00:00,6373.920000000003,6374.430000000003,6350.420000000003,6359.930000000003,1375
2026-07-29T12:30:00+00:00,6359.930000000003,6367.430000000003,6355.420000000003,6364.420000000003,351
2026-07-29T12:45:00+00:00,6364.420000000003,6368.430000000003,6360.430000000003,6365.420000000003,180
2026-07-29T13:00:00+00:00,6365.420000000003,6366.430000000003,6358.930000000003,6363.410000000003,355
2026-07-29T13:15:00+00:00,6363.410000000003,6370.420000000003,6359.410000000003,6366.430000000003,293
2026-07-29T13:30:00+00:00,6366.430000000003,6375.430000000003,6364.410000000003,6366.410000000003,1078
2026-07-29T13:45:00+00:00,6366.410000000003,6367.920000000003,6354.410000000003,6363.410000000003,792
2026-07-29T14:00:00+00:00,6363.410000000003,6370.430000000003,6357.410000000003,6359.410000000003,813
2026-07-29T14:15:00+00:00,6359.410000000003,6367.420000000003,6352.410000000003,6353.410000000003,882
2026-07-29T14:30:00+00:00,6353.410000000003,6357.410000000003,6341.920000000003,6343.420000000003,685
2026-07-29T14:45:00+00:00,6343.420000000003,6354.420000000003,6340.920000000003,6348.930000000003,660
2026-07-29T15:00:00+00:00,6348.930000000003,6358.420000000003,6345.410000000003,6356.920000000003,708
2026-07-29T15:15:00+00:00,6356.920000000003,6356.920000000003,6346.420000000003,6348.430000000003,483
2026-07-29T15:30:00+00:00,6348.430000000003,6355.410000000003,6341.410000000003,6343.930000000003,365
2026-07-29T15:45:00+00:00,6343.930000000003,6351.910000000003,6338.420000000003,6340.930000000003,403
2026-07-29T16:00:00+00:00,6340.930000000003,6352.430000000003,6335.420000000003,6335.420000000003,489
2026-07-29T16:15:00+00:00,6335.420000000003,6347.420000000003,6334.430000000003,6346.920000000003,529
2026-07-29T16:30:00+00:00,6346.920000000003,6348.430000000003,6342.410000000003,6344.430000000003,557
2026-07-29T16:45:00+00:00,6344.430000000003,6354.430000000003,6344.410000000003,6354.430000000003,575
2026-07-29T17:00:00+00:00,6354.430000000003,6369.420000000003,6353.410000000003,6369.420000000003,436
2026-07-29T17:15:00+00:00,6369.420000000003,6370.420000000003,6362.910000000003,6362.910000000003,297
2026-07-29T17:30:00+00:00,6362.910000000003,6366.420000000003,6360.420000000003,6363.420000000003,483
2026-07-29T17:45:00+00:00,6363.420000000003,6368.430000000003,6361.410000000003,6367.930000000003,295
2026-07-29T18:00:00+00:00,6367.930000000003,6388.430000000003,6367.930000000003,6374.410000000003,1821
2026-07-29T18:15:00+00:00,6374.410000000003,6379.410000000003,6364.420000000003,6370.430000000003,1152
2026-07-29T18:30:00+00:00,6370.430000000003,6399.420000000003,6362.430000000003,6397.910000000003,1945
2026-07-29T18:45:00+00:00,6397.910000000003,6405.430000000003,6395.430000000003,6403.420000000003,1619
2026-07-29T19:00:00+00:00,6403.420000000003,6407.410000000003,6377.410000000003,6384.910000000003,1719
2026-07-29T19:15:00+00:00,6384.910000000003,6390.430000000003,6362.420000000003,6370.410000000003,1656
2026-07-29T19:30:00+00:00,6370.410000000003,6375.430000000003,6342.420000000003,6344.410000000003,1356
2026-07-29T19:45:00+00:00,6344.410000000003,6345.920000000003,6329.970000000003,6335.970000000003,776
2026-07-30T06:00:00+00:00,6335.970000000003,6360.910000000003,6333.470000000003,6349.920000000003,507.96658948064834
2026-07-30T06:15:00+00:00,6349.920000000003,6352.910000000003,6344.400000000002,6349.900000000002,345.66007765619486
2026-07-30T06:30:00+00:00,6349.900000000002,6349.920000000003,6339.900000000002,6340.410000000003,291
2026-07-30T06:45:00+00:00,6340.410000000003,6352.420000000003,6337.900000000002,6350.900000000002,465
2026-07-30T07:00:00+00:00,6350.900000000002,6383.420000000003,6341.900000000002,6377.400000000002,1891
2026-07-30T07:15:00+00:00,6377.400000000002,6378.920000000003,6356.900000000002,6372.400000000002,1016
2026-07-30T07:30:00+00:00,6372.400000000002,6372.420000000003,6353.900000000002,6368.910000000003,744
2026-07-30T07:45:00+00:00,6368.910000000003,6379.920000000003,6365.900000000002,6366.410000000003,580
2026-07-30T08:00:00+00:00,6366.410000000003,6383.920000000003,6359.910000000003,6378.900000000002,1010
2026-07-30T08:15:00+00:00,6378.900000000002,6390.920000000003,6373.900000000002,6388.420000000003,772
2026-07-30T08:30:00+00:00,6388.420000000003,6392.900000000002,6380.900000000002,6382.920000000003,634
2026-07-30T08:45:00+00:00,6382.920000000003,6388.910000000003,6372.420000000003,6378.910000000003,420
2026-07-30T09:00:00+00:00,6378.910000000003,6396.420000000003,6378.410000000003,6392.420000000003,511
2026-07-30T09:15:00+00:00,6392.420000000003,6398.420000000003,6391.400000000002,6394.420000000003,540
2026-07-30T09:30:00+00:00,6394.420000000003,6398.400000000002,6388.410000000003,6390.420000000003,388
2026-07-30T09:45:00+00:00,6390.420000000003,6394.920000000003,6377.400000000002,6377.910000000003,232
2026-07-30T10:00:00+00:00,6377.910000000003,6385.420000000003,6374.900000000002,6377.420000000003,337
2026-07-30T10:15:00+00:00,6377.420000000003,6391.420000000003,6376.420000000003,6387.900000000002,403
2026-07-30T10:30:00+00:00,6387.900000000002,6402.400000000002,6387.400000000002,6397.400000000002,360
2026-07-30T10:45:00+00:00,6397.400000000002,6399.420000000003,6392.400000000002,6392.920000000003,273
2026-07-30T11:00:00+00:00,6392.920000000003,6405.420000000003,6392.400000000002,6403.420000000003,350
2026-07-30T11:15:00+00:00,6403.420000000003,6412.410000000003,6401.400000000002,6409.910000000003,225
2026-07-30T11:30:00+00:00,6409.910000000003,6412.910000000003,6402.400000000002,6408.920000000003,230
2026-07-30T11:45:00+00:00,6408.920000000003,6417.920000000003,6408.400000000002,6412.420000000003,218
2026-07-30T12:00:00+00:00,6412.420000000003,6415.420000000003,6408.400000000002,6411.400000000002,424
2026-07-30T12:15:00+00:00,6411.400000000002,6417.410000000003,6409.900000000002,6410.920000000003,282
2026-07-30T12:30:00+00:00,6410.920000000003,6414.420000000003,6402.410000000003,6413.410000000003,706
2026-07-30T12:45:00+00:00,6413.410000000003,6416.420000000003,6409.900000000002,6415.420000000003,354
2026-07-30T13:00:00+00:00,6415.420000000003,6430.420000000003,6415.420000000003,6426.410000000003,531
2026-07-30T13:15:00+00:00,6426.410000000003,6435.420000000003,6418.400000000002,6435.400000000002,378
2026-07-30T13:30:00+00:00,6435.400000000002,6437.420000000003,6420.400000000002,6423.410000000003,917
2026-07-30T13:45:00+00:00,6423.410000000003,6447.420000000003,6423.410000000003,6444.420000000003,596
2026-07-30T14:00:00+00:00,6444.420000000003,6445.420000000003,6437.410000000003,6444.910000000003,481
2026-07-30T14:15:00+00:00,6444.910000000003,6456.420000000003,6443.400000000002,6456.420000000003,365
2026-07-30T14:30:00+00:00,6456.420000000003,6459.910000000003,6452.400000000002,6455.410000000003,302
2026-07-30T14:45:00+00:00,6455.410000000003,6460.420000000003,6445.400000000002,6448.400000000002,477
2026-07-30T15:00:00+00:00,6448.400000000002,6450.410000000003,6438.420000000003,6438.420000000003,438
2026-07-30T15:15:00+00:00,6438.420000000003,6446.410000000003,6435.400000000002,6435.420000000003,478
2026-07-30T15:30:00+00:00,6435.420000000003,6450.420000000003,6432.900000000002,6448.910000000003,486
2026-07-30T15:45:00+00:00,6448.910000000003,6451.410000000003,6444.400000000002,6447.420000000003,277
2026-07-30T16:00:00+00:00,6447.420000000003,6451.420000000003,6444.400000000002,6450.410000000003,201
2026-07-30T16:15:00+00:00,6450.410000000003,6452.420000000003,6448.400000000002,6449.920000000003,269
2026-07-30T16:30:00+00:00,6449.920000000003,6452.420000000003,6446.400000000002,6446.910000000003,197
2026-07-30T16:45:00+00:00,6446.910000000003,6452.420000000003,6446.910000000003,6449.420000000003,238
2026-07-30T17:00:00+00:00,6449.420000000003,6456.900000000002,6449.420000000003,6452.420000000003,160
2026-07-30T17:15:00+00:00,6452.420000000003,6458.410000000003,6452.400000000002,6455.420000000003,155
2026-07-30T17:30:00+00:00,6455.420000000003,6459.420000000003,6453.410000000003,6458.420000000003,195
2026-07-30T17:45:00+00:00,6458.420000000003,6460.420000000003,6455.400000000002,6455.410000000003,151
2026-07-30T18:00:00+00:00,6455.410000000003,6456.910000000003,6452.400000000002,6453.400000000002,113
2026-07-30T18:15:00+00:00,6453.400000000002,6457.420000000003,6452.400000000002,6456.410000000003,135
2026-07-30T18:30:00+00:00,6456.410000000003,6457.400000000002,6453.920000000003,6455.920000000003,61
2026-07-30T18:45:00+00:00,6455.920000000003,6458.420000000003,6455.400000000002,6458.410000000003,76
2026-07-30T19:00:00+00:00,6458.410000000003,6467.410000000003,6458.410000000003,6465.400000000002,98
2026-07-30T19:15:00+00:00,6465.400000000002,6467.910000000003,6463.410000000003,6464.420000000003,91
2026-07-30T19:30:00+00:00,6464.420000000003,6465.410000000003,6462.420000000003,6463.900000000002,138
2026-07-30T19:45:00+00:00,6463.900000000002,6469.410000000003,6461.400000000002,6467.470000000003,240
2026-07-31T06:00:00+00:00,6467.470000000003,6493.670000000003,6466.470000000003,6492.660000000003,93.58792125458793
2026-07-31T06:15:00+00:00,6492.660000000003,6494.670000000003,6491.150000000002,6492.150000000002,97
2026-07-31T06:30:00+00:00,6492.150000000002,6494.660000000003,6476.150000000002,6477.650000000002,213
2026-07-31T06:45:00+00:00,6477.650000000002,6480.670000000003,6473.170000000003,6479.150000000002,154
2026-07-31T07:00:00+00:00,6479.150000000002,6513.170000000003,6470.650000000002,6511.650000000002,1128
2026-07-31T07:15:00+00:00,6511.650000000002,6522.160000000003,6501.670000000003,6518.660000000003,835
2026-07-31T07:30:00+00:00,6518.660000000003,6524.650000000002,6515.170000000003,6523.170000000003,545
2026-07-31T07:45:00+00:00,6523.170000000003,6524.670000000003,6516.650000000002,6520.170000000003,511
2026-07-31T08:00:00+00:00,6520.170000000003,6522.170000000003,6509.660000000003,6515.170000000003,872
2026-07-31T08:15:00+00:00,6515.170000000003,6526.670000000003,6515.170000000003,6520.160000000003,489
2026-07-31T08:30:00+00:00,6520.160000000003,6520.170000000003,6511.650000000002,6513.660000000003,387
2026-07-31T08:45:00+00:00,6513.660000000003,6517.650000000002,6510.150000000002,6515.160000000003,268
2026-07-31T09:00:00+00:00,6515.160000000003,6516.170000000003,6503.650000000002,6515.670000000003,483
2026-07-31T09:15:00+00:00,6515.670000000003,6520.170000000003,6513.150000000002,6513.650000000002,177
2026-07-31T09:30:00+00:00,6513.650000000002,6515.660000000003,6502.160000000003,6508.660000000003,351
2026-07-31T09:45:00+00:00,6508.660000000003,6514.670000000003,6504.670000000003,6507.650000000002,268
2026-07-31T10:00:00+00:00,6507.650000000002,6509.670000000003,6502.650000000002,6509.170000000003,341
2026-07-31T10:15:00+00:00,6509.170000000003,6513.670000000003,6506.650000000002,6509.650000000002,194
2026-07-31T10:30:00+00:00,6509.650000000002,6513.660000000003,6506.670000000003,6512.150000000002,208
2026-07-31T10:45:00+00:00,6512.150000000002,6512.160000000003,6504.650000000002,6507.150000000002,306
2026-07-31T11:00:00+00:00,6507.150000000002,6512.670000000003,6503.660000000003,6503.660000000003,291
2026-07-31T11:15:00+00:00,6503.660000000003,6504.670000000003,6496.660000000003,6497.670000000003,464
2026-07-31T11:30:00+00:00,6497.670000000003,6497.670000000003,6487.650000000002,6488.160000000003,508
2026-07-31T11:45:00+00:00,6488.160000000003,6496.670000000003,6486.150000000002,6494.650000000002,271
2026-07-31T12:00:00+00:00,6494.650000000002,6494.650000000002,6486.670000000003,6486.670000000003,238
2026-07-31T12:15:00+00:00,6486.670000000003,6490.670000000003,6483.650000000002,6486.150000000002,252
2026-07-31T12:30:00+00:00,6486.150000000002,6490.660000000003,6477.720000000003,6483.170000000003,411
2026-07-31T12:45:00+00:00,6483.170000000003,6483.170000000003,6474.650000000002,6476.150000000002,439
2026-07-31T13:00:00+00:00,6476.150000000002,6478.650000000002,6472.650000000002,6475.160000000003,318
2026-07-31T13:15:00+00:00,6475.160000000003,6483.670000000003,6475.150000000002,6477.650000000002,380
2026-07-31T13:30:00+00:00,6477.650000000002,6477.650000000002,6455.670000000003,6456.660000000003,874
2026-07-31T13:45:00+00:00,6456.660000000003,6458.160000000003,6445.660000000003,6448.670000000003,1121
2026-07-31T14:00:00+00:00,6448.670000000003,6452.670000000003,6435.650000000002,6442.660000000003,1057
2026-07-31T14:15:00+00:00,6442.660000000003,6464.650000000002,6437.650000000002,6463.160000000003,985
2026-07-31T14:30:00+00:00,6463.160000000003,6469.170000000003,6459.670000000003,6468.650000000002,903
2026-07-31T14:45:00+00:00,6468.650000000002,6475.170000000003,6468.650000000002,6475.170000000003,597
2026-07-31T15:00:00+00:00,6475.170000000003,6477.660000000003,6471.650000000002,6476.160000000003,461
2026-07-31T15:15:00+00:00,6476.160000000003,6481.660000000003,6455.650000000002,6457.170000000003,409
2026-07-31T15:30:00+00:00,6457.170000000003,6471.660000000003,6447.650000000002,6465.670000000003,468
2026-07-31T15:45:00+00:00,6465.670000000003,6470.660000000003,6460.650000000002,6468.670000000003,526
2026-07-31T16:00:00+00:00,6468.670000000003,6468.670000000003,6459.170000000003,6464.170000000003,340.49221120776855
2026-07-31T16:15:00+00:00,6464.170000000003,6469.660000000003,6460.650000000002,6468.670000000003,256
2026-07-31T16:30:00+00:00,6468.670000000003,6472.670000000003,6464.650000000002,6464.660000000003,242
2026-07-31T16:45:00+00:00,6464.660000000003,6470.670000000003,6463.660000000003,6469.160000000003,327
2026-07-31T17:00:00+00:00,6469.160000000003,6473.670000000003,6467.670000000003,6473.660000000003,182
2026-07-31T17:15:00+00:00,6473.660000000003,6478.650000000002,6472.150000000002,6477.160000000003,174
2026-07-31T17:30:00+00:00,6477.160000000003,6477.160000000003,6471.650000000002,6471.650000000002,185
2026-07-31T17:45:00+00:00,6471.650000000002,6473.660000000003,6467.650000000002,6469.650000000002,281
2026-07-31T18:00:00+00:00,6469.650000000002,6475.670000000003,6468.650000000002,6472.670000000003,227
2026-07-31T18:15:00+00:00,6472.670000000003,6475.160000000003,6471.650000000002,6474.170000000003,132
2026-07-31T18:30:00+00:00,6474.170000000003,6474.650000000002,6470.660000000003,6472.150000000002,98
2026-07-31T18:45:00+00:00,6472.150000000002,6473.670000000003,6468.650000000002,6470.160000000003,103
2026-07-31T19:00:00+00:00,6470.160000000003,6472.660000000003,6466.650000000002,6471.660000000003,166
2026-07-31T19:15:00+00:00,6471.660000000003,6478.670000000003,6470.670000000003,6474.650000000002,189
2026-07-31T19:30:00+00:00,6474.650000000002,6478.670000000003,6471.670000000003,6478.650000000002,122
2026-07-31T19:45:00+00:00,6478.650000000002,6483.670000000003,6466.150000000002,6468.200000000003,387
2026-08-03T06:00:00+00:00,6468.200000000003,6514.100000000002,6466.200000000003,6506.110000000002,178.32900177200236
2026-08-03T06:15:00+00:00,6506.110000000002,6506.110000000002,6499.090000000003,6499.090000000003,91
2026-08-03T06:30:00+00:00,6499.090000000003,6505.590000000003,6499.090000000003,6505.100000000002,68.15900383141764
2026-08-03T06:45:00+00:00,6505.100000000002,6507.110000000002,6496.100000000002,6500.610000000002,229.13636363636363
2026-08-03T07:00:00+00:00,6500.610000000002,6516.110000000002,6494.090000000003,6510.100000000002,1470
2026-08-03T07:15:00+00:00,6510.100000000002,6516.090000000003,6503.590000000003,6511.110000000002,1002
2026-08-03T07:30:00+00:00,6511.110000000002,6516.090000000003,6501.110000000002,6501.110000000002,545
2026-08-03T07:45:00+00:00,6501.110000000002,6512.110000000002,6501.090000000003,6510.610000000002,518
2026-08-03T08:00:00+00:00,6510.610000000002,6518.090000000003,6508.090000000003,6518.090000000003,698
2026-08-03T08:15:00+00:00,6518.090000000003,6518.090000000003,6506.090000000003,6511.600000000002,571
2026-08-03T08:30:00+00:00,6511.600000000002,6517.100000000002,6504.610000000002,6515.100000000002,414
2026-08-03T08:45:00+00:00,6515.100000000002,6524.110000000002,6513.090000000003,6524.090000000003,286
2026-08-03T09:00:00+00:00,6524.090000000003,6527.110000000002,6521.090000000003,6522.100000000002,415
2026-08-03T09:15:00+00:00,6522.100000000002,6527.100000000002,6521.090000000003,6525.110000000002,203
2026-08-03T09:30:00+00:00,6525.110000000002,6531.100000000002,6524.590000000003,6526.110000000002,306
2026-08-03T09:45:00+00:00,6526.110000000002,6531.110000000002,6526.110000000002,6528.110000000002,265
2026-08-03T10:00:00+00:00,6528.110000000002,6530.100000000002,6524.090000000003,6528.090000000003,226
2026-08-03T10:15:00+00:00,6528.090000000003,6530.110000000002,6523.090000000003,6529.110000000002,367
2026-08-03T10:30:00+00:00,6529.110000000002,6529.110000000002,6524.090000000003,6527.090000000003,256
2026-08-03T10:45:00+00:00,6527.090000000003,6529.110000000002,6525.590000000003,6527.100000000002,228
2026-08-03T11:00:00+00:00,6527.100000000002,6527.610000000002,6521.090000000003,6523.610000000002,345
2026-08-03T11:15:00+00:00,6523.610000000002,6528.110000000002,6522.090000000003,6525.110000000002,325
2026-08-03T11:30:00+00:00,6525.110000000002,6529.110000000002,6525.100000000002,6528.100000000002,234
2026-08-03T11:45:00+00:00,6528.100000000002,6528.100000000002,6522.090000000003,6522.100000000002,172
2026-08-03T12:00:00+00:00,6522.100000000002,6522.110000000002,6509.090000000003,6518.090000000003,298
2026-08-03T12:15:00+00:00,6518.090000000003,6519.600000000002,6507.090000000003,6512.100000000002,310
2026-08-03T12:30:00+00:00,6512.100000000002,6515.100000000002,6510.090000000003,6513.600000000002,172
2026-08-03T12:45:00+00:00,6513.600000000002,6517.600000000002,6510.090000000003,6517.590000000003,336
2026-08-03T13:00:00+00:00,6517.590000000003,6521.110000000002,6505.100000000002,6506.590000000003,354
2026-08-03T13:15:00+00:00,6506.590000000003,6516.110000000002,6506.100000000002,6512.100000000002,225
2026-08-03T13:30:00+00:00,6512.100000000002,6523.100000000002,6503.110000000002,6522.110000000002,756
2026-08-03T13:45:00+00:00,6522.110000000002,6530.090000000003,6521.090000000003,6530.090000000003,561
2026-08-03T14:00:00+00:00,6530.090000000003,6535.110000000002,6526.610000000002,6534.590000000003,357
2026-08-03T14:15:00+00:00,6534.590000000003,6539.110000000002,6531.110000000002,6538.590000000003,283
2026-08-03T14:30:00+00:00,6538.590000000003,6543.090000000003,6538.100000000002,6538.610000000002,282
2026-08-03T14:45:00+00:00,6538.610000000002,6541.610000000002,6535.090000000003,6540.100000000002,235
2026-08-03T15:00:00+00:00,6540.100000000002,6541.100000000002,6533.090000000003,6534.610000000002,286
2026-08-03T15:15:00+00:00,6534.610000000002,6542.110000000002,6534.090000000003,6536.090000000003,270
2026-08-03T15:30:00+00:00,6536.090000000003,6542.110000000002,6532.090000000003,6538.590000000003,342
2026-08-03T15:45:00+00:00,6538.590000000003,6541.610000000002,6535.090000000003,6536.610000000002,79
2026-08-03T16:00:00+00:00,6536.610000000002,6537.110000000002,6535.090000000003,6537.100000000002,163
2026-08-03T16:15:00+00:00,6537.100000000002,6539.110000000002,6536.090000000003,6539.110000000002,197
2026-08-03T16:30:00+00:00,6539.110000000002,6539.110000000002,6532.090000000003,6534.100000000002,139.38795986622074
2026-08-03T16:45:00+00:00,6534.100000000002,6534.110000000002,6531.090000000003,6532.110000000002,92
2026-08-03T17:00:00+00:00,6532.110000000002,6534.110000000002,6530.090000000003,6534.110000000002,43.95060614851738
2026-08-03T17:15:00+00:00,6534.110000000002,6538.110000000002,6534.090000000003,6537.100000000002,56.39566563467493
2026-08-03T17:30:00+00:00,6537.100000000002,6540.100000000002,6537.090000000003,6540.100000000002,53.80233768128741
2026-08-03T17:45:00+00:00,6540.100000000002,6542.110000000002,6539.110000000002,6542.100000000002,82.36122733612274
2026-08-03T18:00:00+00:00,6542.100000000002,6551.600000000002,6542.100000000002,6551.110000000002,106
2026-08-03T18:15:00+00:00,6551.110000000002,6553.100000000002,6548.090000000003,6549.100000000002,68
2026-08-03T18:30:00+00:00,6549.100000000002,6552.610000000002,6547.590000000003,6552.610000000002,73
2026-08-03T18:45:00+00:00,6552.610000000002,6552.610000000002,6550.090000000003,6550.090000000003,83.4552495697074
2026-08-03T19:00:00+00:00,6550.090000000003,6553.110000000002,6550.090000000003,6550.100000000002,141
2026-08-03T19:15:00+00:00,6550.100000000002,6551.110000000002,6550.090000000003,6550.110000000002,65.15004385521033
2026-08-03T19:30:00+00:00,6550.110000000002,6551.110000000002,6548.090000000003,6548.590000000003,64.80430107526882
2026-08-03T19:45:00+00:00,6548.590000000003,6550.110000000002,6545.090000000003,6547.160000000003,230
2026-08-04T06:00:00+00:00,6547.160000000003,6572.340000000003,6547.160000000003,6571.820000000002,154.26043165467627
2026-08-04T06:15:00+00:00,6571.820000000002,6572.340000000003,6565.330000000003,6568.320000000002,135
2026-08-04T06:30:00+00:00,6568.320000000002,6568.320000000002,6561.340000000003,6564.320000000002,120.67077872012337
2026-08-04T06:45:00+00:00,6564.320000000002,6565.340000000003,6560.330000000003,6564.830000000003,84
2026-08-04T07:00:00+00:00,6564.830000000003,6584.340000000003,6562.820000000002,6579.330000000003,830
2026-08-04T07:15:00+00:00,6579.330000000003,6583.340000000003,6574.320000000002,6579.820000000002,323
2026-08-04T07:30:00+00:00,6579.820000000002,6583.340000000003,6570.320000000002,6572.820000000002,267
2026-08-04T07:45:00+00:00,6572.820000000002,6582.340000000003,6570.340000000003,6580.820000000002,289
2026-08-04T08:00:00+00:00,6580.820000000002,6586.320000000002,6578.320000000002,6579.820000000002,419
2026-08-04T08:15:00+00:00,6579.820000000002,6580.340000000003,6574.320000000002,6578.840000000003,454
2026-08-04T08:30:00+00:00,6578.840000000003,6578.840000000003,6566.330000000003,6568.320000000002,344
2026-08-04T08:45:00+00:00,6568.320000000002,6568.330000000003,6561.330000000003,6564.820000000002,228
2026-08-04T09:00:00+00:00,6564.820000000002,6565.840000000003,6558.320000000002,6558.840000000003,308
2026-08-04T09:15:00+00:00,6558.840000000003,6563.340000000003,6555.330000000003,6563.320000000002,277
2026-08-04T09:30:00+00:00,6563.320000000002,6570.320000000002,6562.320000000002,6569.320000000002,126
2026-08-04T09:45:00+00:00,6569.320000000002,6569.320000000002,6560.340000000003,6564.340000000003,211
2026-08-04T10:00:00+00:00,6564.340000000003,6564.340000000003,6558.320000000002,6560.340000000003,176
2026-08-04T10:15:00+00:00,6560.340000000003,6561.330000000003,6554.330000000003,6559.840000000003,216
2026-08-04T10:30:00+00:00,6559.840000000003,6569.340000000003,6559.840000000003,6568.840000000003,312
2026-08-04T10:45:00+00:00,6568.840000000003,6577.330000000003,6568.320000000002,6568.840000000003,556
2026-08-04T11:00:00+00:00,6568.840000000003,6574.330000000003,6567.830000000003,6570.320000000002,306
2026-08-04T11:15:00+00:00,6570.320000000002,6575.330000000003,6569.820000000002,6574.820000000002,252
2026-08-04T11:30:00+00:00,6574.820000000002,6587.320000000002,6573.320000000002,6586.320000000002,319
2026-08-04T11:45:00+00:00,6586.320000000002,6588.340000000003,6582.320000000002,6587.340000000003,766
2026-08-04T12:00:00+00:00,6587.340000000003,6590.340000000003,6582.340000000003,6585.330000000003,454
2026-08-04T12:15:00+00:00,6585.330000000003,6586.330000000003,6581.320000000002,6583.320000000002,194
2026-08-04T12:30:00+00:00,6583.320000000002,6584.340000000003,6577.320000000002,6577.320000000002,225
2026-08-04T12:45:00+00:00,6577.320000000002,6579.340000000003,6573.330000000003,6573.330000000003,213
2026-08-04T13:00:00+00:00,6573.330000000003,6584.340000000003,6573.320000000002,6581.340000000003,272
2026-08-04T13:15:00+00:00,6581.340000000003,6595.340000000003,6581.320000000002,6590.330000000003,567
2026-08-04T13:30:00+00:00,6590.330000000003,6592.840000000003,6583.320000000002,6588.340000000003,326
2026-08-04T13:45:00+00:00,6588.340000000003,6596.340000000003,6588.320000000002,6589.340000000003,309
2026-08-04T14:00:00+00:00,6589.340000000003,6591.330000000003,6583.340000000003,6585.840000000003,245
2026-08-04T14:15:00+00:00,6585.840000000003,6592.320000000002,6583.320000000002,6583.830000000003,296
2026-08-04T14:30:00+00:00,6583.830000000003,6598.830000000003,6582.830000000003,6591.330000000003,451
2026-08-04T14:45:00+00:00,6591.330000000003,6596.330000000003,6590.340000000003,6590.830000000003,233
2026-08-04T15:00:00+00:00,6590.830000000003,6595.340000000003,6587.320000000002,6590.340000000003,216
2026-08-04T15:15:00+00:00,6590.340000000003,6597.830000000003,6588.340000000003,6594.330000000003,178
2026-08-04T15:30:00+00:00,6594.330000000003,6607.340000000003,6590.840000000003,6605.820000000002,362
2026-08-04T15:45:00+00:00,6605.820000000002,6605.820000000002,6594.320000000002,6595.340000000003,150
2026-08-04T16:00:00+00:00,6595.340000000003,6598.340000000003,6593.320000000002,6594.320000000002,187
2026-08-04T16:15:00+00:00,6594.320000000002,6601.330000000003,6594.320000000002,6600.340000000003,134
2026-08-04T16:30:00+00:00,6600.340000000003,6602.340000000003,6598.830000000003,6601.820000000002,67
2026-08-04T16:45:00+00:00,6601.820000000002,6604.820000000002,6601.320000000002,6603.340000000003,89
2026-08-04T17:00:00+00:00,6603.340000000003,6607.840000000003,6603.340000000003,6607.830000000003,100
2026-08-04T17:15:00+00:00,6607.830000000003,6609.340000000003,6605.320000000002,6607.320000000002,70
2026-08-04T17:30:00+00:00,6607.320000000002,6611.340000000003,6606.320000000002,6610.330000000003,78
2026-08-04T17:45:00+00:00,6610.330000000003,6613.830000000003,6606.330000000003,6607.330000000003,145
2026-08-04T18:00:00+00:00,6607.330000000003,6610.820000000002,6606.320000000002,6610.340000000003,189
2026-08-04T18:15:00+00:00,6610.340000000003,6612.340000000003,6608.330000000003,6611.330000000003,143
2026-08-04T18:30:00+00:00,6611.330000000003,6612.340000000003,6606.320000000002,6607.330000000003,175
2026-08-04T18:45:00+00:00,6607.330000000003,6610.340000000003,6607.330000000003,6610.340000000003,138.71722182849044
2026-08-04T19:00:00+00:00,6610.340000000003,6616.340000000003,6610.320000000002,6614.330000000003,103.04384054485207
2026-08-04T19:15:00+00:00,6614.330000000003,6616.340000000003,6614.320000000002,6615.340000000003,95.73305439330544
2026-08-04T19:30:00+00:00,6615.340000000003,6620.320000000002,6614.320000000002,6619.830000000003,136
2026-08-04T19:45:00+00:00,6619.830000000003,6619.830000000003,6612.320000000002,6615.880000000003,128
2026-08-05T06:00:00+00:00,6615.880000000003,6622.900000000002,6614.380000000003,6621.400000000002,116.57599454630073
2026-08-05T06:15:00+00:00,6621.400000000002,6621.400000000002,6610.420000000003,6612.410000000003,92
2026-08-05T06:30:00+00:00,6612.410000000003,6618.400000000002,6612.400000000002,6614.410000000003,112
2026-08-05T06:45:00+00:00,6614.410000000003,6615.900000000002,6611.900000000002,6615.420000000003,175
2026-08-05T07:00:00+00:00,6615.420000000003,6626.410000000003,6607.900000000002,6611.910000000003,908
2026-08-05T07:15:00+00:00,6611.910000000003,6612.400000000002,6604.410000000003,6605.900000000002,396
2026-08-05T07:30:00+00:00,6605.900000000002,6608.920000000003,6600.420000000003,6602.420000000003,392
2026-08-05T07:45:00+00:00,6602.420000000003,6606.420000000003,6600.400000000002,6602.910000000003,241
2026-08-05T08:00:00+00:00,6602.910000000003,6603.420000000003,6590.410000000003,6591.400000000002,250
2026-08-05T08:15:00+00:00,6591.400000000002,6596.420000000003,6587.410000000003,6591.900000000002,173
2026-08-05T08:30:00+00:00,6591.900000000002,6592.420000000003,6586.410000000003,6589.910000000003,357
2026-08-05T08:45:00+00:00,6589.910000000003,6596.420000000003,6588.420000000003,6590.400000000002,182
2026-08-05T09:00:00+00:00,6590.400000000002,6593.420000000003,6588.400000000002,6589.920000000003,250
2026-08-05T09:15:00+00:00,6589.920000000003,6592.400000000002,6587.400000000002,6591.420000000003,284
2026-08-05T09:30:00+00:00,6591.420000000003,6593.420000000003,6588.910000000003,6590.420000000003,121
2026-08-05T09:45:00+00:00,6590.420000000003,6592.400000000002,6587.900000000002,6589.920000000003,70
2026-08-05T10:00:00+00:00,6589.920000000003,6590.420000000003,6585.400000000002,6586.410000000003,89
2026-08-05T10:15:00+00:00,6586.410000000003,6587.920000000003,6584.400000000002,6587.420000000003,104.4742746615087
2026-08-05T10:30:00+00:00,6587.420000000003,6589.420000000003,6583.400000000002,6584.910000000003,192
2026-08-05T10:45:00+00:00,6584.910000000003,6587.420000000003,6580.410000000003,6586.410000000003,364
2026-08-05T11:00:00+00:00,6586.410000000003,6591.420000000003,6584.400000000002,6591.420000000003,288
2026-08-05T11:15:00+00:00,6591.420000000003,6596.420000000003,6591.410000000003,6592.910000000003,180
2026-08-05T11:30:00+00:00,6592.910000000003,6596.420000000003,6591.420000000003,6594.920000000003,144.7204724409449
2026-08-05T11:45:00+00:00,6594.920000000003,6599.420000000003,6593.900000000002,6599.420000000003,144
2026-08-05T12:00:00+00:00,6599.420000000003,6601.420000000003,6593.400000000002,6594.910000000003,263
2026-08-05T12:15:00+00:00,6594.910000000003,6602.420000000003,6594.400000000002,6599.400000000002,245
2026-08-05T12:30:00+00:00,6599.400000000002,6601.420000000003,6598.400000000002,6599.920000000003,170
2026-08-05T12:45:00+00:00,6599.920000000003,6602.420000000003,6597.400000000002,6599.910000000003,144
2026-08-05T13:00:00+00:00,6599.910000000003,6602.410000000003,6597.400000000002,6599.900000000002,106
2026-08-05T13:15:00+00:00,6599.900000000002,6603.410000000003,6595.400000000002,6601.410000000003,138
2026-08-05T13:30:00+00:00,6601.410000000003,6610.420000000003,6599.400000000002,6602.420000000003,619
2026-08-05T13:45:00+00:00,6602.420000000003,6603.420000000003,6597.910000000003,6602.420000000003,491
2026-08-05T14:00:00+00:00,6602.420000000003,6602.420000000003,6591.400000000002,6594.910000000003,682
2026-08-05T14:15:00+00:00,6594.910000000003,6594.910000000003,6587.410000000003,6590.900000000002,399
2026-08-05T14:30:00+00:00,6590.900000000002,6591.410000000003,6584.410000000003,6584.410000000003,501
2026-08-05T14:45:00+00:00,6584.410000000003,6586.410000000003,6579.400000000002,6585.400000000002,216
2026-08-05T15:00:00+00:00,6585.400000000002,6594.420000000003,6584.900000000002,6587.900000000002,292
2026-08-05T15:15:00+00:00,6587.900000000002,6588.920000000003,6579.400000000002,6580.910000000003,258
2026-08-05T15:30:00+00:00,6580.910000000003,6588.410000000003,6580.410000000003,6587.910000000003,274
2026-08-05T15:45:00+00:00,6587.910000000003,6588.420000000003,6580.400000000002,6580.410000000003,190
2026-08-05T16:00:00+00:00,6580.410000000003,6587.400000000002,6580.410000000003,6584.920000000003,361
2026-08-05T16:15:00+00:00,6584.920000000003,6593.420000000003,6583.920000000003,6593.410000000003,300
2026-08-05T16:30:00+00:00,6593.410000000003,6593.410000000003,6588.410000000003,6590.410000000003,302
2026-08-05T16:45:00+00:00,6590.410000000003,6592.420000000003,6589.400000000002,6591.420000000003,261
2026-08-05T17:00:00+00:00,6591.420000000003,6592.420000000003,6588.400000000002,6591.900000000002,303
2026-08-05T17:15:00+00:00,6591.900000000002,6594.420000000003,6589.410000000003,6591.410000000003,116
2026-08-05T17:30:00+00:00,6591.410000000003,6596.420000000003,6590.400000000002,6594.900000000002,155
2026-08-05T17:45:00+00:00,6594.900000000002,6596.410000000003,6592.410000000003,6595.900000000002,139
2026-08-05T18:00:00+00:00,6595.900000000002,6597.410000000003,6593.900000000002,6593.900000000002,104.5380564863571
2026-08-05T18:15:00+00:00,6593.900000000002,6595.420000000003,6593.400000000002,6594.420000000003,148
2026-08-05T18:30:00+00:00,6594.420000000003,6594.420000000003,6591.400000000002,6592.400000000002,122.27193438476837
2026-08-05T18:45:00+00:00,6592.400000000002,6593.420000000003,6591.400000000002,6591.400000000002,56
2026-08-05T19:00:00+00:00,6591.400000000002,6596.410000000003,6590.400000000002,6596.400000000002,85
2026-08-05T19:15:00+00:00,6596.400000000002,6596.420000000003,6594.400000000002,6596.420000000003,122
2026-08-05T19:30:00+00:00,6596.420000000003,6596.420000000003,6593.400000000002,6593.400000000002,123.08430431802604
2026-08-05T19:45:00+00:00,6593.400000000002,6594.420000000003,6585.410000000003,6586.470000000003,224
2026-08-06T06:00:00+00:00,6586.470000000003,6595.790000000003,6586.470000000003,6589.790000000003,159.65413533834587
2026-08-06T06:15:00+00:00,6589.790000000003,6596.2800000000025,6585.770000000002,6595.790000000003,105
2026-08-06T06:30:00+00:00,6595.790000000003,6598.790000000003,6592.770000000002,6598.770000000002,151
2026-08-06T06:45:00+00:00,6598.770000000002,6604.790000000003,6597.270000000002,6602.270000000002,232
2026-08-06T07:00:00+00:00,6602.270000000002,6615.790000000003,6597.7800000000025,6615.790000000003,1089
2026-08-06T07:15:00+00:00,6615.790000000003,6617.790000000003,6609.2800000000025,6610.270000000002,496
2026-08-06T07:30:00+00:00,6610.270000000002,6615.770000000002,6604.770000000002,6605.790000000003,349
2026-08-06T07:45:00+00:00,6605.790000000003,6613.270000000002,6604.2800000000025,6609.770000000002,415
2026-08-06T08:00:00+00:00,6609.770000000002,6609.790000000003,6599.7800000000025,6603.790000000003,544
2026-08-06T08:15:00+00:00,6603.790000000003,6613.7800000000025,6601.790000000003,6612.7800000000025,342
2026-08-06T08:30:00+00:00,6612.7800000000025,6621.7800000000025,6612.7800000000025,6616.2800000000025,245
2026-08-06T08:45:00+00:00,6616.2800000000025,6625.770000000002,6615.790000000003,6622.790000000003,292
2026-08-06T09:00:00+00:00,6622.790000000003,6623.770000000002,6612.770000000002,6615.790000000003,259
2026-08-06T09:15:00+00:00,6615.790000000003,6621.7800000000025,6615.790000000003,6620.790000000003,179
2026-08-06T09:30:00+00:00,6620.790000000003,6621.7800000000025,6614.770000000002,6616.770000000002,240
2026-08-06T09:45:00+00:00,6616.770000000002,6620.790000000003,6615.770000000002,6620.790000000003,289
2026-08-06T10:00:00+00:00,6620.790000000003,6622.7800000000025,6617.770000000002,6619.790000000003,201
2026-08-06T10:15:00+00:00,6619.790000000003,6622.790000000003,6615.770000000002,6619.790000000003,180
2026-08-06T10:30:00+00:00,6619.790000000003,6621.790000000003,6616.7800000000025,6620.790000000003,292
2026-08-06T10:45:00+00:00,6620.790000000003,6624.7800000000025,6620.770000000002,6622.270000000002,220
2026-08-06T11:00:00+00:00,6622.270000000002,6623.790000000003,6611.7800000000025,6616.790000000003,508
2026-08-06T11:15:00+00:00,6616.790000000003,6621.770000000002,6616.770000000002,6619.770000000002,160
2026-08-06T11:30:00+00:00,6619.770000000002,6621.790000000003,6614.770000000002,6615.270000000002,198
2026-08-06T11:45:00+00:00,6615.270000000002,6618.290000000003,6611.770000000002,6617.2800000000025,283
2026-08-06T12:00:00+00:00,6617.2800000000025,6619.290000000003,6612.770000000002,6615.770000000002,234
2026-08-06T12:15:00+00:00,6615.770000000002,6617.7800000000025,6612.770000000002,6615.270000000002,285
2026-08-06T12:30:00+00:00,6615.270000000002,6619.790000000003,6612.7800000000025,6616.790000000003,253
2026-08-06T12:45:00+00:00,6616.790000000003,6619.790000000003,6614.770000000002,6616.790000000003,219
2026-08-06T13:00:00+00:00,6616.790000000003,6616.790000000003,6611.7800000000025,6613.790000000003,319
2026-08-06T13:15:00+00:00,6613.790000000003,6615.7800000000025,6609.770000000002,6611.2800000000025,291
2026-08-06T13:30:00+00:00,6611.2800000000025,6620.770000000002,6606.770000000002,6617.2800000000025,555
2026-08-06T13:45:00+00:00,6617.2800000000025,6623.770000000002,6614.770000000002,6622.770000000002,467
2026-08-06T14:00:00+00:00,6622.770000000002,6629.290000000003,6620.770000000002,6628.7800000000025,315
2026-08-06T14:15:00+00:00,6628.7800000000025,6631.790000000003,6621.790000000003,6622.770000000002,233
2026-08-06T14:30:00+00:00,6622.770000000002,6630.270000000002,6622.770000000002,6629.790000000003,167
2026-08-06T14:45:00+00:00,6629.790000000003,6629.790000000003,6624.270000000002,6624.7800000000025,277
2026-08-06T15:00:00+00:00,6624.7800000000025,6629.2800000000025,6623.790000000003,6626.770000000002,283
2026-08-06T15:15:00+00:00,6626.770000000002,6626.770000000002,6612.770000000002,6614.770000000002,323
2026-08-06T15:30:00+00:00,6614.770000000002,6619.770000000002,6605.7800000000025,6617.290000000003,246
2026-08-06T15:45:00+00:00,6617.290000000003,6624.290000000003,6606.270000000002,6611.790000000003,605
2026-08-06T16:00:00+00:00,6611.790000000003,6611.790000000003,6602.770000000002,6603.270000000002,424
2026-08-06T16:15:00+00:00,6603.270000000002,6607.290000000003,6600.770000000002,6604.790000000003,243
2026-08-06T16:30:00+00:00,6604.790000000003,6609.790000000003,6604.2800000000025,6605.790000000003,323
2026-08-06T16:45:00+00:00,6605.790000000003,6612.290000000003,6604.790000000003,6612.2800000000025,240
2026-08-06T17:00:00+00:00,6612.2800000000025,6614.2800000000025,6609.770000000002,6609.790000000003,248
2026-08-06T17:15:00+00:00,6609.790000000003,6610.790000000003,6607.770000000002,6608.290000000003,200
2026-08-06T17:30:00+00:00,6608.290000000003,6609.790000000003,6606.770000000002,6607.2800000000025,270.28198757763977
2026-08-06T17:45:00+00:00,6607.2800000000025,6609.790000000003,6606.770000000002,6608.7800000000025,147.54342762564053
2026-08-06T18:00:00+00:00,6608.7800000000025,6609.790000000003,6606.770000000002,6608.7800000000025,278
2026-08-06T18:15:00+00:00,6608.7800000000025,6612.790000000003,6606.270000000002,6611.7800000000025,242
2026-08-06T18:30:00+00:00,6611.7800000000025,6611.790000000003,6606.770000000002,6607.770000000002,168.29205807002563
2026-08-06T18:45:00+00:00,6607.770000000002,6609.790000000003,6606.770000000002,6609.2800000000025,160.64203866866234
2026-08-06T19:00:00+00:00,6609.2800000000025,6612.2800000000025,6608.770000000002,6609.770000000002,220
2026-08-06T19:15:00+00:00,6609.770000000002,6610.7800000000025,6603.770000000002,6604.770000000002,325
2026-08-06T19:30:00+00:00,6604.770000000002,6605.790000000003,6601.770000000002,6602.290000000003,295
2026-08-06T19:45:00+00:00,6602.290000000003,6607.790000000003,6600.770000000002,6606.830000000003,272
2026-08-07T06:00:00+00:00,6606.830000000003,6614.9900000000025,6604.4900000000025,6613.9900000000025,98.99690676093681
2026-08-07T06:15:00+00:00,6613.9900000000025,6618.500000000003,6612.9900000000025,6616.980000000002,127
2026-08-07T06:30:00+00:00,6616.980000000002,6616.9900000000025,6611.980000000002,6611.9900000000025,157
2026-08-07T06:45:00+00:00,6611.9900000000025,6619.980000000002,6611.480000000002,6615.4900000000025,162.54288597376387
2026-08-07T07:00:00+00:00,6615.4900000000025,6622.9900000000025,6612.000000000003,6622.500000000003,1009
2026-08-07T07:15:00+00:00,6622.500000000003,6625.980000000002,6620.000000000003,6622.9900000000025,483
2026-08-07T07:30:00+00:00,6622.9900000000025,6629.000000000003,6619.980000000002,6627.980000000002,525
2026-08-07T07:45:00+00:00,6627.980000000002,6630.000000000003,6621.980000000002,6621.980000000002,371
2026-08-07T08:00:00+00:00,6621.980000000002,6626.000000000003,6617.980000000002,6620.480000000002,357
2026-08-07T08:15:00+00:00,6620.480000000002,6626.000000000003,6615.980000000002,6626.000000000003,367
2026-08-07T08:30:00+00:00,6626.000000000003,6628.500000000003,6624.000000000003,6625.980000000002,175
2026-08-07T08:45:00+00:00,6625.980000000002,6630.000000000003,6625.4900000000025,6630.000000000003,255
2026-08-07T09:00:00+00:00,6630.000000000003,6632.9900000000025,6627.480000000002,6629.980000000002,180
2026-08-07T09:15:00+00:00,6629.980000000002,6633.000000000003,6627.980000000002,6631.500000000003,174
2026-08-07T09:30:00+00:00,6631.500000000003,6635.000000000003,6628.9900000000025,6633.4900000000025,217
2026-08-07T09:45:00+00:00,6633.4900000000025,6641.000000000003,6631.980000000002,6640.980000000002,331
2026-08-07T10:00:00+00:00,6640.980000000002,6645.000000000003,6639.980000000002,6642.9900000000025,226
2026-08-07T10:15:00+00:00,6642.9900000000025,6646.000000000003,6640.980000000002,6642.9900000000025,134.6428239665583
2026-08-07T10:30:00+00:00,6642.9900000000025,6649.000000000003,6641.980000000002,6647.980000000002,201
2026-08-07T10:45:00+00:00,6647.980000000002,6651.000000000003,6647.980000000002,6650.4900000000025,161
2026-08-07T11:00:00+00:00,6650.4900000000025,6653.000000000003,6645.980000000002,6647.000000000003,201
2026-08-07T11:15:00+00:00,6647.000000000003,6650.000000000003,6647.000000000003,6647.980000000002,195
2026-08-07T11:30:00+00:00,6647.980000000002,6650.000000000003,6647.500000000003,6649.000000000003,253
2026-08-07T11:45:00+00:00,6649.000000000003,6649.480000000002,6644.500000000003,6645.980000000002,77.90135811293781
2026-08-07T12:00:00+00:00,6645.980000000002,6651.000000000003,6644.980000000002,6646.980000000002,250.82407407407408
2026-08-07T12:15:00+00:00,6646.980000000002,6654.980000000002,6644.9900000000025,6651.0300000000025,238.82461786001608
2026-08-07T12:30:00+00:00,6651.0300000000025,6661.980000000002,6644.050000000003,6657.9900000000025,951
2026-08-07T12:45:00+00:00,6657.9900000000025,6661.000000000003,6656.980000000002,6657.980000000002,227
2026-08-07T13:00:00+00:00,6657.980000000002,6659.500000000003,6646.980000000002,6647.9900000000025,208
2026-08-07T13:15:00+00:00,6647.9900000000025,6650.000000000003,6645.980000000002,6648.500000000003,295
2026-08-07T13:30:00+00:00,6648.500000000003,6648.500000000003,6638.980000000002,6641.480000000002,522
2026-08-07T13:45:00+00:00,6641.480000000002,6643.000000000003,6630.980000000002,6632.980000000002,576
2026-08-07T14:00:00+00:00,6632.980000000002,6635.9900000000025,6625.980000000002,6630.500000000003,627
2026-08-07T14:15:00+00:00,6630.500000000003,6642.500000000003,6629.980000000002,6642.480000000002,448
2026-08-07T14:30:00+00:00,6642.480000000002,6645.000000000003,6637.980000000002,6639.4900000000025,577
2026-08-07T14:45:00+00:00,6639.4900000000025,6643.9900000000025,6638.000000000003,6641.000000000003,450
2026-08-07T15:00:00+00:00,6641.000000000003,6641.000000000003,6633.500000000003,6634.9900000000025,243
2026-08-07T15:15:00+00:00,6634.9900000000025,6635.9900000000025,6630.980000000002,6631.000000000003,161
2026-08-07T15:30:00+00:00,6631.000000000003,6633.000000000003,6623.500000000003,6627.000000000003,173
2026-08-07T15:45:00+00:00,6627.000000000003,6629.000000000003,6623.980000000002,6625.000000000003,123
2026-08-07T16:00:00+00:00,6625.000000000003,6627.000000000003,6623.980000000002,6623.9900000000025,116
2026-08-07T16:15:00+00:00,6623.9900000000025,6627.4900000000025,6617.980000000002,6619.480000000002,264
2026-08-07T16:30:00+00:00,6619.480000000002,6624.000000000003,6616.980000000002,6623.480000000002,174
2026-08-07T16:45:00+00:00,6623.480000000002,6625.000000000003,6620.980000000002,6621.980000000002,169
2026-08-07T17:00:00+00:00,6621.980000000002,6623.000000000003,6620.480000000002,6620.480000000002,93.65755266696549
2026-08-07T17:15:00+00:00,6620.480000000002,6622.9900000000025,6619.9900000000025,6621.000000000003,145
2026-08-07T17:30:00+00:00,6621.000000000003,6625.000000000003,6620.000000000003,6621.980000000002,184
2026-08-07T17:45:00+00:00,6621.980000000002,6624.000000000003,6621.4900000000025,6622.9900000000025,84
2026-08-07T18:00:00+00:00,6622.9900000000025,6623.000000000003,6618.980000000002,6618.980000000002,85.41495698213103
2026-08-07T18:15:00+00:00,6618.980000000002,6620.980000000002,6618.000000000003,6618.000000000003,54
2026-08-07T18:30:00+00:00,6618.000000000003,6619.000000000003,6616.000000000003,6616.510000000003,106
2026-08-07T18:45:00+00:00,6616.510000000003,6623.010000000003,6615.9900000000025,6623.010000000003,94
2026-08-07T19:00:00+00:00,6623.010000000003,6632.510000000003,6622.000000000003,6631.510000000003,234
2026-08-07T19:15:00+00:00,6631.510000000003,6639.010000000003,6631.510000000003,6636.000000000003,251
2026-08-07T19:30:00+00:00,6636.000000000003,6638.010000000003,6634.010000000003,6635.500000000003,90
2026-08-07T19:45:00+00:00,6635.500000000003,6639.010000000003,6632.000000000003,6638.050000000003,124
2026-08-10T06:00:00+00:00,6638.050000000003,6638.550000000003,6631.650000000003,6631.660000000003,74.54043497279633
2026-08-10T06:15:00+00:00,6631.660000000003,6631.670000000003,6625.650000000003,6625.650000000003,88
2026-08-10T06:30:00+00:00,6625.650000000003,6626.670000000003,6624.650000000003,6626.670000000003,75
2026-08-10T06:45:00+00:00,6626.670000000003,6632.170000000003,6626.160000000003,6631.160000000003,94
2026-08-10T07:00:00+00:00,6631.160000000003,6635.670000000003,6626.650000000003,6627.170000000003,564
2026-08-10T07:15:00+00:00,6627.170000000003,6635.670000000003,6625.670000000003,6633.160000000003,292
2026-08-10T07:30:00+00:00,6633.160000000003,6637.660000000003,6630.660000000003,6636.660000000003,189
2026-08-10T07:45:00+00:00,6636.660000000003,6639.670000000003,6630.660000000003,6634.660000000003,305
2026-08-10T08:00:00+00:00,6634.660000000003,6636.670000000003,6629.170000000003,6630.650000000003,399
2026-08-10T08:15:00+00:00,6630.650000000003,6632.670000000003,6627.670000000003,6632.170000000003,239
2026-08-10T08:30:00+00:00,6632.170000000003,6635.670000000003,6630.660000000003,6635.670000000003,229
2026-08-10T08:45:00+00:00,6635.670000000003,6637.670000000003,6634.650000000003,6637.160000000003,249
2026-08-10T09:00:00+00:00,6637.160000000003,6639.670000000003,6635.650000000003,6639.670000000003,112
2026-08-10T09:15:00+00:00,6639.670000000003,6644.670000000003,6636.650000000003,6644.670000000003,104
2026-08-10T09:30:00+00:00,6644.670000000003,6644.670000000003,6641.650000000003,6643.170000000003,202
2026-08-10T09:45:00+00:00,6643.170000000003,6645.650000000003,6642.650000000003,6644.160000000003,125
2026-08-10T10:00:00+00:00,6644.160000000003,6647.670000000003,6641.650000000003,6645.170000000003,69.94631639063392
2026-08-10T10:15:00+00:00,6645.170000000003,6652.670000000003,6643.660000000003,6652.150000000003,105.75043029259896
2026-08-10T10:30:00+00:00,6652.150000000003,6654.670000000003,6651.650000000003,6653.150000000003,165
2026-08-10T10:45:00+00:00,6653.150000000003,6656.170000000003,6650.650000000003,6653.160000000003,81
2026-08-10T11:00:00+00:00,6653.160000000003,6654.660000000003,6649.650000000003,6651.160000000003,165
2026-08-10T11:15:00+00:00,6651.160000000003,6658.170000000003,6650.650000000003,6658.160000000003,153
2026-08-10T11:30:00+00:00,6658.160000000003,6658.670000000003,6652.650000000003,6655.160000000003,140
2026-08-10T11:45:00+00:00,6655.160000000003,6661.670000000003,6655.160000000003,6660.660000000003,132
2026-08-10T12:00:00+00:00,6660.660000000003,6661.670000000003,6656.650000000003,6657.670000000003,132
2026-08-10T12:15:00+00:00,6657.670000000003,6658.170000000003,6655.170000000003,6656.660000000003,141.59613837489945
2026-08-10T12:30:00+00:00,6656.660000000003,6657.170000000003,6651.650000000003,6652.150000000003,119
2026-08-10T12:45:00+00:00,6652.150000000003,6654.670000000003,6648.650000000003,6651.660000000003,135
2026-08-10T13:00:00+00:00,6651.660000000003,6653.660000000003,6648.650000000003,6649.160000000003,154
2026-08-10T13:15:00+00:00,6649.160000000003,6649.160000000003,6642.650000000003,6644.160000000003,139.76788321167885
2026-08-10T13:30:00+00:00,6644.160000000003,6644.660000000003,6635.660000000003,6638.170000000003,440
2026-08-10T13:45:00+00:00,6638.170000000003,6638.170000000003,6630.650000000003,6631.670000000003,437
2026-08-10T14:00:00+00:00,6631.670000000003,6642.150000000003,6630.670000000003,6641.660000000003,296
2026-08-10T14:15:00+00:00,6641.660000000003,6644.670000000003,6639.150000000003,6643.670000000003,325
2026-08-10T14:30:00+00:00,6643.670000000003,6643.670000000003,6638.650000000003,6639.160000000003,241
2026-08-10T14:45:00+00:00,6639.160000000003,6645.160000000003,6637.650000000003,6639.150000000003,273
2026-08-10T15:00:00+00:00,6639.150000000003,6642.670000000003,6637.650000000003,6642.160000000003,228
2026-08-10T15:15:00+00:00,6642.160000000003,6644.670000000003,6640.670000000003,6644.670000000003,164
2026-08-10T15:30:00+00:00,6644.670000000003,6645.660000000003,6635.660000000003,6639.170000000003,191
2026-08-10T15:45:00+00:00,6639.170000000003,6640.670000000003,6635.650000000003,6640.650000000003,138
2026-08-10T16:00:00+00:00,6640.650000000003,6640.650000000003,6637.650000000003,6639.150000000003,125
2026-08-10T16:15:00+00:00,6639.150000000003,6640.670000000003,6637.650000000003,6639.660000000003,84
2026-08-10T16:30:00+00:00,6639.660000000003,6639.660000000003,6626.670000000003,6633.660000000003,471
2026-08-10T16:45:00+00:00,6633.660000000003,6635.670000000003,6632.650000000003,6635.170000000003,227
2026-08-10T17:00:00+00:00,6635.170000000003,6637.670000000003,6633.650000000003,6637.670000000003,94.7975742537319
2026-08-10T17:15:00+00:00,6637.670000000003,6637.670000000003,6633.650000000003,6633.650000000003,66
2026-08-10T17:30:00+00:00,6633.650000000003,6634.670000000003,6630.650000000003,6630.670000000003,115.7118215778024
2026-08-10T17:45:00+00:00,6630.670000000003,6632.670000000003,6630.650000000003,6631.670000000003,82
2026-08-10T18:00:00+00:00,6631.670000000003,6634.650000000003,6631.650000000003,6632.650000000003,142.66151309829343
2026-08-10T18:15:00+00:00,6632.650000000003,6633.670000000003,6630.660000000003,6632.670000000003,74.64611872146119
2026-08-10T18:30:00+00:00,6632.670000000003,6634.670000000003,6631.650000000003,6634.670000000003,101.63846767757383
2026-08-10T18:45:00+00:00,6634.670000000003,6636.670000000003,6634.150000000003,6636.660000000003,85
2026-08-10T19:00:00+00:00,6636.660000000003,6639.170000000003,6635.650000000003,6638.650000000003,123.2195945945946
2026-08-10T19:15:00+00:00,6638.650000000003,6640.670000000003,6638.650000000003,6639.670000000003,56.598443818601964
2026-08-10T19:30:00+00:00,6639.670000000003,6639.670000000003,6636.650000000003,6638.670000000003,68.21929026387625
2026-08-10T19:45:00+00:00,6638.670000000003,6638.670000000003,6633.650000000003,6637.710000000003,107.12911843276936
2026-08-11T06:00:00+00:00,6637.710000000003,6643.620000000003,6637.210000000003,6642.110000000002,111.06299782766112
2026-08-11T06:15:00+00:00,6642.110000000002,6643.610000000002,6635.100000000003,6635.600000000003,104
2026-08-11T06:30:00+00:00,6635.600000000003,6637.120000000003,6629.600000000003,6632.120000000003,214
2026-08-11T06:45:00+00:00,6632.120000000003,6641.120000000003,6632.120000000003,6640.120000000003,150.14568880079287
2026-08-11T07:00:00+00:00,6640.120000000003,6652.120000000003,6637.120000000003,6649.110000000002,540
2026-08-11T07:15:00+00:00,6649.110000000002,6651.120000000003,6644.100000000003,6645.120000000003,351
2026-08-11T07:30:00+00:00,6645.120000000003,6653.110000000002,6643.100000000003,6644.120000000003,192
2026-08-11T07:45:00+00:00,6644.120000000003,6644.120000000003,6636.600000000003,6641.120000000003,247
2026-08-11T08:00:00+00:00,6641.120000000003,6645.100000000003,6635.100000000003,6635.620000000003,375
2026-08-11T08:15:00+00:00,6635.620000000003,6640.110000000002,6634.100000000003,6637.120000000003,230
2026-08-11T08:30:00+00:00,6637.120000000003,6640.120000000003,6635.100000000003,6639.100000000003,306.1028183716075
2026-08-11T08:45:00+00:00,6639.100000000003,6640.120000000003,6636.100000000003,6636.100000000003,170
2026-08-11T09:00:00+00:00,6636.100000000003,6639.120000000003,6632.100000000003,6634.600000000003,251
2026-08-11T09:15:00+00:00,6634.600000000003,6641.120000000003,6634.600000000003,6637.610000000002,176
2026-08-11T09:30:00+00:00,6637.610000000002,6642.120000000003,6637.610000000002,6640.620000000003,243
2026-08-11T09:45:00+00:00,6640.620000000003,6642.120000000003,6639.600000000003,6641.120000000003,196
2026-08-11T10:00:00+00:00,6641.120000000003,6643.100000000003,6637.120000000003,6640.100000000003,171
2026-08-11T10:15:00+00:00,6640.100000000003,6647.620000000003,6639.100000000003,6644.120000000003,401
2026-08-11T10:30:00+00:00,6644.120000000003,6648.120000000003,6643.100000000003,6646.610000000002,180
2026-08-11T10:45:00+00:00,6646.610000000002,6648.120000000003,6644.620000000003,6646.120000000003,152
2026-08-11T11:00:00+00:00,6646.120000000003,6659.120000000003,6644.100000000003,6656.600000000003,1445
2026-08-11T11:15:00+00:00,6656.600000000003,6658.120000000003,6652.120000000003,6655.620000000003,149
2026-08-11T11:30:00+00:00,6655.620000000003,6658.120000000003,6652.600000000003,6658.110000000002,289
2026-08-11T11:45:00+00:00,6658.110000000002,6660.120000000003,6656.100000000003,6657.100000000003,133
2026-08-11T12:00:00+00:00,6657.100000000003,6665.110000000002,6656.100000000003,6663.110000000002,192.33895348837208
2026-08-11T12:15:00+00:00,6663.110000000002,6663.120000000003,6655.100000000003,6659.120000000003,325
2026-08-11T12:30:00+00:00,6659.120000000003,6666.120000000003,6657.110000000002,6664.100000000003,149
2026-08-11T12:45:00+00:00,6664.100000000003,6666.120000000003,6662.100000000003,6665.120000000003,146
2026-08-11T13:00:00+00:00,6665.120000000003,6669.110000000002,6664.100000000003,6665.110000000002,226
2026-08-11T13:15:00+00:00,6665.110000000002,6669.120000000003,6663.110000000002,6667.120000000003,139
2026-08-11T13:30:00+00:00,6667.120000000003,6674.100000000003,6663.600000000003,6673.120000000003,365
2026-08-11T13:45:00+00:00,6673.120000000003,6677.120000000003,6672.100000000003,6673.100000000003,309
2026-08-11T14:00:00+00:00,6673.100000000003,6675.120000000003,6669.100000000003,6675.120000000003,268
2026-08-11T14:15:00+00:00,6675.120000000003,6678.100000000003,6674.100000000003,6676.620000000003,268
2026-08-11T14:30:00+00:00,6676.620000000003,6676.620000000003,6672.100000000003,6673.610000000002,232
2026-08-11T14:45:00+00:00,6673.610000000002,6680.120000000003,6671.100000000003,6671.620000000003,195
2026-08-11T15:00:00+00:00,6671.620000000003,6672.120000000003,6664.100000000003,6664.620000000003,209
2026-08-11T15:15:00+00:00,6664.620000000003,6664.620000000003,6655.100000000003,6655.610000000002,185
2026-08-11T15:30:00+00:00,6655.610000000002,6661.120000000003,6653.100000000003,6655.610000000002,328
2026-08-11T15:45:00+00:00,6655.610000000002,6658.100000000003,6655.100000000003,6657.120000000003,124
2026-08-11T16:00:00+00:00,6657.120000000003,6660.120000000003,6656.100000000003,6658.600000000003,159
2026-08-11T16:15:00+00:00,6658.600000000003,6662.100000000003,6656.100000000003,6658.100000000003,172
2026-08-11T16:30:00+00:00,6658.100000000003,6658.120000000003,6655.100000000003,6656.610000000002,207.08804133618378
2026-08-11T16:45:00+00:00,6656.610000000002,6656.620000000003,6651.620000000003,6652.110000000002,155.90652943916072
2026-08-11T17:00:00+00:00,6652.110000000002,6652.120000000003,6645.100000000003,6646.100000000003,145
2026-08-11T17:15:00+00:00,6646.100000000003,6648.120000000003,6645.100000000003,6647.620000000003,192
2026-08-11T17:30:00+00:00,6647.620000000003,6647.620000000003,6644.120000000003,6647.110000000002,72.11069766850171
2026-08-11T17:45:00+00:00,6647.110000000002,6647.120000000003,6645.100000000003,6646.110000000002,64
2026-08-11T18:00:00+00:00,6646.110000000002,6646.120000000003,6640.600000000003,6643.100000000003,104
2026-08-11T18:15:00+00:00,6643.100000000003,6643.120000000003,6637.100000000003,6637.100000000003,215
2026-08-11T18:30:00+00:00,6637.100000000003,6643.120000000003,6637.100000000003,6640.110000000002,187.3737827715356
2026-08-11T18:45:00+00:00,6640.110000000002,6644.120000000003,6640.110000000002,6643.100000000003,93.41486068111456
2026-08-11T19:00:00+00:00,6643.100000000003,6645.120000000003,6642.100000000003,6645.100000000003,103.36706689536878
2026-08-11T19:15:00+00:00,6645.100000000003,6647.120000000003,6644.110000000002,6647.100000000003,47.398936170212764
2026-08-11T19:30:00+00:00,6647.100000000003,6648.120000000003,6645.110000000002,6646.600000000003,104.30294906166219
2026-08-11T19:45:00+00:00,6646.600000000003,6649.110000000002,6646.100000000003,6647.670000000003,111
2026-08-12T06:00:00+00:00,6647.670000000003,6662.480000000003,6647.670000000003,6659.980000000003,123.70536240424278
2026-08-12T06:15:00+00:00,6659.980000000003,6661.480000000003,6658.460000000003,6660.960000000003,66
2026-08-12T06:30:00+00:00,6660.960000000003,6664.480000000003,6660.460000000003,6661.980000000003,139.47058823529412
2026-08-12T06:45:00+00:00,6661.980000000003,6672.470000000003,6661.980000000003,6672.470000000003,90.4416961130742
2026-08-12T07:00:00+00:00,6672.470000000003,6677.480000000003,6667.460000000003,6668.980000000003,588
2026-08-12T07:15:00+00:00,6668.980000000003,6669.480000000003,6659.460000000003,6659.970000000003,279
2026-08-12T07:30:00+00:00,6659.970000000003,6662.480000000003,6656.980000000003,6659.460000000003,286
2026-08-12T07:45:00+00:00,6659.460000000003,6660.470000000003,6652.960000000003,6653.970000000003,206
2026-08-12T08:00:00+00:00,6653.970000000003,6658.480000000003,6653.470000000003,6657.470000000003,227
2026-08-12T08:15:00+00:00,6657.470000000003,6658.980000000003,6654.460000000003,6658.470000000003,196
2026-08-12T08:30:00+00:00,6658.470000000003,6659.480000000003,6655.460000000003,6658.980000000003,209
2026-08-12T08:45:00+00:00,6658.980000000003,6664.470000000003,6656.970000000003,6663.470000000003,196
2026-08-12T09:00:00+00:00,6663.470000000003,6665.480000000003,6661.960000000003,6662.970000000003,109
2026-08-12T09:15:00+00:00,6662.970000000003,6675.480000000003,6662.970000000003,6669.470000000003,467
2026-08-12T09:30:00+00:00,6669.470000000003,6673.480000000003,6669.460000000003,6669.460000000003,233
2026-08-12T09:45:00+00:00,6669.460000000003,6676.480000000003,6665.460000000003,6667.480000000003,307
2026-08-12T10:00:00+00:00,6667.480000000003,6673.980000000003,6667.470000000003,6672.480000000003,163.39267261625176
2026-08-12T10:15:00+00:00,6672.480000000003,6676.480000000003,6670.460000000003,6671.970000000003,97
2026-08-12T10:30:00+00:00,6671.970000000003,6674.470000000003,6670.460000000003,6673.470000000003,146
2026-08-12T10:45:00+00:00,6673.470000000003,6674.480000000003,6660.480000000003,6670.960000000003,543
2026-08-12T11:00:00+00:00,6670.960000000003,6674.970000000003,6670.960000000003,6672.480000000003,165
2026-08-12T11:15:00+00:00,6672.480000000003,6675.480000000003,6671.460000000003,6672.460000000003,118.22297297297297
2026-08-12T11:30:00+00:00,6672.460000000003,6673.480000000003,6668.460000000003,6670.980000000003,104
2026-08-12T11:45:00+00:00,6670.980000000003,6670.980000000003,6666.460000000003,6666.460000000003,62
2026-08-12T12:00:00+00:00,6666.460000000003,6667.470000000003,6662.460000000003,6664.460000000003,129.3868103994927
2026-08-12T12:15:00+00:00,6664.460000000003,6682.960000000003,6663.960000000003,6681.510000000003,506.1368555060471
2026-08-12T12:30:00+00:00,6681.510000000003,6684.520000000003,6663.510000000003,6667.470000000003,1160
2026-08-12T12:45:00+00:00,6667.470000000003,6667.960000000003,6661.460000000003,6661.480000000003,254
2026-08-12T13:00:00+00:00,6661.480000000003,6662.460000000003,6656.470000000003,6658.980000000003,165
2026-08-12T13:15:00+00:00,6658.980000000003,6662.980000000003,6656.470000000003,6656.960000000003,271
2026-08-12T13:30:00+00:00,6656.960000000003,6661.480000000003,6656.460000000003,6660.970000000003,531
2026-08-12T13:45:00+00:00,6660.970000000003,6662.480000000003,6653.970000000003,6653.970000000003,298
2026-08-12T14:00:00+00:00,6653.970000000003,6658.480000000003,6648.460000000003,6649.480000000003,356
2026-08-12T14:15:00+00:00,6649.480000000003,6650.470000000003,6643.470000000003,6645.460000000003,216
2026-08-12T14:30:00+00:00,6645.460000000003,6647.480000000003,6631.460000000003,6641.460000000003,561.7515463917525
2026-08-12T14:45:00+00:00,6641.460000000003,6641.980000000003,6632.960000000003,6637.470000000003,430
2026-08-12T15:00:00+00:00,6637.470000000003,6637.960000000003,6629.470000000003,6631.470000000003,272
2026-08-12T15:15:00+00:00,6631.470000000003,6636.980000000003,6627.460000000003,6634.960000000003,208
2026-08-12T15:30:00+00:00,6634.960000000003,6639.980000000003,6629.480000000003,6635.980000000003,216
2026-08-12T15:45:00+00:00,6635.980000000003,6639.980000000003,6634.960000000003,6639.470000000003,146
2026-08-12T16:00:00+00:00,6639.470000000003,6642.970000000003,6638.460000000003,6639.470000000003,83.42780509611086
2026-08-12T16:15:00+00:00,6639.470000000003,6641.980000000003,6638.960000000003,6639.480000000003,122
2026-08-12T16:30:00+00:00,6639.480000000003,6640.980000000003,6636.960000000003,6639.980000000003,44.48848726500344
2026-08-12T16:45:00+00:00,6639.980000000003,6642.480000000003,6639.960000000003,6642.480000000003,73
2026-08-12T17:00:00+00:00,6642.480000000003,6645.980000000003,6641.970000000003,6645.460000000003,59.35930735330994
2026-08-12T17:15:00+00:00,6645.460000000003,6645.980000000003,6642.970000000003,6645.980000000003,46.53976531942634
2026-08-12T17:30:00+00:00,6645.980000000003,6645.980000000003,6643.460000000003,6645.960000000003,64.40551724137931
2026-08-12T17:45:00+00:00,6645.960000000003,6646.980000000003,6644.960000000003,6645.980000000003,47
2026-08-12T18:00:00+00:00,6645.980000000003,6646.980000000003,6645.960000000003,6646.980000000003,44
2026-08-12T18:15:00+00:00,6646.980000000003,6647.980000000003,6645.960000000003,6646.980000000003,43.99611650485437
2026-08-12T18:30:00+00:00,6646.980000000003,6648.980000000003,6646.960000000003,6647.970000000003,48.94060231257012
2026-08-12T18:45:00+00:00,6647.970000000003,6648.980000000003,6645.960000000003,6645.980000000003,55.77683956574186
2026-08-12T19:00:00+00:00,6645.980000000003,6648.980000000003,6645.980000000003,6648.970000000003,38.34571690467401
2026-08-12T19:15:00+00:00,6648.970000000003,6649.960000000003,6646.960000000003,6646.980000000003,47.22380734889802
2026-08-12T19:30:00+00:00,6646.980000000003,6648.480000000003,6645.960000000003,6646.460000000003,70
2026-08-12T19:45:00+00:00,6646.460000000003,6654.980000000003,6644.960000000003,6654.0300000000025,140
2026-08-13T06:00:00+00:00,6654.0300000000025,6664.980000000003,6652.0300000000025,6664.980000000003,95.35132378170354
2026-08-13T06:15:00+00:00,6664.980000000003,6668.960000000003,6663.970000000003,6667.470000000003,57
2026-08-13T06:30:00+00:00,6667.470000000003,6668.970000000003,6663.960000000003,6664.970000000003,98.1004900232673
2026-08-13T06:45:00+00:00,6664.970000000003,6670.970000000003,6662.980000000003,6668.960000000003,133
2026-08-13T07:00:00+00:00,6668.960000000003,6672.480000000003,6661.480000000003,6663.470000000003,463
2026-08-13T07:15:00+00:00,6663.470000000003,6663.970000000003,6658.960000000003,6659.980000000003,177
2026-08-13T07:30:00+00:00,6659.980000000003,6663.960000000003,6656.960000000003,6663.460000000003,179
2026-08-13T07:45:00+00:00,6663.460000000003,6664.970000000003,6656.970000000003,6657.460000000003,205
2026-08-13T08:00:00+00:00,6657.460000000003,6666.980000000003,6655.970000000003,6665.980000000003,260
2026-08-13T08:15:00+00:00,6665.980000000003,6667.970000000003,6663.970000000003,6664.980000000003,145.97535211267606
2026-08-13T08:30:00+00:00,6664.980000000003,6666.960000000003,6661.960000000003,6666.960000000003,192
2026-08-13T08:45:00+00:00,6666.960000000003,6669.980000000003,6665.970000000003,6668.480000000003,63
2026-08-13T09:00:00+00:00,6668.480000000003,6672.980000000003,6667.980000000003,6670.970000000003,153
2026-08-13T09:15:00+00:00,6670.970000000003,6674.980000000003,6668.960000000003,6670.470000000003,100
2026-08-13T09:30:00+00:00,6670.470000000003,6671.970000000003,6667.960000000003,6668.970000000003,83.05194095133953
2026-08-13T09:45:00+00:00,6668.970000000003,6672.980000000003,6666.960000000003,6671.970000000003,138
2026-08-13T10:00:00+00:00,6671.970000000003,6671.970000000003,6669.460000000003,6669.970000000003,172
2026-08-13T10:15:00+00:00,6669.970000000003,6671.980000000003,6667.980000000003,6668.470000000003,135
2026-08-13T10:30:00+00:00,6668.470000000003,6669.980000000003,6665.970000000003,6669.470000000003,157
2026-08-13T10:45:00+00:00,6669.470000000003,6671.970000000003,6667.960000000003,6669.970000000003,112.56042496679947
2026-08-13T11:00:00+00:00,6669.970000000003,6670.980000000003,6666.960000000003,6667.960000000003,74
2026-08-13T11:15:00+00:00,6667.960000000003,6669.970000000003,6664.960000000003,6665.980000000003,62
2026-08-13T11:30:00+00:00,6665.980000000003,6665.980000000003,6661.970000000003,6664.960000000003,83
2026-08-13T11:45:00+00:00,6664.960000000003,6664.980000000003,6661.960000000003,6662.960000000003,118
2026-08-13T12:00:00+00:00,6662.960000000003,6663.970000000003,6659.960000000003,6661.970000000003,119
2026-08-13T12:15:00+00:00,6661.970000000003,6664.970000000003,6659.980000000003,6663.470000000003,124
2026-08-13T12:30:00+00:00,6663.470000000003,6668.980000000003,6656.960000000003,6658.470000000003,249
2026-08-13T12:45:00+00:00,6658.470000000003,6659.470000000003,6653.970000000003,6655.960000000003,148
2026-08-13T13:00:00+00:00,6655.960000000003,6657.980000000003,6653.960000000003,6657.980000000003,151
2026-08-13T13:15:00+00:00,6657.980000000003,6657.980000000003,6653.960000000003,6655.960000000003,118
2026-08-13T13:30:00+00:00,6655.960000000003,6659.980000000003,6650.980000000003,6658.480000000003,287
2026-08-13T13:45:00+00:00,6658.480000000003,6663.980000000003,6655.960000000003,6656.960000000003,337
2026-08-13T14:00:00+00:00,6656.960000000003,6659.980000000003,6655.960000000003,6656.970000000003,291
2026-08-13T14:15:00+00:00,6656.970000000003,6659.980000000003,6652.960000000003,6659.480000000003,208
2026-08-13T14:30:00+00:00,6659.480000000003,6662.980000000003,6655.960000000003,6659.480000000003,215
2026-08-13T14:45:00+00:00,6659.480000000003,6659.980000000003,6654.960000000003,6657.480000000003,133
2026-08-13T15:00:00+00:00,6657.480000000003,6657.980000000003,6647.960000000003,6648.980000000003,215
2026-08-13T15:15:00+00:00,6648.980000000003,6650.960000000003,6641.980000000003,6642.970000000003,230
2026-08-13T15:30:00+00:00,6642.970000000003,6650.980000000003,6641.970000000003,6649.460000000003,236
2026-08-13T15:45:00+00:00,6649.460000000003,6653.970000000003,6647.960000000003,6650.470000000003,130
2026-08-13T16:00:00+00:00,6650.470000000003,6654.980000000003,6650.470000000003,6652.970000000003,123
2026-08-13T16:15:00+00:00,6652.970000000003,6655.980000000003,6651.970000000003,6655.980000000003,73
2026-08-13T16:30:00+00:00,6655.980000000003,6659.960000000003,6655.960000000003,6658.960000000003,52
2026-08-13T16:45:00+00:00,6658.960000000003,6661.970000000003,6658.460000000003,6661.970000000003,44.18125770653514
2026-08-13T17:00:00+00:00,6661.970000000003,6665.460000000003,6661.960000000003,6663.970000000003,61
2026-08-13T17:15:00+00:00,6663.970000000003,6665.980000000003,6662.960000000003,6663.980000000003,36.98500394632991
2026-08-13T17:30:00+00:00,6663.980000000003,6663.980000000003,6660.480000000003,6661.960000000003,75
2026-08-13T17:45:00+00:00,6661.960000000003,6663.980000000003,6661.460000000003,6661.960000000003,45.935661764705884
2026-08-13T18:00:00+00:00,6661.960000000003,6663.980000000003,6661.960000000003,6663.960000000003,62
2026-08-13T18:15:00+00:00,6663.960000000003,6664.980000000003,6662.960000000003,6664.460000000003,58
2026-08-13T18:30:00+00:00,6664.460000000003,6666.980000000003,6663.960000000003,6665.970000000003,51.836712913553896
2026-08-13T18:45:00+00:00,6665.970000000003,6667.980000000003,6665.960000000003,6666.480000000003,60
2026-08-13T19:00:00+00:00,6666.480000000003,6666.970000000003,6663.960000000003,6663.960000000003,43.069773535466965
2026-08-13T19:15:00+00:00,6663.960000000003,6665.980000000003,6662.970000000003,6662.970000000003,42.90326583857977
2026-08-13T19:30:00+00:00,6662.970000000003,6663.980000000003,6661.470000000003,6661.470000000003,73
2026-08-13T19:45:00+00:00,6661.470000000003,6662.980000000003,6659.960000000003,6662.980000000003,153
2026-08-14T06:00:00+00:00,6662.980000000003,6663.480000000003,6659.850000000003,6662.350000000003,56.98214285714286
2026-08-14T06:15:00+00:00,6662.350000000003,6663.370000000003,6661.360000000002,6663.370000000003,52.87768969422424
2026-08-14T06:30:00+00:00,6663.370000000003,6664.360000000002,6661.360000000002,6663.350000000003,79
2026-08-14T06:45:00+00:00,6663.350000000003,6666.370000000003,6663.350000000003,6664.370000000003,119.67009760047735
2026-08-14T07:00:00+00:00,6664.370000000003,6665.370000000003,6648.370000000003,6650.850000000003,555
2026-08-14T07:15:00+00:00,6650.850000000003,6655.370000000003,6648.370000000003,6655.360000000002,178
2026-08-14T07:30:00+00:00,6655.360000000002,6658.370000000003,6651.870000000003,6654.350000000003,198
2026-08-14T07:45:00+00:00,6654.350000000003,6658.370000000003,6651.360000000002,6655.350000000003,265
2026-08-14T08:00:00+00:00,6655.350000000003,6657.370000000003,6648.350000000003,6651.860000000002,262.95950583390527
2026-08-14T08:15:00+00:00,6651.860000000002,6654.370000000003,6646.350000000003,6651.370000000003,369
2026-08-14T08:30:00+00:00,6651.370000000003,6656.370000000003,6650.350000000003,6650.370000000003,147
2026-08-14T08:45:00+00:00,6650.370000000003,6656.360000000002,6649.350000000003,6652.870000000003,156
2026-08-14T09:00:00+00:00,6652.870000000003,6656.370000000003,6650.850000000003,6653.860000000002,146
2026-08-14T09:15:00+00:00,6653.860000000002,6655.870000000003,6651.350000000003,6653.850000000003,113
2026-08-14T09:30:00+00:00,6653.850000000003,6657.370000000003,6652.350000000003,6657.370000000003,121
2026-08-14T09:45:00+00:00,6657.370000000003,6663.370000000003,6657.350000000003,6660.860000000002,160.874025194961
2026-08-14T10:00:00+00:00,6660.860000000002,6667.370000000003,6660.350000000003,6665.850000000003,92
2026-08-14T10:15:00+00:00,6665.850000000003,6665.850000000003,6660.350000000003,6661.370000000003,103.26878612716763
2026-08-14T10:30:00+00:00,6661.370000000003,6665.350000000003,6659.350000000003,6665.350000000003,103.80557355800389
2026-08-14T10:45:00+00:00,6665.350000000003,6665.370000000003,6661.350000000003,6663.860000000002,135.48512888301389
2026-08-14T11:00:00+00:00,6663.860000000002,6665.350000000003,6657.350000000003,6659.370000000003,102
2026-08-14T11:15:00+00:00,6659.370000000003,6665.370000000003,6659.370000000003,6664.350000000003,81
2026-08-14T11:30:00+00:00,6664.350000000003,6667.370000000003,6662.360000000002,6663.350000000003,120
2026-08-14T11:45:00+00:00,6663.350000000003,6665.370000000003,6662.350000000003,6664.370000000003,63
2026-08-14T12:00:00+00:00,6664.370000000003,6665.870000000003,6656.370000000003,6663.370000000003,231
2026-08-14T12:15:00+00:00,6663.370000000003,6663.850000000003,6661.350000000003,6662.850000000003,135
2026-08-14T12:30:00+00:00,6662.850000000003,6665.370000000003,6659.370000000003,6661.870000000003,201
2026-08-14T12:45:00+00:00,6661.870000000003,6663.350000000003,6659.360000000002,6659.860000000002,85
2026-08-14T13:00:00+00:00,6659.860000000002,6660.360000000002,6656.350000000003,6656.350000000003,73.62333825701626
2026-08-14T13:15:00+00:00,6656.350000000003,6656.370000000003,6652.350000000003,6654.350000000003,115
2026-08-14T13:30:00+00:00,6654.350000000003,6654.370000000003,6647.850000000003,6649.860000000002,191
2026-08-14T13:45:00+00:00,6649.860000000002,6652.870000000003,6648.850000000003,6649.850000000003,157.34580098800282
2026-08-14T14:00:00+00:00,6649.850000000003,6650.370000000003,6644.370000000003,6647.370000000003,169
2026-08-14T14:15:00+00:00,6647.370000000003,6649.370000000003,6639.350000000003,6640.350000000003,171
2026-08-14T14:30:00+00:00,6640.350000000003,6644.870000000003,6638.360000000002,6641.360000000002,138
2026-08-14T14:45:00+00:00,6641.360000000002,6647.370000000003,6641.350000000003,6646.860000000002,126
2026-08-14T15:00:00+00:00,6646.860000000002,6647.370000000003,6642.360000000002,6642.870000000003,133
2026-08-14T15:15:00+00:00,6642.870000000003,6644.350000000003,6634.370000000003,6641.850000000003,126
2026-08-14T15:30:00+00:00,6641.850000000003,6642.370000000003,6633.360000000002,6636.370000000003,256
2026-08-14T15:45:00+00:00,6636.370000000003,6639.360000000002,6633.370000000003,6638.370000000003,75.57811424638679
2026-08-14T16:00:00+00:00,6638.370000000003,6641.370000000003,6637.350000000003,6640.350000000003,74
2026-08-14T16:15:00+00:00,6640.350000000003,6641.860000000002,6639.350000000003,6640.360000000002,52.58997882851094
2026-08-14T16:30:00+00:00,6640.360000000002,6640.370000000003,6637.860000000002,6637.860000000002,29.62699564586357
2026-08-14T16:45:00+00:00,6637.860000000002,6639.370000000003,6637.350000000003,6637.870000000003,40
2026-08-14T17:00:00+00:00,6637.870000000003,6639.370000000003,6636.360000000002,6638.360000000002,79
2026-08-14T17:15:00+00:00,6638.360000000002,6640.370000000003,6637.350000000003,6639.360000000002,52.22050550942407
2026-08-14T17:30:00+00:00,6639.360000000002,6640.360000000002,6636.360000000002,6637.350000000003,67.67121951219512
2026-08-14T17:45:00+00:00,6637.350000000003,6639.370000000003,6636.860000000002,6639.360000000002,30.365900254161687
2026-08-14T18:00:00+00:00,6639.360000000002,6641.870000000003,6638.350000000003,6641.350000000003,42.25178913557985
2026-08-14T18:15:00+00:00,6641.350000000003,6643.370000000003,6641.350000000003,6642.370000000003,59.54577806698294
2026-08-14T18:30:00+00:00,6642.370000000003,6643.370000000003,6642.350000000003,6643.350000000003,44.21728498234653
2026-08-14T18:45:00+00:00,6643.350000000003,6645.370000000003,6643.350000000003,6644.360000000002,32
2026-08-14T19:00:00+00:00,6644.360000000002,6644.370000000003,6642.350000000003,6644.370000000003,39.44517184942717
2026-08-14T19:15:00+00:00,6644.370000000003,6646.870000000003,6642.350000000003,6646.860000000002,52
2026-08-14T19:30:00+00:00,6646.860000000002,6647.370000000003,6645.350000000003,6645.370000000003,83.38525963149078
2026-08-14T19:45:00+00:00,6645.370000000003,6648.420000000003,6640.350000000003,6648.410000000003,72
2026-08-17T06:00:00+00:00,6648.410000000003,6664.070000000002,6647.910000000003,6661.060000000003,74.40102040816326
2026-08-17T06:15:00+00:00,6661.060000000003,6661.550000000003,6657.550000000003,6659.060000000003,54
2026-08-17T06:30:00+00:00,6659.060000000003,6659.060000000003,6655.550000000003,6656.570000000002,132.15887850467288
2026-08-17T06:45:00+00:00,6656.570000000002,6659.570000000002,6656.060000000003,6658.550000000003,108.35734870317003
2026-08-17T07:00:00+00:00,6658.550000000003,6666.570000000002,6653.560000000003,6657.550000000003,407
2026-08-17T07:15:00+00:00,6657.550000000003,6661.070000000002,6656.550000000003,6660.550000000003,234
2026-08-17T07:30:00+00:00,6660.550000000003,6666.570000000002,6657.550000000003,6666.570000000002,200
2026-08-17T07:45:00+00:00,6666.570000000002,6671.550000000003,6665.550000000003,6667.060000000003,224.4184823441022
2026-08-17T08:00:00+00:00,6667.060000000003,6667.570000000002,6655.550000000003,6659.060000000003,290
2026-08-17T08:15:00+00:00,6659.060000000003,6659.570000000002,6651.550000000003,6652.570000000002,142
2026-08-17T08:30:00+00:00,6652.570000000002,6660.570000000002,6652.550000000003,6658.060000000003,223.52759948652118
2026-08-17T08:45:00+00:00,6658.060000000003,6658.570000000002,6654.550000000003,6655.070000000002,203
2026-08-17T09:00:00+00:00,6655.070000000002,6658.570000000002,6654.550000000003,6657.550000000003,195
2026-08-17T09:15:00+00:00,6657.550000000003,6657.570000000002,6653.570000000002,6655.050000000003,93
2026-08-17T09:30:00+00:00,6655.050000000003,6656.070000000002,6651.550000000003,6655.550000000003,150.1418994413408
2026-08-17T09:45:00+00:00,6655.550000000003,6656.570000000002,6650.570000000002,6653.550000000003,126
2026-08-17T10:00:00+00:00,6653.550000000003,6656.570000000002,6651.550000000003,6656.070000000002,168
2026-08-17T10:15:00+00:00,6656.070000000002,6672.570000000002,6655.550000000003,6671.050000000003,523
2026-08-17T10:30:00+00:00,6671.050000000003,6671.570000000002,6658.570000000002,6663.050000000003,441
2026-08-17T10:45:00+00:00,6663.050000000003,6664.570000000002,6660.570000000002,6661.070000000002,206
2026-08-17T11:00:00+00:00,6661.070000000002,6661.570000000002,6657.550000000003,6658.560000000003,156
2026-08-17T11:15:00+00:00,6658.560000000003,6662.070000000002,6656.550000000003,6660.570000000002,125
2026-08-17T11:30:00+00:00,6660.570000000002,6661.570000000002,6656.550000000003,6657.570000000002,149.448
2026-08-17T11:45:00+00:00,6657.570000000002,6659.570000000002,6656.560000000003,6658.550000000003,120
2026-08-17T12:00:00+00:00,6658.550000000003,6658.560000000003,6650.550000000003,6651.570000000002,181
2026-08-17T12:15:00+00:00,6651.570000000002,6651.570000000002,6638.560000000003,6644.560000000003,387.99861591695503
2026-08-17T12:30:00+00:00,6644.560000000003,6646.570000000002,6641.550000000003,6642.570000000002,176
2026-08-17T12:45:00+00:00,6642.570000000002,6643.570000000002,6639.570000000002,6642.050000000003,127
2026-08-17T13:00:00+00:00,6642.050000000003,6642.570000000002,6637.060000000003,6637.570000000002,212
2026-08-17T13:15:00+00:00,6637.570000000002,6640.570000000002,6634.550000000003,6637.570000000002,173
2026-08-17T13:30:00+00:00,6637.570000000002,6645.570000000002,6636.550000000003,6643.050000000003,459
2026-08-17T13:45:00+00:00,6643.050000000003,6648.070000000002,6641.550000000003,6648.050000000003,241
2026-08-17T14:00:00+00:00,6648.050000000003,6648.570000000002,6641.560000000003,6643.550000000003,273
2026-08-17T14:15:00+00:00,6643.550000000003,6644.570000000002,6638.560000000003,6642.070000000002,149
2026-08-17T14:30:00+00:00,6642.070000000002,6643.570000000002,6637.550000000003,6638.050000000003,220
2026-08-17T14:45:00+00:00,6638.050000000003,6640.060000000003,6636.550000000003,6637.570000000002,157
2026-08-17T15:00:00+00:00,6637.570000000002,6642.550000000003,6636.550000000003,6638.060000000003,239
2026-08-17T15:15:00+00:00,6638.060000000003,6640.570000000002,6635.550000000003,6639.070000000002,236
2026-08-17T15:30:00+00:00,6639.070000000002,6639.070000000002,6624.550000000003,6628.570000000002,236
2026-08-17T15:45:00+00:00,6628.570000000002,6633.070000000002,6628.050000000003,6631.550000000003,65.46126760563381
2026-08-17T16:00:00+00:00,6631.550000000003,6635.570000000002,6631.550000000003,6634.560000000003,59
2026-08-17T16:15:00+00:00,6634.560000000003,6637.570000000002,6634.050000000003,6636.560000000003,89
2026-08-17T16:30:00+00:00,6636.560000000003,6636.560000000003,6633.570000000002,6634.070000000002,49.167075705018476
2026-08-17T16:45:00+00:00,6634.070000000002,6634.550000000003,6632.050000000003,6633.050000000003,55
2026-08-17T17:00:00+00:00,6633.050000000003,6633.570000000002,6629.070000000002,6629.070000000002,80.91506590590339
2026-08-17T17:15:00+00:00,6629.070000000002,6630.570000000002,6625.550000000003,6628.050000000003,219
2026-08-17T17:30:00+00:00,6628.050000000003,6629.570000000002,6625.060000000003,6629.070000000002,202
2026-08-17T17:45:00+00:00,6629.070000000002,6629.560000000003,6625.550000000003,6625.560000000003,75
2026-08-17T18:00:00+00:00,6625.560000000003,6626.560000000003,6621.550000000003,6624.050000000003,99
2026-08-17T18:15:00+00:00,6624.050000000003,6626.570000000002,6622.550000000003,6626.570000000002,89.54427860696518
2026-08-17T18:30:00+00:00,6626.570000000002,6626.570000000002,6623.550000000003,6625.550000000003,84
2026-08-17T18:45:00+00:00,6625.550000000003,6626.570000000002,6624.560000000003,6625.570000000002,73
2026-08-17T19:00:00+00:00,6625.570000000002,6626.070000000002,6623.550000000003,6624.570000000002,56
2026-08-17T19:15:00+00:00,6624.570000000002,6627.560000000003,6624.550000000003,6626.070000000002,46.98682634730539
2026-08-17T19:30:00+00:00,6626.070000000002,6626.570000000002,6624.550000000003,6625.550000000003,88.98117647058824
2026-08-17T19:45:00+00:00,6625.550000000003,6629.570000000002,6625.550000000003,6626.620000000003,92
2026-08-18T06:00:00+00:00,6626.620000000003,6627.620000000003,6594.870000000003,6601.880000000003,239.41832669322707
2026-08-18T06:15:00+00:00,6601.880000000003,6601.880000000003,6596.370000000003,6598.380000000003,117
2026-08-18T06:30:00+00:00,6598.380000000003,6603.890000000003,6596.370000000003,6601.380000000003,141
2026-08-18T06:45:00+00:00,6601.380000000003,6617.890000000003,6601.380000000003,6613.390000000003,169
2026-08-18T07:00:00+00:00,6613.390000000003,6617.890000000003,6602.880000000003,6602.880000000003,593
2026-08-18T07:15:00+00:00,6602.880000000003,6608.890000000003,6602.880000000003,6603.890000000003,329
2026-08-18T07:30:00+00:00,6603.890000000003,6606.370000000003,6591.870000000003,6591.870000000003,403
2026-08-18T07:45:00+00:00,6591.870000000003,6595.390000000003,6583.880000000003,6585.880000000003,318
2026-08-18T08:00:00+00:00,6585.880000000003,6586.890000000003,6574.880000000003,6585.880000000003,591
2026-08-18T08:15:00+00:00,6585.880000000003,6590.890000000003,6580.890000000003,6587.390000000003,328
2026-08-18T08:30:00+00:00,6587.390000000003,6595.890000000003,6586.870000000003,6594.390000000003,334
2026-08-18T08:45:00+00:00,6594.390000000003,6594.890000000003,6587.870000000003,6593.370000000003,325
2026-08-18T09:00:00+00:00,6593.370000000003,6593.880000000003,6586.870000000003,6589.880000000003,258
2026-08-18T09:15:00+00:00,6589.880000000003,6590.890000000003,6586.870000000003,6588.370000000003,243
2026-08-18T09:30:00+00:00,6588.370000000003,6591.390000000003,6584.870000000003,6590.880000000003,263
2026-08-18T09:45:00+00:00,6590.880000000003,6596.890000000003,6588.880000000003,6594.870000000003,219
2026-08-18T10:00:00+00:00,6594.870000000003,6599.890000000003,6593.870000000003,6594.880000000003,173
2026-08-18T10:15:00+00:00,6594.880000000003,6596.890000000003,6593.870000000003,6596.370000000003,149
2026-08-18T10:30:00+00:00,6596.370000000003,6596.890000000003,6592.380000000003,6594.390000000003,137.29069290692905
2026-08-18T10:45:00+00:00,6594.390000000003,6598.890000000003,6593.870000000003,6597.370000000003,104
2026-08-18T11:00:00+00:00,6597.370000000003,6601.880000000003,6595.880000000003,6599.870000000003,100
2026-08-18T11:15:00+00:00,6599.870000000003,6601.890000000003,6596.870000000003,6598.390000000003,157
2026-08-18T11:30:00+00:00,6598.390000000003,6602.880000000003,6595.870000000003,6602.390000000003,148.29829389102918
2026-08-18T11:45:00+00:00,6602.390000000003,6604.890000000003,6600.870000000003,6600.890000000003,109
2026-08-18T12:00:00+00:00,6600.890000000003,6606.890000000003,6599.870000000003,6603.890000000003,128
2026-08-18T12:15:00+00:00,6603.890000000003,6607.890000000003,6602.880000000003,6604.880000000003,66
2026-08-18T12:30:00+00:00,6604.880000000003,6605.890000000003,6600.370000000003,6603.880000000003,134
2026-08-18T12:45:00+00:00,6603.880000000003,6605.890000000003,6601.870000000003,6605.380000000003,96
2026-08-18T13:00:00+00:00,6605.380000000003,6605.880000000003,6599.870000000003,6600.880000000003,108
2026-08-18T13:15:00+00:00,6600.880000000003,6601.890000000003,6593.870000000003,6598.380000000003,158
2026-08-18T13:30:00+00:00,6598.380000000003,6602.870000000003,6588.890000000003,6596.370000000003,829
2026-08-18T13:45:00+00:00,6596.370000000003,6596.890000000003,6586.870000000003,6591.370000000003,449
2026-08-18T14:00:00+00:00,6591.370000000003,6593.390000000003,6583.870000000003,6584.380000000003,628
2026-08-18T14:15:00+00:00,6584.380000000003,6590.870000000003,6582.880000000003,6589.870000000003,475
2026-08-18T14:30:00+00:00,6589.870000000003,6591.890000000003,6580.870000000003,6580.890000000003,310
2026-08-18T14:45:00+00:00,6580.890000000003,6582.870000000003,6567.870000000003,6569.890000000003,505
2026-08-18T15:00:00+00:00,6569.890000000003,6575.890000000003,6567.870000000003,6569.390000000003,509
2026-08-18T15:15:00+00:00,6569.390000000003,6574.890000000003,6566.370000000003,6572.870000000003,372
2026-08-18T15:30:00+00:00,6572.870000000003,6574.890000000003,6564.380000000003,6574.890000000003,318
2026-08-18T15:45:00+00:00,6574.890000000003,6582.890000000003,6573.890000000003,6580.390000000003,144
2026-08-18T16:00:00+00:00,6580.390000000003,6580.390000000003,6576.870000000003,6578.370000000003,128.7069679849341
2026-08-18T16:15:00+00:00,6578.370000000003,6581.890000000003,6577.870000000003,6578.870000000003,161.76940467219293
2026-08-18T16:30:00+00:00,6578.870000000003,6582.890000000003,6577.870000000003,6581.890000000003,128.98032270759543
2026-08-18T16:45:00+00:00,6581.890000000003,6585.890000000003,6580.870000000003,6583.370000000003,109
2026-08-18T17:00:00+00:00,6583.370000000003,6585.880000000003,6581.880000000003,6583.880000000003,113.79935572940636
2026-08-18T17:15:00+00:00,6583.880000000003,6583.890000000003,6581.870000000003,6583.890000000003,57
2026-08-18T17:30:00+00:00,6583.890000000003,6584.880000000003,6581.870000000003,6582.870000000003,111.37997646518085
2026-08-18T17:45:00+00:00,6582.870000000003,6582.890000000003,6578.870000000003,6578.870000000003,70
2026-08-18T18:00:00+00:00,6578.870000000003,6580.890000000003,6576.870000000003,6580.380000000003,47.61038961038961
2026-08-18T18:15:00+00:00,6580.380000000003,6582.880000000003,6580.380000000003,6582.380000000003,148
2026-08-18T18:30:00+00:00,6582.380000000003,6583.890000000003,6581.870000000003,6581.880000000003,51.714404662781014
2026-08-18T18:45:00+00:00,6581.880000000003,6582.890000000003,6578.870000000003,6580.380000000003,72.51403887688986
2026-08-18T19:00:00+00:00,6580.380000000003,6580.890000000003,6578.390000000003,6579.880000000003,70
2026-08-18T19:15:00+00:00,6579.880000000003,6583.890000000003,6579.870000000003,6582.870000000003,75.29217273036383
2026-08-18T19:30:00+00:00,6582.870000000003,6583.890000000003,6580.880000000003,6582.880000000003,89
2026-08-18T19:45:00+00:00,6582.880000000003,6583.370000000003,6574.870000000003,6575.440000000003,124
2026-08-19T06:00:00+00:00,6575.440000000003,6575.940000000003,6555.880000000003,6558.380000000003,174.9269801980198
2026-08-19T06:15:00+00:00,6558.380000000003,6572.900000000003,6558.380000000003,6570.880000000003,168
2026-08-19T06:30:00+00:00,6570.880000000003,6575.900000000003,6569.880000000003,6573.890000000003,148
2026-08-19T06:45:00+00:00,6573.890000000003,6585.890000000003,6573.880000000003,6584.390000000003,129
2026-08-19T07:00:00+00:00,6584.390000000003,6585.900000000003,6567.890000000003,6573.390000000003,449
2026-08-19T07:15:00+00:00,6573.390000000003,6574.890000000003,6566.890000000003,6570.390000000003,328
2026-08-19T07:30:00+00:00,6570.390000000003,6575.900000000003,6566.380000000003,6566.380000000003,429
2026-08-19T07:45:00+00:00,6566.380000000003,6576.400000000003,6566.380000000003,6576.400000000003,242
2026-08-19T08:00:00+00:00,6576.400000000003,6579.900000000003,6570.380000000003,6570.400000000003,234
2026-08-19T08:15:00+00:00,6570.400000000003,6577.900000000003,6567.890000000003,6576.380000000003,272
2026-08-19T08:30:00+00:00,6576.380000000003,6578.890000000003,6573.880000000003,6578.390000000003,185
2026-08-19T08:45:00+00:00,6578.390000000003,6578.880000000003,6571.880000000003,6572.900000000003,171
2026-08-19T09:00:00+00:00,6572.900000000003,6576.900000000003,6570.880000000003,6571.890000000003,217
2026-08-19T09:15:00+00:00,6571.890000000003,6574.400000000003,6569.880000000003,6571.380000000003,179
2026-08-19T09:30:00+00:00,6571.380000000003,6572.880000000003,6565.880000000003,6568.380000000003,205.01930121282228
2026-08-19T09:45:00+00:00,6568.380000000003,6574.880000000003,6567.890000000003,6574.380000000003,159
2026-08-19T10:00:00+00:00,6574.380000000003,6577.890000000003,6571.880000000003,6577.380000000003,113
2026-08-19T10:15:00+00:00,6577.380000000003,6577.380000000003,6570.890000000003,6574.900000000003,124
2026-08-19T10:30:00+00:00,6574.900000000003,6575.900000000003,6569.900000000003,6571.900000000003,89
2026-08-19T10:45:00+00:00,6571.900000000003,6573.900000000003,6569.890000000003,6573.900000000003,93.99353945546838
2026-08-19T11:00:00+00:00,6573.900000000003,6578.900000000003,6572.880000000003,6577.890000000003,137
2026-08-19T11:15:00+00:00,6577.890000000003,6580.900000000003,6577.880000000003,6577.890000000003,150.1821862348178
2026-08-19T11:30:00+00:00,6577.890000000003,6578.900000000003,6571.880000000003,6572.890000000003,185
2026-08-19T11:45:00+00:00,6572.890000000003,6575.400000000003,6570.890000000003,6571.390000000003,141
2026-08-19T12:00:00+00:00,6571.390000000003,6571.890000000003,6566.880000000003,6568.390000000003,198
2026-08-19T12:15:00+00:00,6568.390000000003,6572.900000000003,6567.880000000003,6570.890000000003,224
2026-08-19T12:30:00+00:00,6570.890000000003,6593.900000000003,6569.890000000003,6589.380000000003,832
2026-08-19T12:45:00+00:00,6589.380000000003,6590.900000000003,6574.880000000003,6575.380000000003,584
2026-08-19T13:00:00+00:00,6575.380000000003,6575.900000000003,6569.900000000003,6571.890000000003,292
2026-08-19T13:15:00+00:00,6571.890000000003,6573.900000000003,6567.880000000003,6568.400000000003,264
2026-08-19T13:30:00+00:00,6568.400000000003,6568.900000000003,6561.890000000003,6563.890000000003,570
2026-08-19T13:45:00+00:00,6563.890000000003,6564.900000000003,6552.880000000003,6559.880000000003,682
2026-08-19T14:00:00+00:00,6559.880000000003,6559.900000000003,6547.880000000003,6547.890000000003,683
2026-08-19T14:15:00+00:00,6547.890000000003,6553.900000000003,6543.880000000003,6552.390000000003,390
2026-08-19T14:30:00+00:00,6552.390000000003,6558.900000000003,6549.890000000003,6553.900000000003,328
2026-08-19T14:45:00+00:00,6553.900000000003,6555.900000000003,6550.880000000003,6555.900000000003,183
2026-08-19T15:00:00+00:00,6555.900000000003,6556.890000000003,6549.880000000003,6552.900000000003,303
2026-08-19T15:15:00+00:00,6552.900000000003,6555.900000000003,6549.880000000003,6553.890000000003,175
2026-08-19T15:30:00+00:00,6553.890000000003,6554.900000000003,6540.880000000003,6544.880000000003,221
2026-08-19T15:45:00+00:00,6544.880000000003,6548.900000000003,6544.880000000003,6547.880000000003,155
2026-08-19T16:00:00+00:00,6547.880000000003,6554.900000000003,6545.880000000003,6552.400000000003,85
2026-08-19T16:15:00+00:00,6552.400000000003,6552.890000000003,6545.880000000003,6546.400000000003,83
2026-08-19T16:30:00+00:00,6546.400000000003,6547.900000000003,6544.880000000003,6546.880000000003,137
2026-08-19T16:45:00+00:00,6546.880000000003,6547.880000000003,6544.880000000003,6544.900000000003,213.74915254237288
2026-08-19T17:00:00+00:00,6544.900000000003,6547.900000000003,6542.880000000003,6544.900000000003,125
2026-08-19T17:15:00+00:00,6544.900000000003,6544.900000000003,6540.880000000003,6543.900000000003,199
2026-08-19T17:30:00+00:00,6543.900000000003,6543.900000000003,6540.880000000003,6541.900000000003,75
2026-08-19T17:45:00+00:00,6541.900000000003,6543.890000000003,6540.880000000003,6541.400000000003,161.2358757062147
2026-08-19T18:00:00+00:00,6541.400000000003,6545.900000000003,6537.880000000003,6538.390000000003,481
2026-08-19T18:15:00+00:00,6538.390000000003,6538.890000000003,6534.900000000003,6538.380000000003,170
2026-08-19T18:30:00+00:00,6538.380000000003,6543.890000000003,6538.380000000003,6540.900000000003,161
2026-08-19T18:45:00+00:00,6540.900000000003,6541.890000000003,6539.400000000003,6540.390000000003,127
2026-08-19T19:00:00+00:00,6540.390000000003,6542.900000000003,6540.390000000003,6541.900000000003,122
2026-08-19T19:15:00+00:00,6541.900000000003,6546.890000000003,6541.390000000003,6543.900000000003,211
2026-08-19T19:30:00+00:00,6543.900000000003,6545.900000000003,6538.880000000003,6539.880000000003,247
2026-08-19T19:45:00+00:00,6539.880000000003,6541.900000000003,6537.880000000003,6540.950000000003,259
2026-08-20T06:00:00+00:00,6540.950000000003,6556.340000000003,6540.950000000003,6555.340000000003,192.91876892028256
2026-08-20T06:15:00+00:00,6555.340000000003,6555.340000000003,6552.320000000002,6554.340000000003,184.27272727272728
2026-08-20T06:30:00+00:00,6554.340000000003,6559.840000000003,6553.320000000002,6556.320000000002,92
2026-08-20T06:45:00+00:00,6556.320000000002,6558.340000000003,6552.820000000002,6552.840000000003,141
2026-08-20T07:00:00+00:00,6552.840000000003,6553.330000000003,6542.820000000002,6543.330000000003,566
2026-08-20T07:15:00+00:00,6543.330000000003,6543.340000000003,6537.320000000002,6538.330000000003,279
2026-08-20T07:30:00+00:00,6538.330000000003,6547.340000000003,6533.330000000003,6545.330000000003,332
2026-08-20T07:45:00+00:00,6545.330000000003,6547.330000000003,6537.830000000003,6537.830000000003,227
2026-08-20T08:00:00+00:00,6537.830000000003,6543.340000000003,6533.840000000003,6537.330000000003,438
2026-08-20T08:15:00+00:00,6537.330000000003,6540.340000000003,6530.320000000002,6531.830000000003,433
2026-08-20T08:30:00+00:00,6531.830000000003,6532.840000000003,6525.330000000003,6528.340000000003,399
2026-08-20T08:45:00+00:00,6528.340000000003,6534.320000000002,6528.320000000002,6530.820000000002,264
2026-08-20T09:00:00+00:00,6530.820000000002,6538.320000000002,6528.320000000002,6532.340000000003,238
2026-08-20T09:15:00+00:00,6532.340000000003,6534.340000000003,6528.340000000003,6532.320000000002,173
2026-08-20T09:30:00+00:00,6532.320000000002,6533.340000000003,6529.320000000002,6532.330000000003,111
2026-08-20T09:45:00+00:00,6532.330000000003,6534.340000000003,6529.830000000003,6530.820000000002,134
2026-08-20T10:00:00+00:00,6530.820000000002,6534.330000000003,6529.330000000003,6532.330000000003,165
2026-08-20T10:15:00+00:00,6532.330000000003,6533.330000000003,6522.320000000002,6522.330000000003,209
2026-08-20T10:30:00+00:00,6522.330000000003,6528.340000000003,6522.320000000002,6525.320000000002,226
2026-08-20T10:45:00+00:00,6525.320000000002,6533.330000000003,6523.820000000002,6532.330000000003,106
2026-08-20T11:00:00+00:00,6532.330000000003,6536.340000000003,6529.320000000002,6533.840000000003,355
2026-08-20T11:15:00+00:00,6533.840000000003,6533.840000000003,6525.320000000002,6526.330000000003,209
2026-08-20T11:30:00+00:00,6526.330000000003,6534.330000000003,6525.320000000002,6532.330000000003,212
2026-08-20T11:45:00+00:00,6532.330000000003,6532.330000000003,6522.820000000002,6522.820000000002,269
2026-08-20T12:00:00+00:00,6522.820000000002,6523.320000000002,6511.340000000003,6513.320000000002,504
2026-08-20T12:15:00+00:00,6513.320000000002,6516.340000000003,6509.330000000003,6510.320000000002,360
2026-08-20T12:30:00+00:00,6510.320000000002,6516.840000000003,6507.330000000003,6516.830000000003,215
2026-08-20T12:45:00+00:00,6516.830000000003,6523.820000000002,6516.830000000003,6523.820000000002,134
2026-08-20T13:00:00+00:00,6523.820000000002,6527.330000000003,6517.340000000003,6519.340000000003,178
2026-08-20T13:15:00+00:00,6519.340000000003,6523.340000000003,6519.320000000002,6521.830000000003,131
2026-08-20T13:30:00+00:00,6521.830000000003,6533.830000000003,6521.320000000002,6532.320000000002,450
2026-08-20T13:45:00+00:00,6532.320000000002,6533.330000000003,6524.330000000003,6526.340000000003,379
2026-08-20T14:00:00+00:00,6526.340000000003,6527.340000000003,6521.320000000002,6523.320000000002,298
2026-08-20T14:15:00+00:00,6523.320000000002,6527.830000000003,6521.320000000002,6521.840000000003,265
2026-08-20T14:30:00+00:00,6521.840000000003,6530.320000000002,6520.320000000002,6528.840000000003,263
2026-08-20T14:45:00+00:00,6528.840000000003,6535.840000000003,6527.330000000003,6535.840000000003,185
2026-08-20T15:00:00+00:00,6535.840000000003,6542.340000000003,6531.820000000002,6535.320000000002,582
2026-08-20T15:15:00+00:00,6535.320000000002,6536.340000000003,6527.340000000003,6534.830000000003,220
2026-08-20T15:30:00+00:00,6534.830000000003,6534.830000000003,6519.340000000003,6519.840000000003,190
2026-08-20T15:45:00+00:00,6519.840000000003,6528.330000000003,6518.330000000003,6526.820000000002,141.81723027375202
2026-08-20T16:00:00+00:00,6526.820000000002,6528.340000000003,6524.320000000002,6524.320000000002,143
2026-08-20T16:15:00+00:00,6524.320000000002,6529.340000000003,6523.840000000003,6528.340000000003,118
2026-08-20T16:30:00+00:00,6528.340000000003,6533.340000000003,6525.830000000003,6533.330000000003,83
2026-08-20T16:45:00+00:00,6533.330000000003,6535.340000000003,6532.320000000002,6533.320000000002,114
2026-08-20T17:00:00+00:00,6533.320000000002,6534.340000000003,6528.320000000002,6528.320000000002,112.51598355709953
2026-08-20T17:15:00+00:00,6528.320000000002,6528.340000000003,6522.820000000002,6523.340000000003,103
2026-08-20T17:30:00+00:00,6523.340000000003,6524.330000000003,6520.320000000002,6520.830000000003,110
2026-08-20T17:45:00+00:00,6520.830000000003,6523.340000000003,6520.320000000002,6521.320000000002,149
2026-08-20T18:00:00+00:00,6521.320000000002,6521.840000000003,6515.320000000002,6516.340000000003,278.97611757501534
2026-08-20T18:15:00+00:00,6516.340000000003,6519.340000000003,6515.330000000003,6517.320000000002,106
2026-08-20T18:30:00+00:00,6517.320000000002,6517.340000000003,6513.320000000002,6515.320000000002,113.8641425389755
2026-08-20T18:45:00+00:00,6515.320000000002,6518.340000000003,6515.320000000002,6516.830000000003,105
2026-08-20T19:00:00+00:00,6516.830000000003,6521.340000000003,6515.320000000002,6520.330000000003,184
2026-08-20T19:15:00+00:00,6520.330000000003,6522.340000000003,6519.320000000002,6521.320000000002,103.79163314561545
2026-08-20T19:30:00+00:00,6521.320000000002,6522.840000000003,6519.830000000003,6520.820000000002,77.62347827473153
2026-08-20T19:45:00+00:00,6520.820000000002,6524.340000000003,6518.370000000003,6520.390000000003,175.91756869275605
2026-08-21T06:00:00+00:00,6520.390000000003,6541.230000000003,6520.390000000003,6540.230000000003,76.18584213573251
2026-08-21T06:15:00+00:00,6540.230000000003,6541.230000000003,6537.210000000003,6538.210000000003,58
2026-08-21T06:30:00+00:00,6538.210000000003,6542.230000000003,6537.720000000003,6539.230000000003,94.07142857142857
2026-08-21T06:45:00+00:00,6539.230000000003,6546.720000000003,6539.210000000003,6544.220000000003,109.50127877237853
2026-08-21T07:00:00+00:00,6544.220000000003,6545.210000000003,6532.210000000003,6541.230000000003,463
2026-08-21T07:15:00+00:00,6541.230000000003,6547.230000000003,6537.210000000003,6545.710000000003,280
2026-08-21T07:30:00+00:00,6545.710000000003,6559.230000000003,6544.230000000003,6557.210000000003,427
2026-08-21T07:45:00+00:00,6557.210000000003,6557.230000000003,6551.210000000003,6556.210000000003,208
2026-08-21T08:00:00+00:00,6556.210000000003,6556.710000000003,6548.210000000003,6549.210000000003,290
2026-08-21T08:15:00+00:00,6549.210000000003,6556.220000000003,6548.220000000003,6556.220000000003,218
2026-08-21T08:30:00+00:00,6556.220000000003,6556.220000000003,6549.210000000003,6550.220000000003,284
2026-08-21T08:45:00+00:00,6550.220000000003,6553.220000000003,6548.210000000003,6551.230000000003,153
2026-08-21T09:00:00+00:00,6551.230000000003,6552.230000000003,6544.220000000003,6545.730000000003,272
2026-08-21T09:15:00+00:00,6545.730000000003,6546.710000000003,6540.710000000003,6541.230000000003,153
2026-08-21T09:30:00+00:00,6541.230000000003,6544.220000000003,6539.210000000003,6541.220000000003,112
2026-08-21T09:45:00+00:00,6541.220000000003,6547.230000000003,6539.230000000003,6541.730000000003,283
2026-08-21T10:00:00+00:00,6541.730000000003,6546.720000000003,6538.710000000003,6539.220000000003,126
2026-08-21T10:15:00+00:00,6539.220000000003,6541.230000000003,6537.210000000003,6538.710000000003,150
2026-08-21T10:30:00+00:00,6538.710000000003,6539.220000000003,6535.210000000003,6536.230000000003,119
2026-08-21T10:45:00+00:00,6536.230000000003,6541.230000000003,6536.210000000003,6538.210000000003,78
2026-08-21T11:00:00+00:00,6538.210000000003,6543.230000000003,6537.210000000003,6541.220000000003,231
2026-08-21T11:15:00+00:00,6541.220000000003,6549.230000000003,6540.210000000003,6546.220000000003,535
2026-08-21T11:30:00+00:00,6546.220000000003,6550.230000000003,6540.220000000003,6541.220000000003,232
2026-08-21T11:45:00+00:00,6541.220000000003,6544.230000000003,6540.710000000003,6543.210000000003,114
2026-08-21T12:00:00+00:00,6543.210000000003,6549.230000000003,6542.210000000003,6548.210000000003,117
2026-08-21T12:15:00+00:00,6548.210000000003,6551.230000000003,6547.210000000003,6550.730000000003,132
2026-08-21T12:30:00+00:00,6550.730000000003,6556.230000000003,6548.230000000003,6555.230000000003,69
2026-08-21T12:45:00+00:00,6555.230000000003,6556.230000000003,6553.210000000003,6553.210000000003,83
2026-08-21T13:00:00+00:00,6553.210000000003,6556.230000000003,6553.210000000003,6556.230000000003,103
2026-08-21T13:15:00+00:00,6556.230000000003,6559.220000000003,6553.710000000003,6557.720000000003,126
2026-08-21T13:30:00+00:00,6557.720000000003,6561.230000000003,6555.230000000003,6556.720000000003,233
2026-08-21T13:45:00+00:00,6556.720000000003,6567.720000000003,6555.220000000003,6565.710000000003,271
2026-08-21T14:00:00+00:00,6565.710000000003,6568.230000000003,6558.210000000003,6558.730000000003,273
2026-08-21T14:15:00+00:00,6558.730000000003,6569.230000000003,6558.210000000003,6568.210000000003,194
2026-08-21T14:30:00+00:00,6568.210000000003,6570.730000000003,6564.220000000003,6568.210000000003,164
2026-08-21T14:45:00+00:00,6568.210000000003,6569.220000000003,6564.210000000003,6565.220000000003,223
2026-08-21T15:00:00+00:00,6565.220000000003,6567.230000000003,6561.210000000003,6561.210000000003,135
2026-08-21T15:15:00+00:00,6561.210000000003,6564.230000000003,6558.210000000003,6561.720000000003,147
2026-08-21T15:30:00+00:00,6561.720000000003,6572.230000000003,6559.210000000003,6570.730000000003,188
2026-08-21T15:45:00+00:00,6570.730000000003,6571.230000000003,6563.230000000003,6563.730000000003,77
2026-08-21T16:00:00+00:00,6563.730000000003,6563.730000000003,6560.210000000003,6560.210000000003,110
2026-08-21T16:15:00+00:00,6560.210000000003,6566.210000000003,6556.230000000003,6560.720000000003,289
2026-08-21T16:30:00+00:00,6560.720000000003,6561.220000000003,6558.210000000003,6559.230000000003,68
2026-08-21T16:45:00+00:00,6559.230000000003,6560.230000000003,6557.220000000003,6560.220000000003,87.16423841059603
2026-08-21T17:00:00+00:00,6560.220000000003,6561.230000000003,6558.720000000003,6559.220000000003,96.41508299447776
2026-08-21T17:15:00+00:00,6559.220000000003,6559.230000000003,6556.210000000003,6557.230000000003,50
2026-08-21T17:30:00+00:00,6557.230000000003,6561.720000000003,6557.210000000003,6560.210000000003,170
2026-08-21T17:45:00+00:00,6560.210000000003,6564.230000000003,6560.210000000003,6561.230000000003,68
2026-08-21T18:00:00+00:00,6561.230000000003,6561.230000000003,6559.710000000003,6560.210000000003,58
2026-08-21T18:15:00+00:00,6560.210000000003,6562.230000000003,6560.210000000003,6562.210000000003,57.84721106271409
2026-08-21T18:30:00+00:00,6562.210000000003,6562.220000000003,6559.720000000003,6561.210000000003,38.89715964740451
2026-08-21T18:45:00+00:00,6561.210000000003,6564.230000000003,6561.210000000003,6563.720000000003,82.77653643324648
2026-08-21T19:00:00+00:00,6563.720000000003,6564.230000000003,6562.230000000003,6563.210000000003,34.474082073434126
2026-08-21T19:15:00+00:00,6563.210000000003,6564.230000000003,6562.210000000003,6562.210000000003,31.793181818181818
2026-08-21T19:30:00+00:00,6562.210000000003,6564.230000000003,6562.210000000003,6563.230000000003,111.88523260420232
2026-08-21T19:45:00+00:00,6563.230000000003,6567.210000000003,6560.210000000003,6562.760000000003,101
2026-08-24T06:00:00+00:00,6460.88,6460.88,6450.43,6453.44,118
2026-08-24T06:15:00+00:00,6453.44,6456.45,6450.44,6454.45,151
2026-08-24T06:30:00+00:00,6454.45,6455.94,6447.44,6447.94,96
2026-08-24T06:45:00+00:00,6447.94,6450.95,6445.43,6445.44,66
2026-08-24T07:00:00+00:00,6445.44,6452.94,6443.43,6452.93,474
2026-08-24T07:15:00+00:00,6452.93,6454.45,6444.43,6444.95,328
2026-08-24T07:30:00+00:00,6444.95,6450.45,6443.93,6445.43,294
2026-08-24T07:45:00+00:00,6445.43,6451.95,6443.43,6443.44,204
2026-08-24T08:00:00+00:00,6443.44,6462.45,6441.95,6450.93,500
2026-08-24T08:15:00+00:00,6450.93,6457.45,6450.43,6454.44,362
2026-08-24T08:30:00+00:00,6454.44,6463.44,6453.44,6462.43,203
2026-08-24T08:45:00+00:00,6462.43,6465.43,6458.93,6459.45,243
2026-08-24T09:00:00+00:00,6459.45,6466.43,6457.43,6464.93,183
2026-08-24T09:15:00+00:00,6464.93,6464.93,6456.45,6457.95,185
2026-08-24T09:30:00+00:00,6457.95,6461.44,6457.43,6459.43,132
2026-08-24T09:45:00+00:00,6459.43,6462.45,6457.43,6462.45,153
2026-08-24T10:00:00+00:00,6462.45,6463.45,6459.43,6460.45,170
2026-08-24T10:15:00+00:00,6460.45,6464.45,6460.43,6462.93,111
2026-08-24T10:30:00+00:00,6462.93,6467.45,6461.43,6461.43,148
2026-08-24T10:45:00+00:00,6461.43,6462.95,6459.43,6460.43,124
2026-08-24T11:00:00+00:00,6460.43,6460.45,6455.43,6457.43,278
2026-08-24T11:15:00+00:00,6457.43,6461.44,6455.93,6459.45,165
2026-08-24T11:30:00+00:00,6459.45,6469.43,6458.44,6463.93,703
2026-08-24T11:45:00+00:00,6463.93,6463.93,6457.43,6459.43,275
2026-08-24T12:00:00+00:00,6459.43,6459.45,6452.43,6456.43,231
2026-08-24T12:15:00+00:00,6456.43,6459.45,6455.44,6458.43,79
2026-08-24T12:30:00+00:00,6458.43,6460.95,6443.43,6452.94,571
2026-08-24T12:45:00+00:00,6452.94,6454.44,6450.94,6451.44,111
2026-08-24T13:00:00+00:00,6451.44,6451.44,6443.43,6444.45,206
2026-08-24T13:15:00+00:00,6444.45,6452.45,6444.43,6449.43,97
2026-08-24T13:30:00+00:00,6449.43,6449.93,6440.43,6444.43,387
2026-08-24T13:45:00+00:00,6444.43,6450.94,6442.45,6448.44,436
2026-08-24T14:00:00+00:00,6448.44,6449.45,6439.43,6441.44,232
2026-08-24T14:15:00+00:00,6441.44,6445.93,6440.43,6442.45,295
2026-08-24T14:30:00+00:00,6442.45,6452.45,6441.43,6451.43,386
2026-08-24T14:45:00+00:00,6451.43,6453.45,6449.43,6449.43,183
2026-08-24T15:00:00+00:00,6449.43,6450.45,6443.93,6447.43,107
2026-08-24T15:15:00+00:00,6447.43,6457.43,6444.45,6454.95,299
2026-08-24T15:30:00+00:00,6454.95,6456.45,6445.93,6451.95,307
2026-08-24T15:45:00+00:00,6451.95,6456.45,6451.95,6453.94,141
2026-08-24T16:00:00+00:00,6453.94,6459.45,6453.44,6454.43,292
2026-08-24T16:15:00+00:00,6454.43,6458.45,6454.43,6457.94,118
2026-08-24T16:30:00+00:00,6457.94,6457.94,6454.45,6454.45,113
2026-08-24T16:45:00+00:00,6454.45,6455.45,6451.93,6453.93,107
2026-08-24T17:00:00+00:00,6453.93,6463.45,6453.45,6461.44,172
2026-08-24T17:15:00+00:00,6461.44,6462.45,6454.43,6454.93,345
2026-08-24T17:30:00+00:00,6454.93,6456.43,6453.43,6453.93,135
2026-08-24T17:45:00+00:00,6453.93,6455.95,6453.43,6455.45,93
2026-08-24T18:00:00+00:00,6455.45,6460.45,6455.45,6460.45,93
2026-08-24T18:15:00+00:00,6460.45,6465.43,6459.43,6464.43,100
2026-08-24T18:30:00+00:00,6464.43,6465.44,6462.43,6464.44,134
2026-08-24T18:45:00+00:00,6464.44,6465.43,6462.43,6462.43,109
2026-08-24T19:00:00+00:00,6462.43,6462.45,6461.43,6462.44,65
2026-08-24T19:15:00+00:00,6462.44,6462.45,6460.43,6461.45,43
2026-08-24T19:30:00+00:00,6461.45,6462.45,6458.43,6458.93,103
2026-08-24T19:45:00+00:00,6458.93,6459.45,6456.43,6456.49,90
2026-08-25T06:00:00+00:00,6456.49,6476.84,6456.49,6475.84,158
2026-08-25T06:15:00+00:00,6475.84,6480.34,6474.82,6478.83,119
2026-08-25T06:30:00+00:00,6478.83,6479.84,6475.83,6479.84,68
2026-08-25T06:45:00+00:00,6479.84,6485.84,6476.83,6484.83,174
2026-08-25T07:00:00+00:00,6484.83,6490.84,6471.83,6474.33,603
2026-08-25T07:15:00+00:00,6474.33,6474.84,6465.82,6468.84,389
2026-08-25T07:30:00+00:00,6468.84,6475.84,6468.84,6475.32,278
2026-08-25T07:45:00+00:00,6475.32,6476.33,6462.83,6465.84,329
2026-08-25T08:00:00+00:00,6465.84,6466.82,6457.82,6459.83,353
2026-08-25T08:15:00+00:00,6459.83,6488.34,6459.83,6473.82,1103
2026-08-25T08:30:00+00:00,6473.82,6476.84,6465.32,6471.33,463
2026-08-25T08:45:00+00:00,6471.33,6476.84,6469.82,6476.83,251
2026-08-25T09:00:00+00:00,6476.83,6480.84,6472.83,6478.34,456
2026-08-25T09:15:00+00:00,6478.34,6483.83,6477.83,6480.33,337
2026-08-25T09:30:00+00:00,6480.33,6492.84,6480.33,6484.84,932
2026-08-25T09:45:00+00:00,6484.84,6493.34,6483.34,6485.82,415
2026-08-25T10:00:00+00:00,6485.82,6489.84,6483.82,6489.33,239
2026-08-25T10:15:00+00:00,6489.33,6490.32,6486.82,6487.84,241
2026-08-25T10:30:00+00:00,6487.84,6491.84,6485.82,6485.82,254
2026-08-25T10:45:00+00:00,6485.82,6489.84,6485.82,6487.84,131
2026-08-25T11:00:00+00:00,6487.84,6488.82,6475.88,6483.83,312
2026-08-25T11:15:00+00:00,6483.83,6485.32,6477.32,6477.32,229
2026-08-25T11:30:00+00:00,6477.32,6480.84,6476.32,6477.83,256
2026-08-25T11:45:00+00:00,6477.83,6480.84,6475.82,6477.32,202
2026-08-25T12:00:00+00:00,6477.32,6482.83,6472.82,6475.32,342
2026-08-25T12:15:00+00:00,6475.32,6480.84,6474.83,6476.32,137
2026-08-25T12:30:00+00:00,6476.32,6476.83,6472.82,6474.84,213
2026-08-25T12:45:00+00:00,6474.84,6477.84,6472.34,6472.34,107
2026-08-25T13:00:00+00:00,6472.34,6472.34,6467.33,6469.34,213
2026-08-25T13:15:00+00:00,6469.34,6470.84,6465.84,6467.32,200
2026-08-25T13:30:00+00:00,6467.32,6470.84,6459.82,6461.83,562
2026-08-25T13:45:00+00:00,6461.83,6463.84,6457.83,6459.33,313
2026-08-25T14:00:00+00:00,6459.33,6469.83,6456.84,6467.84,442
2026-08-25T14:15:00+00:00,6467.84,6468.84,6462.82,6463.83,324
2026-08-25T14:30:00+00:00,6463.83,6469.84,6454.32,6464.82,475
2026-08-25T14:45:00+00:00,6464.82,6464.83,6458.82,6459.83,244
2026-08-25T15:00:00+00:00,6459.83,6460.34,6453.82,6458.32,161
2026-08-25T15:15:00+00:00,6458.32,6464.84,6458.32,6462.82,82
2026-08-25T15:30:00+00:00,6462.82,6467.34,6457.84,6459.83,270
2026-08-25T15:45:00+00:00,6459.83,6462.83,6457.82,6461.82,180
2026-08-25T16:00:00+00:00,6461.82,6461.84,6458.82,6459.83,89
2026-08-25T16:15:00+00:00,6459.83,6462.34,6458.82,6459.34,67
2026-08-25T16:30:00+00:00,6459.34,6459.84,6457.82,6457.83,108
2026-08-25T16:45:00+00:00,6457.83,6462.83,6457.82,6461.33,56
2026-08-25T17:00:00+00:00,6461.33,6461.33,6452.83,6455.84,149
2026-08-25T17:15:00+00:00,6455.84,6456.34,6453.33,6453.83,50
2026-08-25T17:30:00+00:00,6453.83,6456.84,6453.82,6456.83,40
2026-08-25T17:45:00+00:00,6456.83,6458.34,6455.82,6458.34,32
2026-08-25T18:00:00+00:00,6458.34,6458.84,6456.82,6457.33,26
2026-08-25T18:15:00+00:00,6457.33,6457.84,6455.83,6456.33,33
2026-08-25T18:30:00+00:00,6456.33,6459.84,6456.33,6459.83,62
2026-08-25T18:45:00+00:00,6459.83,6461.84,6459.82,6459.83,49
2026-08-25T19:00:00+00:00,6459.83,6460.84,6457.82,6457.82,51
2026-08-25T19:15:00+00:00,6457.82,6459.32,6456.82,6458.83,40
2026-08-25T19:30:00+00:00,6458.83,6461.83,6457.83,6460.32,46
2026-08-25T19:45:00+00:00,6460.32,6469.34,6458.82,6467.89,163
2026-08-26T06:00:00+00:00,6467.89,6474.24,6467.22,6471.23,139
2026-08-26T06:15:00+00:00,6471.23,6474.23,6471.22,6473.22,114
2026-08-26T06:30:00+00:00,6473.22,6479.22,6471.22,6478.23,104
2026-08-26T06:45:00+00:00,6478.23,6478.24,6472.23,6473.23,134
2026-08-26T07:00:00+00:00,6473.23,6479.24,6463.23,6467.72,691
2026-08-26T07:15:00+00:00,6467.72,6469.24,6456.24,6460.22,386
2026-08-26T07:30:00+00:00,6460.22,6463.74,6456.22,6461.72,389
2026-08-26T07:45:00+00:00,6461.72,6467.24,6461.22,6466.74,305
2026-08-26T08:00:00+00:00,6466.74,6468.23,6463.22,6463.74,283
2026-08-26T08:15:00+00:00,6463.74,6466.74,6462.22,6465.73,278
2026-08-26T08:30:00+00:00,6465.73,6473.24,6462.22,6472.22,186
2026-08-26T08:45:00+00:00,6472.22,6474.24,6466.22,6470.23,228
2026-08-26T09:00:00+00:00,6470.23,6474.24,6470.23,6471.22,158
2026-08-26T09:15:00+00:00,6471.22,6472.24,6469.22,6471.23,145
2026-08-26T09:30:00+00:00,6471.23,6475.24,6471.22,6474.22,174
2026-08-26T09:45:00+00:00,6474.22,6475.74,6472.72,6474.22,84
2026-08-26T10:00:00+00:00,6474.22,6475.24,6471.23,6472.73,91
2026-08-26T10:15:00+00:00,6472.73,6475.22,6470.22,6471.22,106
2026-08-26T10:30:00+00:00,6471.22,6477.22,6469.23,6471.74,115
2026-08-26T10:45:00+00:00,6471.74,6474.74,6471.22,6471.22,84
2026-08-26T11:00:00+00:00,6471.22,6473.73,6469.22,6473.73,204
2026-08-26T11:15:00+00:00,6473.73,6478.74,6473.73,6478.24,135
2026-08-26T11:30:00+00:00,6478.24,6479.74,6475.22,6477.22,141
2026-08-26T11:45:00+00:00,6477.22,6480.24,6475.22,6479.23,138
2026-08-26T12:00:00+00:00,6479.23,6488.23,6479.22,6487.24,139
2026-08-26T12:15:00+00:00,6487.24,6492.24,6485.22,6492.23,157
2026-08-26T12:30:00+00:00,6492.23,6493.24,6485.22,6488.74,326
2026-08-26T12:45:00+00:00,6488.74,6492.74,6486.23,6488.24,269
2026-08-26T13:00:00+00:00,6488.24,6490.24,6485.22,6489.22,196
2026-08-26T13:15:00+00:00,6489.22,6493.23,6486.72,6490.74,132
2026-08-26T13:30:00+00:00,6490.74,6500.24,6486.73,6500.24,339
2026-08-26T13:45:00+00:00,6500.24,6500.73,6492.22,6495.74,265
2026-08-26T14:00:00+00:00,6495.74,6496.72,6487.24,6489.73,173
2026-08-26T14:15:00+00:00,6489.73,6491.74,6482.22,6485.23,274
2026-08-26T14:30:00+00:00,6485.23,6489.24,6485.22,6487.72,194
2026-08-26T14:45:00+00:00,6487.72,6489.23,6483.22,6484.23,172
2026-08-26T15:00:00+00:00,6484.23,6487.24,6480.73,6481.24,118
2026-08-26T15:15:00+00:00,6481.24,6481.24,6473.22,6476.72,165
2026-08-26T15:30:00+00:00,6476.72,6481.22,6470.23,6480.73,113
2026-08-26T15:45:00+00:00,6480.73,6481.24,6471.22,6471.73,256
2026-08-26T16:00:00+00:00,6471.73,6471.73,6464.22,6465.24,186
2026-08-26T16:15:00+00:00,6465.24,6466.74,6464.22,6465.24,79
2026-08-26T16:30:00+00:00,6465.24,6466.24,6460.22,6461.22,113
2026-08-26T16:45:00+00:00,6461.22,6466.24,6460.72,6466.23,162
2026-08-26T17:00:00+00:00,6466.23,6469.24,6465.22,6468.23,77
2026-08-26T17:15:00+00:00,6468.23,6469.74,6468.22,6468.23,41
2026-08-26T17:30:00+00:00,6468.23,6468.24,6466.22,6467.22,32
2026-08-26T17:45:00+00:00,6467.22,6467.24,6465.74,6466.22,44
2026-08-26T18:00:00+00:00,6466.22,6467.22,6465.22,6465.22,48
2026-08-26T18:15:00+00:00,6465.22,6467.24,6464.73,6465.23,97
2026-08-26T18:30:00+00:00,6465.23,6466.23,6463.22,6465.23,59
2026-08-26T18:45:00+00:00,6465.23,6468.24,6465.23,6467.22,39
2026-08-26T19:00:00+00:00,6467.22,6470.74,6467.22,6469.22,61
2026-08-26T19:15:00+00:00,6469.22,6470.23,6468.22,6469.22,44
2026-08-26T19:30:00+00:00,6469.22,6473.24,6468.22,6473.23,180
2026-08-26T19:45:00+00:00,6473.23,6474.24,6467.22,6469.77,76
2026-08-27T06:00:00+00:00,6470.27,6500.62,6469.77,6491.6,96
2026-08-27T06:15:00+00:00,6491.6,6493.61,6491.6,6492.6,51
2026-08-27T06:30:00+00:00,6492.6,6496.6,6491.62,6496.6,83
2026-08-27T06:45:00+00:00,6496.6,6498.61,6492.62,6495.1,136
2026-08-27T07:00:00+00:00,6495.1,6495.62,6481.12,6484.11,615
2026-08-27T07:15:00+00:00,6484.11,6484.6,6472.6,6475.61,301
2026-08-27T07:30:00+00:00,6475.61,6477.62,6468.62,6470.62,319
2026-08-27T07:45:00+00:00,6470.62,6479.62,6468.61,6476.1,330
2026-08-27T08:00:00+00:00,6476.1,6483.61,6475.6,6481.11,339
2026-08-27T08:15:00+00:00,6481.11,6481.62,6474.6,6474.6,313
2026-08-27T08:30:00+00:00,6474.6,6477.1,6464.6,6465.1,272
2026-08-27T08:45:00+00:00,6465.1,6465.61,6452.61,6454.12,274
2026-08-27T09:00:00+00:00,6454.12,6465.12,6452.6,6461.6,267
2026-08-27T09:15:00+00:00,6461.6,6465.11,6458.6,6464.6,216
2026-08-27T09:30:00+00:00,6464.6,6465.62,6457.6,6457.6,200
2026-08-27T09:45:00+00:00,6457.6,6459.12,6455.6,6458.61,139
2026-08-27T10:00:00+00:00,6458.61,6461.62,6454.6,6455.1,230
2026-08-27T10:15:00+00:00,6455.1,6457.62,6451.6,6453.6,232
2026-08-27T10:30:00+00:00,6453.6,6454.62,6449.1,6454.12,167
2026-08-27T10:45:00+00:00,6454.12,6459.61,6450.61,6459.61,164
2026-08-27T11:00:00+00:00,6459.61,6460.62,6455.6,6456.6,242
2026-08-27T11:15:00+00:00,6456.6,6462.62,6456.6,6459.61,166
2026-08-27T11:30:00+00:00,6459.61,6467.62,6459.12,6467.1,236
2026-08-27T11:45:00+00:00,6467.1,6467.62,6461.6,6466.61,154
2026-08-27T12:00:00+00:00,6466.61,6467.62,6462.6,6462.62,206
2026-08-27T12:15:00+00:00,6462.62,6464.62,6457.6,6457.61,223
2026-08-27T12:30:00+00:00,6457.61,6459.62,6452.62,6453.1,225
2026-08-27T12:45:00+00:00,6453.1,6454.62,6450.6,6451.61,214
2026-08-27T13:00:00+00:00,6451.61,6456.61,6448.6,6448.62,259
2026-08-27T13:15:00+00:00,6448.62,6449.62,6441.1,6443.61,266
2026-08-27T13:30:00+00:00,6443.61,6445.12,6430.6,6431.1,564
2026-08-27T13:45:00+00:00,6431.1,6438.62,6428.62,6431.62,271
2026-08-27T14:00:00+00:00,6431.62,6432.62,6415.6,6416.1,285
2026-08-27T14:15:00+00:00,6416.1,6426.61,6415.62,6425.11,231
2026-08-27T14:30:00+00:00,6425.11,6425.11,6415.61,6424.11,157
2026-08-27T14:45:00+00:00,6424.11,6428.61,6420.62,6422.1,193
2026-08-27T15:00:00+00:00,6422.1,6424.12,6417.1,6419.61,120
2026-08-27T15:15:00+00:00,6419.61,6425.62,6419.11,6424.6,164
2026-08-27T15:30:00+00:00,6424.6,6429.12,6418.61,6425.11,249
2026-08-27T15:45:00+00:00,6425.11,6430.62,6422.6,6429.62,184
2026-08-27T16:00:00+00:00,6429.62,6430.61,6427.6,6428.62,62
2026-08-27T16:15:00+00:00,6428.62,6429.62,6426.6,6427.61,102
2026-08-27T16:30:00+00:00,6427.61,6430.62,6426.6,6430.6,40
2026-08-27T16:45:00+00:00,6430.6,6433.62,6430.6,6431.6,46
2026-08-27T17:00:00+00:00,6431.6,6431.62,6428.6,6430.11,80
2026-08-27T17:15:00+00:00,6430.11,6431.6,6428.6,6429.11,113
2026-08-27T17:30:00+00:00,6429.11,6431.11,6426.61,6427.61,68
2026-08-27T17:45:00+00:00,6427.61,6428.62,6425.6,6426.62,97
2026-08-27T18:00:00+00:00,6426.62,6426.62,6423.6,6425.61,143
2026-08-27T18:15:00+00:00,6425.61,6427.62,6421.6,6422.61,118
2026-08-27T18:30:00+00:00,6422.61,6428.11,6422.61,6427.1,96
2026-08-27T18:45:00+00:00,6427.1,6428.61,6426.1,6428.61,41
2026-08-27T19:00:00+00:00,6428.61,6431.61,6427.61,6430.12,124
2026-08-27T19:15:00+00:00,6430.12,6430.61,6426.62,6427.11,47
2026-08-27T19:30:00+00:00,6427.11,6430.62,6426.6,6428.61,81
2026-08-27T19:45:00+00:00,6428.61,6437.66,6428.6,6436.67,102
2026-08-28T06:00:00+00:00,6437.17,6448.14,6436.67,6446.13,98
2026-08-28T06:15:00+00:00,6446.13,6452.63,6446.13,6448.13,99
2026-08-28T06:30:00+00:00,6448.13,6455.63,6448.13,6455.12,151
2026-08-28T06:45:00+00:00,6455.12,6465.14,6454.13,6463.63,161
2026-08-28T07:00:00+00:00,6463.63,6474.14,6463.62,6473.14,518
2026-08-28T07:15:00+00:00,6473.14,6482.12,6470.12,6471.14,332
2026-08-28T07:30:00+00:00,6471.14,6476.13,6466.62,6468.12,284
2026-08-28T07:45:00+00:00,6468.12,6473.64,6466.62,6467.13,209
2026-08-28T08:00:00+00:00,6467.13,6472.14,6464.63,6472.12,339
2026-08-28T08:15:00+00:00,6472.12,6475.64,6469.12,6475.64,250
2026-08-28T08:30:00+00:00,6475.64,6480.14,6474.13,6478.63,229
2026-08-28T08:45:00+00:00,6478.63,6478.63,6473.12,6475.14,237
2026-08-28T09:00:00+00:00,6475.14,6478.14,6471.62,6471.63,232
2026-08-28T09:15:00+00:00,6471.63,6475.64,6471.12,6472.12,164
2026-08-28T09:30:00+00:00,6472.12,6475.14,6471.63,6475.14,139
2026-08-28T09:45:00+00:00,6475.14,6479.14,6473.14,6476.14,116
2026-08-28T10:00:00+00:00,6476.14,6476.63,6469.12,6470.63,179
2026-08-28T10:15:00+00:00,6470.63,6474.14,6469.13,6473.12,133
2026-08-28T10:30:00+00:00,6473.12,6475.14,6471.12,6471.13,186
2026-08-28T10:45:00+00:00,6471.13,6471.14,6465.12,6466.63,122
2026-08-28T11:00:00+00:00,6466.63,6474.13,6466.14,6474.13,114
2026-08-28T11:15:00+00:00,6474.13,6475.12,6469.12,6469.13,142
2026-08-28T11:30:00+00:00,6469.13,6472.14,6467.12,6467.62,130
2026-08-28T11:45:00+00:00,6467.62,6470.14,6466.14,6468.14,133
2026-08-28T12:00:00+00:00,6468.14,6472.14,6468.12,6472.12,104
2026-08-28T12:15:00+00:00,6472.12,6478.14,6472.12,6477.63,99
2026-08-28T12:30:00+00:00,6477.63,6480.14,6474.13,6475.64,134
2026-08-28T12:45:00+00:00,6475.64,6480.14,6475.12,6476.12,153
2026-08-28T13:00:00+00:00,6476.12,6483.12,6476.12,6476.64,107
2026-08-28T13:15:00+00:00,6476.64,6479.12,6474.12,6478.14,128
2026-08-28T13:30:00+00:00,6478.14,6479.14,6473.12,6473.12,321
2026-08-28T13:45:00+00:00,6473.12,6476.14,6469.19,6471.12,264
2026-08-28T14:00:00+00:00,6471.12,6484.13,6469.12,6474.63,1181
2026-08-28T14:15:00+00:00,6474.63,6483.62,6474.13,6479.64,391
2026-08-28T14:30:00+00:00,6479.64,6489.62,6479.12,6487.12,372
2026-08-28T14:45:00+00:00,6487.12,6500.14,6486.12,6496.63,221
2026-08-28T15:00:00+00:00,6496.63,6499.13,6489.12,6494.64,277
2026-08-28T15:15:00+00:00,6494.64,6496.64,6490.13,6493.64,201
2026-08-28T15:30:00+00:00,6493.64,6495.13,6485.12,6488.13,374
2026-08-28T15:45:00+00:00,6488.13,6489.63,6480.12,6480.12,382
2026-08-28T16:00:00+00:00,6480.12,6485.14,6478.12,6479.12,370
2026-08-28T16:15:00+00:00,6479.12,6481.13,6472.12,6475.13,529
2026-08-28T16:30:00+00:00,6475.13,6480.14,6474.13,6478.13,501
2026-08-28T16:45:00+00:00,6478.13,6484.14,6478.13,6481.64,385
2026-08-28T17:00:00+00:00,6481.64,6481.64,6474.62,6478.12,506
2026-08-28T17:15:00+00:00,6478.12,6479.14,6474.12,6475.14,258
2026-08-28T17:30:00+00:00,6475.14,6479.14,6474.14,6476.63,216
2026-08-28T17:45:00+00:00,6476.63,6481.14,6476.63,6480.62,201
2026-08-28T18:00:00+00:00,6480.62,6482.14,6479.63,6480.14,216
2026-08-28T18:15:00+00:00,6480.14,6481.14,6477.62,6479.12,110
2026-08-28T18:30:00+00:00,6479.12,6481.14,6478.13,6479.13,60
2026-08-28T18:45:00+00:00,6479.13,6480.14,6476.62,6479.63,92
2026-08-28T19:00:00+00:00,6479.63,6482.14,6478.12,6481.14,230
2026-08-28T19:15:00+00:00,6481.14,6483.12,6480.13,6482.62,83
2026-08-28T19:30:00+00:00,6482.62,6483.14,6480.62,6481.64,171
2026-08-28T19:45:00+00:00,6481.64,6482.64,6477.67,6478.17,147
2026-08-31T06:00:00+00:00,6478.17,6481.28,6474.27,6479.78,129
2026-08-31T06:15:00+00:00,6479.78,6485.28,6479.78,6484.26,39
2026-08-31T06:30:00+00:00,6484.26,6485.28,6482.27,6483.26,74
2026-08-31T06:45:00+00:00,6483.26,6489.28,6482.26,6484.76,120
2026-08-31T07:00:00+00:00,6484.76,6484.77,6474.27,6480.26,520
2026-08-31T07:15:00+00:00,6480.26,6484.28,6473.26,6473.76,289
2026-08-31T07:30:00+00:00,6473.76,6475.28,6470.26,6472.26,309
2026-08-31T07:45:00+00:00,6472.26,6473.26,6466.32,6469.78,118
2026-08-31T08:00:00+00:00,6469.78,6477.28,6466.78,6466.78,259
2026-08-31T08:15:00+00:00,6466.78,6473.28,6466.76,6472.28,205
2026-08-31T08:30:00+00:00,6472.28,6476.28,6470.28,6471.78,119
2026-08-31T08:45:00+00:00,6471.78,6478.28,6471.27,6476.28,132
2026-08-31T09:00:00+00:00,6476.28,6476.28,6470.76,6473.78,132
2026-08-31T09:15:00+00:00,6473.78,6474.28,6468.76,6471.28,132
2026-08-31T09:30:00+00:00,6471.28,6475.28,6468.77,6470.76,89
2026-08-31T09:45:00+00:00,6470.76,6471.27,6466.26,6467.28,52
2026-08-31T10:00:00+00:00,6467.28,6467.28,6459.26,6459.26,100
2026-08-31T10:15:00+00:00,6459.26,6463.78,6458.26,6461.78,179
2026-08-31T10:30:00+00:00,6461.78,6465.28,6459.26,6464.26,68
2026-08-31T10:45:00+00:00,6464.26,6469.28,6464.26,6466.77,72
2026-08-31T11:00:00+00:00,6466.77,6473.28,6466.77,6472.78,124
2026-08-31T11:15:00+00:00,6472.78,6475.78,6472.27,6475.27,54
2026-08-31T11:30:00+00:00,6475.27,6477.28,6470.26,6472.27,162
2026-08-31T11:45:00+00:00,6472.27,6477.27,6472.26,6477.27,141
2026-08-31T12:00:00+00:00,6477.27,6482.26,6470.28,6480.27,311
2026-08-31T12:15:00+00:00,6480.27,6482.27,6470.26,6474.77,396
2026-08-31T12:30:00+00:00,6474.77,6481.28,6472.26,6473.27,271
2026-08-31T12:45:00+00:00,6473.27,6473.27,6465.26,6468.28,75
2026-08-31T13:00:00+00:00,6468.28,6474.27,6466.28,6474.27,99
2026-08-31T13:15:00+00:00,6474.27,6474.78,6467.27,6468.76,152
2026-08-31T13:30:00+00:00,6468.76,6469.77,6454.27,6456.27,462
2026-08-31T13:45:00+00:00,6456.27,6458.77,6448.26,6457.76,281
2026-08-31T14:00:00+00:00,6457.76,6461.28,6450.26,6451.26,163
2026-08-31T14:15:00+00:00,6451.26,6451.27,6439.26,6439.78,180
2026-08-31T14:30:00+00:00,6439.78,6446.27,6439.27,6442.28,143
2026-08-31T14:45:00+00:00,6442.28,6443.28,6432.26,6433.28,217
2026-08-31T15:00:00+00:00,6433.28,6438.27,6427.76,6428.27,267
2026-08-31T15:15:00+00:00,6428.27,6432.27,6425.26,6426.77,236
2026-08-31T15:30:00+00:00,6426.77,6427.28,6413.76,6413.77,357
2026-08-31T15:45:00+00:00,6413.77,6416.28,6411.27,6411.78,132
2026-08-31T16:00:00+00:00,6411.78,6413.78,6409.76,6412.27,91
2026-08-31T16:15:00+00:00,6412.27,6413.27,6410.26,6411.26,69
2026-08-31T16:30:00+00:00,6411.26,6412.28,6407.27,6409.27,82
2026-08-31T16:45:00+00:00,6409.27,6410.27,6408.26,6408.78,48
2026-08-31T17:00:00+00:00,6408.78,6408.78,6403.76,6404.26,67
2026-08-31T17:15:00+00:00,6404.26,6405.27,6401.26,6401.27,69
2026-08-31T17:30:00+00:00,6401.27,6406.28,6400.26,6406.26,44
2026-08-31T17:45:00+00:00,6406.26,6409.27,6405.27,6407.26,37
2026-08-31T18:00:00+00:00,6407.26,6409.27,6405.26,6405.78,66
2026-08-31T18:15:00+00:00,6405.78,6406.78,6402.78,6402.78,42
2026-08-31T18:30:00+00:00,6402.78,6402.78,6398.27,6399.76,59
2026-08-31T18:45:00+00:00,6399.76,6401.28,6399.26,6401.28,74
2026-08-31T19:00:00+00:00,6401.28,6403.28,6400.28,6401.28,44
2026-08-31T19:15:00+00:00,6401.28,6404.27,6401.26,6403.28,39
2026-08-31T19:30:00+00:00,6403.28,6407.77,6402.26,6407.77,44
2026-08-31T19:45:00+00:00,6407.77,6414.28,6407.26,6408.32,142
2026-09-01T06:00:00+00:00,6408.32,6425.43,6408.32,6420.43,121
2026-09-01T06:15:00+00:00,6420.43,6422.44,6417.42,6418.93,91
2026-09-01T06:30:00+00:00,6418.93,6421.44,6413.44,6416.94,146
2026-09-01T06:45:00+00:00,6416.94,6418.44,6406.43,6409.93,122
2026-09-01T07:00:00+00:00,6409.93,6425.44,6409.43,6425.44,622
2026-09-01T07:15:00+00:00,6425.44,6426.44,6420.42,6424.42,451
2026-09-01T07:30:00+00:00,6424.42,6424.44,6408.43,6408.94,364
2026-09-01T07:45:00+00:00,6408.94,6418.42,6401.92,6416.93,370
2026-09-01T08:00:00+00:00,6416.93,6422.44,6399.42,6405.93,1149
2026-09-01T08:15:00+00:00,6405.93,6409.43,6392.42,6392.44,661
2026-09-01T08:30:00+00:00,6392.44,6393.44,6375.42,6375.94,404
2026-09-01T08:45:00+00:00,6375.94,6378.94,6366.42,6367.94,442
2026-09-01T09:00:00+00:00,6367.94,6374.43,6363.42,6366.43,460
2026-09-01T09:15:00+00:00,6366.43,6373.44,6364.44,6370.44,445
2026-09-01T09:30:00+00:00,6370.44,6370.94,6360.42,6361.42,304
2026-09-01T09:45:00+00:00,6361.42,6368.44,6361.42,6366.94,236
2026-09-01T10:00:00+00:00,6366.94,6374.43,6366.42,6372.94,344
2026-09-01T10:15:00+00:00,6372.94,6386.44,6372.42,6382.93,143
2026-09-01T10:30:00+00:00,6382.93,6387.44,6378.43,6378.93,220
2026-09-01T10:45:00+00:00,6378.93,6380.44,6370.43,6372.92,315
2026-09-01T11:00:00+00:00,6372.92,6378.44,6368.42,6375.93,267
2026-09-01T11:15:00+00:00,6375.93,6377.94,6373.42,6376.43,178
2026-09-01T11:30:00+00:00,6376.43,6385.44,6376.42,6384.44,279
2026-09-01T11:45:00+00:00,6384.44,6392.43,6384.42,6385.42,252
2026-09-01T12:00:00+00:00,6385.42,6387.94,6382.42,6387.92,513
2026-09-01T12:15:00+00:00,6387.92,6392.44,6386.42,6388.44,254
2026-09-01T12:30:00+00:00,6388.44,6395.44,6384.42,6386.44,371
2026-09-01T12:45:00+00:00,6386.44,6391.44,6386.44,6391.44,303
2026-09-01T13:00:00+00:00,6391.44,6392.44,6380.42,6381.43,377
2026-09-01T13:15:00+00:00,6381.43,6388.94,6380.43,6388.42,340
2026-09-01T13:30:00+00:00,6388.42,6391.44,6380.42,6385.42,370
2026-09-01T13:45:00+00:00,6385.42,6386.44,6375.93,6381.43,444
2026-09-01T14:00:00+00:00,6381.43,6382.44,6372.44,6378.44,521
2026-09-01T14:15:00+00:00,6378.44,6379.44,6369.42,6369.92,390
2026-09-01T14:30:00+00:00,6369.92,6374.44,6362.44,6364.42,286
2026-09-01T14:45:00+00:00,6364.42,6365.42,6354.94,6356.44,202
2026-09-01T15:00:00+00:00,6356.44,6361.43,6354.42,6356.42,264
2026-09-01T15:15:00+00:00,6356.42,6366.44,6355.42,6365.93,253
2026-09-01T15:30:00+00:00,6365.93,6371.94,6363.42,6369.92,237
2026-09-01T15:45:00+00:00,6369.92,6377.44,6369.44,6375.93,110
2026-09-01T16:00:00+00:00,6375.93,6377.44,6372.42,6372.42,155
2026-09-01T16:15:00+00:00,6372.42,6373.44,6358.42,6360.43,649
2026-09-01T16:30:00+00:00,6360.43,6360.44,6354.42,6354.42,402
2026-09-01T16:45:00+00:00,6354.42,6360.44,6354.42,6359.92,163
2026-09-01T17:00:00+00:00,6359.92,6359.93,6353.43,6357.94,234
2026-09-01T17:15:00+00:00,6357.94,6359.42,6349.43,6356.92,428
2026-09-01T17:30:00+00:00,6356.92,6358.44,6354.92,6356.93,287
2026-09-01T17:45:00+00:00,6356.93,6357.44,6354.42,6354.43,166
2026-09-01T18:00:00+00:00,6354.43,6356.44,6346.42,6347.42,213
2026-09-01T18:15:00+00:00,6347.42,6349.44,6343.42,6343.93,159
2026-09-01T18:30:00+00:00,6343.93,6344.42,6337.93,6337.93,175
2026-09-01T18:45:00+00:00,6337.93,6343.44,6334.93,6342.44,319
2026-09-01T19:00:00+00:00,6342.44,6349.43,6341.93,6349.43,215
2026-09-01T19:15:00+00:00,6349.43,6349.93,6345.42,6347.42,149
2026-09-01T19:30:00+00:00,6347.42,6347.42,6342.43,6343.42,81
2026-09-01T19:45:00+00:00,6343.42,6345.94,6341.92,6343.47,179
2026-09-02T06:00:00+00:00,6343.47,6345.88,6338.86,6341.37,135
2026-09-02T06:15:00+00:00,6341.37,6343.88,6336.86,6336.87,170
2026-09-02T06:30:00+00:00,6336.87,6347.88,6336.87,6345.88,221
2026-09-02T06:45:00+00:00,6345.88,6357.88,6343.86,6357.37,226
2026-09-02T07:00:00+00:00,6357.37,6376.88,6355.86,6368.37,709
2026-09-02T07:15:00+00:00,6368.37,6372.88,6362.86,6365.87,630
2026-09-02T07:30:00+00:00,6365.87,6367.88,6361.87,6366.38,553
2026-09-02T07:45:00+00:00,6366.38,6366.88,6357.86,6361.38,456
2026-09-02T08:00:00+00:00,6361.38,6367.87,6358.86,6359.88,530
2026-09-02T08:15:00+00:00,6359.88,6361.88,6354.88,6356.87,370
2026-09-02T08:30:00+00:00,6356.87,6361.87,6353.88,6356.37,384
2026-09-02T08:45:00+00:00,6356.37,6359.37,6344.37,6346.86,385
2026-09-02T09:00:00+00:00,6346.86,6354.38,6345.86,6346.86,500
2026-09-02T09:15:00+00:00,6346.86,6351.38,6344.86,6345.88,405
2026-09-02T09:30:00+00:00,6345.88,6345.88,6337.88,6341.86,310
2026-09-02T09:45:00+00:00,6341.86,6348.88,6338.86,6345.38,291
2026-09-02T10:00:00+00:00,6345.38,6345.87,6336.38,6342.88,340
2026-09-02T10:15:00+00:00,6342.88,6343.88,6338.86,6339.88,264
2026-09-02T10:30:00+00:00,6339.88,6339.88,6331.38,6334.36,251
2026-09-02T10:45:00+00:00,6334.36,6337.37,6331.86,6337.37,192
2026-09-02T11:00:00+00:00,6337.37,6354.88,6332.88,6353.36,611
2026-09-02T11:15:00+00:00,6353.36,6354.88,6347.86,6352.86,706
2026-09-02T11:30:00+00:00,6352.86,6361.86,6352.86,6356.87,387
2026-09-02T11:45:00+00:00,6356.87,6367.88,6355.87,6367.86,204
2026-09-02T12:00:00+00:00,6367.86,6374.88,6366.86,6373.88,388
2026-09-02T12:15:00+00:00,6373.88,6375.86,6363.87,6368.87,655
2026-09-02T12:30:00+00:00,6368.87,6371.87,6363.86,6366.36,317
2026-09-02T12:45:00+00:00,6366.36,6366.86,6354.88,6356.36,317
2026-09-02T13:00:00+00:00,6356.36,6367.88,6356.36,6366.87,243
2026-09-02T13:15:00+00:00,6366.87,6375.86,6363.87,6371.86,240
2026-09-02T13:30:00+00:00,6371.86,6376.88,6359.86,6364.87,355
2026-09-02T13:45:00+00:00,6364.87,6368.87,6353.88,6368.87,534
2026-09-02T14:00:00+00:00,6368.87,6369.88,6363.86,6368.86,515
2026-09-02T14:15:00+00:00,6368.86,6376.88,6367.86,6369.86,282
2026-09-02T14:30:00+00:00,6369.86,6371.37,6363.86,6365.86,352
2026-09-02T14:45:00+00:00,6365.86,6365.88,6359.86,6361.87,179
2026-09-02T15:00:00+00:00,6361.87,6364.88,6356.86,6357.88,180
2026-09-02T15:15:00+00:00,6357.88,6365.38,6351.87,6365.38,249
2026-09-02T15:30:00+00:00,6365.38,6369.88,6360.86,6362.87,212
2026-09-02T15:45:00+00:00,6362.87,6362.88,6357.86,6359.88,208
2026-09-02T16:00:00+00:00,6359.88,6363.88,6359.88,6361.86,123
2026-09-02T16:15:00+00:00,6361.86,6363.86,6356.86,6356.86,125
2026-09-02T16:30:00+00:00,6356.86,6360.88,6356.86,6358.88,100
2026-09-02T16:45:00+00:00,6358.88,6362.87,6358.86,6361.88,74
2026-09-02T17:00:00+00:00,6361.88,6364.88,6360.87,6362.36,115
2026-09-02T17:15:00+00:00,6362.36,6362.36,6359.86,6360.88,164
2026-09-02T17:30:00+00:00,6360.88,6364.38,6359.86,6363.88,153
2026-09-02T17:45:00+00:00,6363.88,6367.88,6363.88,6366.86,189
2026-09-02T18:00:00+00:00,6366.86,6367.88,6363.87,6365.38,172
2026-09-02T18:15:00+00:00,6365.38,6371.88,6363.87,6364.88,253
2026-09-02T18:30:00+00:00,6364.88,6366.87,6360.87,6361.88,58
2026-09-02T18:45:00+00:00,6361.88,6362.38,6359.86,6360.86,88
2026-09-02T19:00:00+00:00,6360.86,6363.86,6359.87,6362.88,38
2026-09-02T19:15:00+00:00,6362.88,6365.36,6361.86,6365.36,134
2026-09-02T19:30:00+00:00,6365.36,6368.88,6364.86,6367.38,121
2026-09-02T19:45:00+00:00,6367.38,6368.92,6366.86,6368.43,160
2026-09-03T06:00:00+00:00,6368.43,6374.28,6368.43,6370.26,225
2026-09-03T06:15:00+00:00,6370.26,6373.28,6367.26,6369.77,118
2026-09-03T06:30:00+00:00,6369.77,6370.28,6366.26,6367.28,128
2026-09-03T06:45:00+00:00,6367.28,6367.28,6357.28,6362.78,92
2026-09-03T07:00:00+00:00,6362.78,6371.28,6356.26,6362.27,641
2026-09-03T07:15:00+00:00,6362.27,6362.27,6348.26,6356.28,348
2026-09-03T07:30:00+00:00,6356.28,6358.78,6353.26,6356.28,586
2026-09-03T07:45:00+00:00,6356.28,6357.28,6346.26,6353.78,456
2026-09-03T08:00:00+00:00,6353.78,6371.28,6352.76,6364.27,1239
2026-09-03T08:15:00+00:00,6364.27,6371.28,6363.27,6368.28,323
2026-09-03T08:30:00+00:00,6368.28,6376.28,6366.77,6375.28,228
2026-09-03T08:45:00+00:00,6375.28,6375.78,6364.26,6366.78,183
2026-09-03T09:00:00+00:00,6366.78,6371.28,6364.26,6366.28,295
2026-09-03T09:15:00+00:00,6366.28,6368.27,6355.27,6356.78,304
2026-09-03T09:30:00+00:00,6356.78,6358.28,6350.26,6350.78,245
2026-09-03T09:45:00+00:00,6350.78,6351.76,6342.28,6343.77,277
2026-09-03T10:00:00+00:00,6343.77,6348.28,6341.27,6344.26,389
2026-09-03T10:15:00+00:00,6344.26,6346.27,6338.26,6342.77,314
2026-09-03T10:30:00+00:00,6342.77,6351.27,6340.27,6351.26,264
2026-09-03T10:45:00+00:00,6351.26,6354.27,6348.26,6350.26,195
2026-09-03T11:00:00+00:00,6350.26,6360.28,6347.76,6357.27,433
2026-09-03T11:15:00+00:00,6357.27,6361.78,6353.26,6357.78,273
2026-09-03T11:30:00+00:00,6357.78,6360.28,6350.26,6357.78,325
2026-09-03T11:45:00+00:00,6357.78,6357.78,6347.26,6349.77,377
2026-09-03T12:00:00+00:00,6349.77,6354.28,6349.26,6349.28,176
2026-09-03T12:15:00+00:00,6349.28,6354.78,6345.26,6354.27,245
2026-09-03T12:30:00+00:00,6354.27,6371.26,6352.76,6360.26,816
2026-09-03T12:45:00+00:00,6360.26,6375.28,6359.26,6371.77,378
2026-09-03T13:00:00+00:00,6371.77,6378.28,6368.76,6377.76,426
2026-09-03T13:15:00+00:00,6377.76,6378.28,6373.26,6377.76,209
2026-09-03T13:30:00+00:00,6377.76,6378.28,6363.76,6368.27,636
2026-09-03T13:45:00+00:00,6368.27,6377.28,6365.26,6377.28,303
2026-09-03T14:00:00+00:00,6377.28,6377.28,6359.26,6360.28,412
2026-09-03T14:15:00+00:00,6360.28,6368.28,6359.27,6361.78,248
2026-09-03T14:30:00+00:00,6361.78,6368.28,6357.26,6366.77,343
2026-09-03T14:45:00+00:00,6366.77,6372.28,6357.26,6371.76,435
2026-09-03T15:00:00+00:00,6371.76,6376.77,6370.27,6373.78,176
2026-09-03T15:15:00+00:00,6373.78,6385.27,6373.26,6385.27,149
2026-09-03T15:30:00+00:00,6385.27,6385.27,6378.28,6381.76,190
2026-09-03T15:45:00+00:00,6381.76,6384.27,6379.26,6381.27,84
2026-09-03T16:00:00+00:00,6381.27,6381.27,6376.27,6377.76,109
2026-09-03T16:15:00+00:00,6377.76,6379.28,6376.26,6376.27,118
2026-09-03T16:30:00+00:00,6376.27,6380.28,6375.26,6379.78,48
2026-09-03T16:45:00+00:00,6379.78,6380.28,6378.26,6380.27,109
2026-09-03T17:00:00+00:00,6380.27,6380.28,6377.26,6377.27,49
2026-09-03T17:15:00+00:00,6377.27,6381.28,6377.27,6380.77,34
2026-09-03T17:30:00+00:00,6380.77,6384.28,6380.77,6383.28,42
2026-09-03T17:45:00+00:00,6383.28,6384.28,6382.26,6384.27,45
2026-09-03T18:00:00+00:00,6384.27,6386.27,6384.27,6385.26,27
2026-09-03T18:15:00+00:00,6385.26,6386.28,6385.25,6385.26,24
2026-09-03T18:30:00+00:00,6385.26,6385.28,6382.26,6382.28,40
2026-09-03T18:45:00+00:00,6382.28,6384.28,6382.28,6383.28,34
2026-09-03T19:00:00+00:00,6383.28,6384.28,6382.27,6382.27,65
2026-09-03T19:15:00+00:00,6382.27,6383.77,6381.27,6383.77,49
2026-09-03T19:30:00+00:00,6383.77,6386.27,6383.26,6385.26,41
2026-09-03T19:45:00+00:00,6385.26,6385.81,6381.26,6385.81,99
2026-09-04T06:00:00+00:00,6385.81,6392.61,6385.81,6392.09,93
2026-09-04T06:15:00+00:00,6392.09,6392.09,6388.59,6389.59,67
2026-09-04T06:30:00+00:00,6389.59,6390.6,6383.6,6384.61,74
2026-09-04T06:45:00+00:00,6384.61,6384.61,6375.61,6378.61,102
2026-09-04T07:00:00+00:00,6378.61,6378.61,6362.09,6372.61,783
2026-09-04T07:15:00+00:00,6372.61,6384.6,6371.61,6380.61,255
2026-09-04T07:30:00+00:00,6380.61,6387.59,6379.59,6386.11,361
2026-09-04T07:45:00+00:00,6386.11,6387.61,6380.59,6382.09,368
2026-09-04T08:00:00+00:00,6382.09,6384.61,6376.61,6377.6,364
2026-09-04T08:15:00+00:00,6377.6,6378.1,6367.09,6370.61,257
2026-09-04T08:30:00+00:00,6370.61,6373.61,6367.09,6373.61,279
2026-09-04T08:45:00+00:00,6373.61,6380.61,6372.09,6377.59,152
2026-09-04T09:00:00+00:00,6377.59,6382.6,6375.59,6376.61,213
2026-09-04T09:15:00+00:00,6376.61,6378.61,6371.59,6372.09,234
2026-09-04T09:30:00+00:00,6372.09,6381.11,6371.59,6379.59,150
2026-09-04T09:45:00+00:00,6379.59,6382.61,6379.59,6379.61,191
2026-09-04T10:00:00+00:00,6379.61,6386.61,6379.1,6383.6,213
2026-09-04T10:15:00+00:00,6383.6,6392.11,6382.1,6388.61,207
2026-09-04T10:30:00+00:00,6388.61,6389.61,6380.6,6385.11,192
2026-09-04T10:45:00+00:00,6385.11,6388.61,6384.6,6388.59,123
2026-09-04T11:00:00+00:00,6388.59,6389.61,6383.59,6387.6,147
2026-09-04T11:15:00+00:00,6387.6,6390.6,6385.59,6388.6,122
2026-09-04T11:30:00+00:00,6388.6,6395.6,6388.59,6394.09,132
2026-09-04T11:45:00+00:00,6394.09,6396.61,6392.6,6395.11,87
2026-09-04T12:00:00+00:00,6395.11,6396.61,6388.11,6393.61,178
2026-09-04T12:15:00+00:00,6393.61,6398.1,6388.59,6397.09,330
2026-09-04T12:30:00+00:00,6397.09,6402.61,6372.64,6396.11,1478
2026-09-04T12:45:00+00:00,6396.11,6396.61,6385.59,6389.6,792
2026-09-04T13:00:00+00:00,6389.6,6389.61,6378.59,6379.59,414
2026-09-04T13:15:00+00:00,6379.59,6385.61,6378.6,6383.59,329
2026-09-04T13:30:00+00:00,6383.59,6406.59,6383.59,6403.6,706
2026-09-04T13:45:00+00:00,6403.6,6409.61,6403.09,6407.61,471
2026-09-04T14:00:00+00:00,6407.61,6410.1,6403.59,6409.61,471
2026-09-04T14:15:00+00:00,6409.61,6411.1,6400.59,6402.59,368
2026-09-04T14:30:00+00:00,6402.59,6404.61,6395.59,6396.09,369
2026-09-04T14:45:00+00:00,6396.09,6397.59,6388.59,6392.59,330
2026-09-04T15:00:00+00:00,6392.59,6397.61,6386.61,6397.59,322
2026-09-04T15:15:00+00:00,6397.59,6399.61,6394.59,6395.59,244
2026-09-04T15:30:00+00:00,6395.59,6399.61,6388.59,6399.61,151
2026-09-04T15:45:00+00:00,6399.61,6399.61,6395.59,6398.59,101
2026-09-04T16:00:00+00:00,6398.59,6401.6,6395.59,6401.6,118
2026-09-04T16:15:00+00:00,6401.6,6406.6,6400.59,6404.61,52
2026-09-04T16:30:00+00:00,6404.61,6406.61,6401.59,6403.1,85
2026-09-04T16:45:00+00:00,6403.1,6405.1,6401.1,6401.1,51
2026-09-04T17:00:00+00:00,6401.1,6401.1,6396.09,6397.6,97
2026-09-04T17:15:00+00:00,6397.6,6397.61,6391.59,6392.11,149
2026-09-04T17:30:00+00:00,6392.11,6393.61,6389.59,6389.6,130
2026-09-04T17:45:00+00:00,6389.6,6390.61,6388.59,6389.61,173
2026-09-04T18:00:00+00:00,6389.61,6392.61,6389.59,6391.6,143
2026-09-04T18:15:00+00:00,6391.6,6391.61,6390.09,6390.59,50
2026-09-04T18:30:00+00:00,6390.59,6392.61,6389.59,6391.59,90
2026-09-04T18:45:00+00:00,6391.59,6392.61,6390.61,6391.61,40
2026-09-04T19:00:00+00:00,6391.61,6392.09,6385.61,6386.61,77
2026-09-04T19:15:00+00:00,6386.61,6390.61,6386.59,6390.6,81
2026-09-04T19:30:00+00:00,6390.6,6393.61,6388.61,6393.61,122
2026-09-04T19:45:00+00:00,6393.61,6399.59,6392.59,6398.6,67
2026-09-07T06:00:00+00:00,6398.6,6398.6,6383.76,6389.28,97
2026-09-07T06:15:00+00:00,6389.28,6390.78,6387.76,6388.78,66
2026-09-07T06:30:00+00:00,6388.78,6395.78,6388.28,6393.77,79
2026-09-07T06:45:00+00:00,6393.77,6397.28,6389.78,6397.28,106
2026-09-07T07:00:00+00:00,6397.28,6403.78,6390.78,6395.77,535
2026-09-07T07:15:00+00:00,6395.77,6396.76,6383.76,6383.78,371
2026-09-07T07:30:00+00:00,6383.78,6383.78,6369.76,6373.76,344
2026-09-07T07:45:00+00:00,6373.76,6389.78,6372.77,6389.78,459
2026-09-07T08:00:00+00:00,6389.78,6390.78,6378.78,6384.77,525
2026-09-07T08:15:00+00:00,6384.77,6389.78,6383.76,6385.77,273
2026-09-07T08:30:00+00:00,6385.77,6392.78,6385.77,6388.27,175
2026-09-07T08:45:00+00:00,6388.27,6388.78,6382.76,6387.77,184
2026-09-07T09:00:00+00:00,6387.77,6387.78,6383.26,6386.26,169
2026-09-07T09:15:00+00:00,6386.26,6387.28,6383.27,6384.77,92
2026-09-07T09:30:00+00:00,6384.77,6387.78,6381.26,6386.76,184
2026-09-07T09:45:00+00:00,6386.76,6389.28,6384.77,6387.77,77
2026-09-07T10:00:00+00:00,6387.77,6389.78,6385.26,6385.26,228
2026-09-07T10:15:00+00:00,6385.26,6387.78,6383.77,6384.77,149
2026-09-07T10:30:00+00:00,6384.77,6388.78,6384.77,6386.78,153
2026-09-07T10:45:00+00:00,6386.78,6386.78,6377.77,6381.26,422
2026-09-07T11:00:00+00:00,6381.26,6382.78,6376.76,6381.26,330
2026-09-07T11:15:00+00:00,6381.26,6382.77,6374.26,6377.27,195
2026-09-07T11:30:00+00:00,6377.27,6381.77,6375.78,6381.77,116
2026-09-07T11:45:00+00:00,6381.77,6383.78,6378.76,6379.28,174
2026-09-07T12:00:00+00:00,6379.28,6382.78,6378.76,6378.77,197
2026-09-07T12:15:00+00:00,6378.77,6386.78,6378.77,6386.76,126
2026-09-07T12:30:00+00:00,6386.76,6389.78,6386.76,6388.76,245
2026-09-07T12:45:00+00:00,6388.76,6396.77,6388.76,6392.27,120
2026-09-07T13:00:00+00:00,6392.27,6398.78,6391.27,6398.27,134
2026-09-07T13:15:00+00:00,6398.27,6402.78,6397.76,6401.77,150
2026-09-07T13:30:00+00:00,6401.77,6405.78,6400.76,6401.26,186
2026-09-07T13:45:00+00:00,6401.26,6407.77,6400.76,6407.27,122
2026-09-07T14:00:00+00:00,6407.27,6408.76,6399.78,6402.76,192
2026-09-07T14:15:00+00:00,6402.76,6404.78,6401.76,6404.27,176
2026-09-07T14:30:00+00:00,6404.27,6404.78,6400.76,6404.77,101
2026-09-07T14:45:00+00:00,6404.77,6406.77,6400.77,6400.77,161
2026-09-07T15:00:00+00:00,6400.77,6404.78,6399.76,6404.28,176
2026-09-07T15:15:00+00:00,6404.28,6404.28,6397.77,6397.77,175
2026-09-07T15:30:00+00:00,6397.77,6403.78,6397.76,6401.77,159
2026-09-07T15:45:00+00:00,6401.77,6401.77,6394.78,6395.76,89
2026-09-07T16:00:00+00:00,6395.76,6399.78,6395.76,6399.78,65
2026-09-07T16:15:00+00:00,6399.78,6401.28,6398.76,6398.78,59
2026-09-07T16:30:00+00:00,6398.78,6400.78,6398.76,6399.76,37
2026-09-07T16:45:00+00:00,6399.76,6399.78,6399.76,6399.77,19
2026-09-07T17:00:00+00:00,6399.77,6400.77,6398.76,6398.76,18
2026-09-07T17:15:00+00:00,6398.76,6399.78,6398.76,6398.78,16
2026-09-07T17:30:00+00:00,6398.78,6399.78,6398.76,6399.76,14
2026-09-07T17:45:00+00:00,6399.76,6399.76,6397.78,6398.77,20
2026-09-07T18:00:00+00:00,6398.77,6398.78,6398.76,6398.77,14
2026-09-07T18:15:00+00:00,6398.77,6398.78,6398.76,6398.78,9
2026-09-07T18:30:00+00:00,6398.78,6398.78,6398.76,6398.78,12
2026-09-07T18:45:00+00:00,6398.78,6398.78,6397.76,6397.77,11
2026-09-07T19:00:00+00:00,6397.77,6397.78,6397.76,6397.76,10
2026-09-07T19:15:00+00:00,6397.76,6398.78,6397.76,6397.76,15
2026-09-07T19:30:00+00:00,6397.76,6398.78,6396.76,6396.78,19
2026-09-07T19:45:00+00:00,6396.78,6396.78,6395.77,6396.78,22
2026-09-08T06:00:00+00:00,6396.78,6396.78,6377.17,6377.68,280
2026-09-08T06:15:00+00:00,6377.68,6379.19,6372.17,6377.69,286
2026-09-08T06:30:00+00:00,6377.69,6383.19,6373.17,6382.17,198
2026-09-08T06:45:00+00:00,6382.17,6387.68,6379.67,6386.69,140
2026-09-08T07:00:00+00:00,6386.69,6400.19,6379.17,6393.69,1045
2026-09-08T07:15:00+00:00,6393.69,6393.69,6381.17,6387.68,453
2026-09-08T07:30:00+00:00,6387.68,6391.19,6370.18,6376.67,539
2026-09-08T07:45:00+00:00,6376.67,6381.18,6369.17,6373.68,479
2026-09-08T08:00:00+00:00,6373.68,6375.18,6361.67,6368.18,783
2026-09-08T08:15:00+00:00,6368.18,6374.19,6367.17,6372.18,566
2026-09-08T08:30:00+00:00,6372.18,6375.19,6366.17,6367.17,620
2026-09-08T08:45:00+00:00,6367.17,6377.67,6363.17,6373.69,730
2026-09-08T09:00:00+00:00,6373.69,6383.69,6370.18,6382.67,482
2026-09-08T09:15:00+00:00,6382.67,6387.19,6377.67,6387.17,241
2026-09-08T09:30:00+00:00,6387.17,6395.69,6387.17,6393.67,359
2026-09-08T09:45:00+00:00,6393.67,6401.19,6392.17,6399.19,275
2026-09-08T10:00:00+00:00,6399.19,6401.18,6393.17,6397.18,214
2026-09-08T10:15:00+00:00,6397.18,6412.69,6396.17,6402.68,522
2026-09-08T10:30:00+00:00,6402.68,6403.19,6397.17,6403.17,239
2026-09-08T10:45:00+00:00,6403.17,6404.18,6396.68,6396.68,165
2026-09-08T11:00:00+00:00,6396.68,6402.19,6394.17,6395.19,293
2026-09-08T11:15:00+00:00,6395.19,6405.19,6395.19,6402.68,248
2026-09-08T11:30:00+00:00,6402.68,6405.68,6400.17,6402.69,163
2026-09-08T11:45:00+00:00,6402.69,6407.69,6400.69,6407.67,223
2026-09-08T12:00:00+00:00,6407.67,6408.19,6400.69,6400.69,200
2026-09-08T12:15:00+00:00,6400.69,6412.19,6398.17,6412.19,248
2026-09-08T12:30:00+00:00,6412.19,6415.19,6408.17,6414.18,272
2026-09-08T12:45:00+00:00,6414.18,6414.69,6411.18,6411.18,280
2026-09-08T13:00:00+00:00,6411.18,6415.19,6409.68,6414.67,262
2026-09-08T13:15:00+00:00,6414.67,6414.67,6407.18,6407.69,255
2026-09-08T13:30:00+00:00,6407.69,6416.17,6404.18,6405.19,401
2026-09-08T13:45:00+00:00,6405.19,6408.69,6403.17,6404.18,413
2026-09-08T14:00:00+00:00,6404.18,6404.18,6391.18,6392.17,389
2026-09-08T14:15:00+00:00,6392.17,6394.19,6386.17,6392.17,394
2026-09-08T14:30:00+00:00,6392.17,6401.19,6391.18,6400.17,214
2026-09-08T14:45:00+00:00,6400.17,6407.67,6399.68,6407.19,185
2026-09-08T15:00:00+00:00,6407.19,6412.19,6404.67,6411.68,147
2026-09-08T15:15:00+00:00,6411.68,6417.18,6407.17,6407.69,192
2026-09-08T15:30:00+00:00,6407.69,6414.19,6407.69,6413.69,179
2026-09-08T15:45:00+00:00,6413.69,6414.69,6407.18,6407.18,126
2026-09-08T16:00:00+00:00,6407.18,6408.19,6401.68,6403.17,85
2026-09-08T16:15:00+00:00,6403.17,6405.69,6400.18,6403.18,115
2026-09-08T16:30:00+00:00,6403.18,6404.18,6400.18,6401.19,77
2026-09-08T16:45:00+00:00,6401.19,6406.18,6394.17,6398.17,201
2026-09-08T17:00:00+00:00,6398.17,6403.19,6397.19,6400.68,187
2026-09-08T17:15:00+00:00,6400.68,6401.17,6399.17,6400.19,65
2026-09-08T17:30:00+00:00,6400.19,6401.19,6398.17,6398.68,46
2026-09-08T17:45:00+00:00,6398.68,6400.19,6397.17,6399.18,76
2026-09-08T18:00:00+00:00,6399.18,6402.19,6399.17,6402.19,71
2026-09-08T18:15:00+00:00,6402.19,6404.18,6401.17,6402.19,101
2026-09-08T18:30:00+00:00,6402.19,6402.19,6398.17,6401.17,109
2026-09-08T18:45:00+00:00,6401.17,6401.19,6389.18,6392.19,607
2026-09-08T19:00:00+00:00,6392.19,6392.68,6390.17,6391.68,223
2026-09-08T19:15:00+00:00,6391.68,6393.19,6385.17,6387.67,138
2026-09-08T19:30:00+00:00,6387.67,6390.19,6385.17,6385.17,143
2026-09-08T19:45:00+00:00,6385.17,6386.18,6374.67,6375.72,306
2026-09-09T06:00:00+00:00,6375.72,6384.55,6375.72,6381.06,164
2026-09-09T06:15:00+00:00,6381.06,6381.54,6372.54,6374.54,143
2026-09-09T06:30:00+00:00,6374.54,6376.56,6371.54,6374.06,135
2026-09-09T06:45:00+00:00,6374.06,6374.56,6366.55,6369.05,151
2026-09-09T07:00:00+00:00,6369.05,6378.56,6362.04,6372.05,796
2026-09-09T07:15:00+00:00,6372.05,6378.55,6365.54,6376.55,571
2026-09-09T07:30:00+00:00,6376.55,6377.54,6360.54,6364.54,349
2026-09-09T07:45:00+00:00,6364.54,6364.54,6353.54,6357.04,374
2026-09-09T08:00:00+00:00,6357.04,6361.56,6354.54,6354.54,308
2026-09-09T08:15:00+00:00,6354.54,6357.56,6350.54,6355.05,249
2026-09-09T08:30:00+00:00,6355.05,6358.06,6345.56,6346.04,371
2026-09-09T08:45:00+00:00,6346.04,6351.54,6343.05,6349.55,316
2026-09-09T09:00:00+00:00,6349.55,6351.56,6341.54,6346.06,305
2026-09-09T09:15:00+00:00,6346.06,6347.55,6338.54,6340.05,239
2026-09-09T09:30:00+00:00,6340.05,6342.56,6325.55,6326.55,405
2026-09-09T09:45:00+00:00,6326.55,6326.56,6314.54,6317.05,425
2026-09-09T10:00:00+00:00,6317.05,6317.05,6305.54,6307.06,603
2026-09-09T10:15:00+00:00,6307.06,6309.56,6302.04,6304.55,479
2026-09-09T10:30:00+00:00,6304.55,6305.56,6293.04,6293.06,382
2026-09-09T10:45:00+00:00,6293.06,6293.06,6285.54,6287.06,581
2026-09-09T11:00:00+00:00,6287.06,6297.06,6285.54,6290.54,480
2026-09-09T11:15:00+00:00,6290.54,6297.06,6287.54,6288.54,361
2026-09-09T11:30:00+00:00,6288.54,6292.06,6283.54,6291.05,422
2026-09-09T11:45:00+00:00,6291.05,6298.55,6283.54,6284.06,760
2026-09-09T12:00:00+00:00,6284.06,6284.06,6275.54,6278.06,517
2026-09-09T12:15:00+00:00,6278.06,6289.54,6277.55,6285.06,336
2026-09-09T12:30:00+00:00,6285.06,6300.54,6283.54,6300.54,255
2026-09-09T12:45:00+00:00,6300.54,6311.06,6299.54,6311.05,203
2026-09-09T13:00:00+00:00,6311.05,6317.56,6308.54,6309.54,392
2026-09-09T13:15:00+00:00,6309.54,6311.56,6304.55,6309.06,249
2026-09-09T13:30:00+00:00,6309.06,6312.56,6301.55,6309.05,563
2026-09-09T13:45:00+00:00,6309.05,6311.56,6305.54,6308.05,411
2026-09-09T14:00:00+00:00,6308.05,6315.56,6306.54,6313.55,329
2026-09-09T14:15:00+00:00,6313.55,6313.55,6296.54,6307.55,862
2026-09-09T14:30:00+00:00,6307.55,6309.54,6303.54,6307.04,408
2026-09-09T14:45:00+00:00,6307.04,6308.56,6301.55,6308.54,388
2026-09-09T15:00:00+00:00,6308.54,6312.06,6293.55,6297.55,770
2026-09-09T15:15:00+00:00,6297.55,6305.06,6293.55,6304.05,379
2026-09-09T15:30:00+00:00,6304.05,6318.56,6302.56,6311.05,414
2026-09-09T15:45:00+00:00,6311.05,6314.54,6306.54,6307.56,211
2026-09-09T16:00:00+00:00,6307.56,6309.55,6300.56,6301.05,249
2026-09-09T16:15:00+00:00,6301.05,6301.56,6297.54,6300.04,220
2026-09-09T16:30:00+00:00,6300.04,6305.06,6299.54,6304.56,124
2026-09-09T16:45:00+00:00,6304.56,6307.56,6302.56,6305.54,220
2026-09-09T17:00:00+00:00,6305.54,6308.56,6303.55,6308.56,205
2026-09-09T17:15:00+00:00,6308.56,6309.56,6305.54,6306.54,207
2026-09-09T17:30:00+00:00,6306.54,6307.56,6301.05,6307.04,103
2026-09-09T17:45:00+00:00,6307.04,6308.56,6305.55,6306.54,91
2026-09-09T18:00:00+00:00,6306.54,6306.56,6302.54,6302.55,115
2026-09-09T18:15:00+00:00,6302.55,6306.56,6302.54,6305.06,88
2026-09-09T18:30:00+00:00,6305.06,6306.06,6304.05,6305.54,34
2026-09-09T18:45:00+00:00,6305.54,6306.56,6303.54,6303.56,69
2026-09-09T19:00:00+00:00,6303.56,6305.56,6299.55,6304.55,82
2026-09-09T19:15:00+00:00,6304.55,6305.54,6302.54,6302.56,91
2026-09-09T19:30:00+00:00,6302.56,6302.56,6300.55,6302.06,37
2026-09-09T19:45:00+00:00,6302.06,6302.55,6296.55,6299.11,186
2026-09-10T06:00:00+00:00,6299.59,6320.99,6299.59,6311.97,143
2026-09-10T06:15:00+00:00,6311.97,6315.99,6311.47,6315.99,106
2026-09-10T06:30:00+00:00,6315.99,6319.99,6314.97,6318.99,156
2026-09-10T06:45:00+00:00,6318.99,6323.98,6315.97,6318.99,156
2026-09-10T07:00:00+00:00,6318.99,6323.98,6312.98,6322.98,717
2026-09-10T07:15:00+00:00,6322.98,6329.98,6319.47,6319.47,302
2026-09-10T07:30:00+00:00,6319.47,6320.99,6309.99,6315.47,473
2026-09-10T07:45:00+00:00,6315.47,6317.98,6310.98,6314.98,342
2026-09-10T08:00:00+00:00,6314.98,6317.99,6307.97,6308.97,270
2026-09-10T08:15:00+00:00,6308.97,6316.49,6304.98,6313.98,362
2026-09-10T08:30:00+00:00,6313.98,6315.97,6303.48,6304.98,282
2026-09-10T08:45:00+00:00,6304.98,6306.49,6296.97,6298.47,210
2026-09-10T09:00:00+00:00,6298.47,6302.99,6295.97,6300.48,253
2026-09-10T09:15:00+00:00,6300.48,6306.99,6299.98,6300.99,269
2026-09-10T09:30:00+00:00,6300.99,6301.97,6291.97,6298.49,246
2026-09-10T09:45:00+00:00,6298.49,6303.98,6297.47,6302.97,304
2026-09-10T10:00:00+00:00,6302.97,6307.99,6300.98,6306.49,468
2026-09-10T10:15:00+00:00,6306.49,6309.99,6303.47,6304.98,311
2026-09-10T10:30:00+00:00,6304.98,6309.99,6302.97,6307.98,322
2026-09-10T10:45:00+00:00,6307.98,6316.97,6304.97,6306.99,640
2026-09-10T11:00:00+00:00,6306.99,6310.98,6303.97,6306.97,408
2026-09-10T11:15:00+00:00,6306.97,6307.99,6303.97,6304.47,249
2026-09-10T11:30:00+00:00,6304.47,6309.98,6303.98,6309.48,375
2026-09-10T11:45:00+00:00,6309.48,6309.99,6291.97,6292.49,588
2026-09-10T12:00:00+00:00,6292.49,6294.99,6287.97,6294.98,693
2026-09-10T12:15:00+00:00,6294.98,6298.49,6272.97,6275.98,1112
2026-09-10T12:30:00+00:00,6275.98,6277.99,6259.97,6268.49,1527
2026-09-10T12:45:00+00:00,6268.49,6273.98,6262.97,6266.99,1347
2026-09-10T13:00:00+00:00,6266.99,6273.99,6263.47,6270.49,1006
2026-09-10T13:15:00+00:00,6270.49,6276.99,6261.97,6275.97,740
2026-09-10T13:30:00+00:00,6275.97,6283.97,6271.97,6274.47,1227
2026-09-10T13:45:00+00:00,6274.47,6277.97,6264.99,6267.99,557
2026-09-10T14:00:00+00:00,6267.99,6277.98,6266.97,6267.97,447
2026-09-10T14:15:00+00:00,6267.97,6290.99,6265.97,6275.97,703
2026-09-10T14:30:00+00:00,6275.97,6278.99,6267.47,6267.47,384
2026-09-10T14:45:00+00:00,6267.47,6274.99,6263.98,6273.98,511
2026-09-10T15:00:00+00:00,6273.98,6275.98,6267.47,6271.98,631
2026-09-10T15:15:00+00:00,6271.98,6278.98,6271.98,6274.99,442
2026-09-10T15:30:00+00:00,6274.99,6275.48,6265.98,6268.98,525
2026-09-10T15:45:00+00:00,6268.98,6269.99,6258.97,6260.48,369
2026-09-10T16:00:00+00:00,6260.48,6263.98,6256.97,6259.98,528
2026-09-10T16:15:00+00:00,6259.98,6261.99,6254.97,6257.98,318
2026-09-10T16:30:00+00:00,6257.98,6261.49,6252.98,6260.99,646
2026-09-10T16:45:00+00:00,6260.99,6264.98,6260.99,6264.98,312
2026-09-10T17:00:00+00:00,6264.98,6268.98,6259.98,6259.98,349
2026-09-10T17:15:00+00:00,6259.98,6260.99,6257.47,6259.49,214
2026-09-10T17:30:00+00:00,6259.49,6259.99,6256.98,6259.48,129
2026-09-10T17:45:00+00:00,6259.48,6259.99,6256.97,6258.98,155
2026-09-10T18:00:00+00:00,6258.98,6261.49,6252.98,6254.98,328
2026-09-10T18:15:00+00:00,6254.98,6255.99,6252.97,6254.97,261
2026-09-10T18:30:00+00:00,6254.97,6256.99,6253.47,6256.98,137
2026-09-10T18:45:00+00:00,6256.98,6261.99,6253.99,6258.48,364
2026-09-10T19:00:00+00:00,6258.48,6258.49,6252.97,6252.99,343
2026-09-10T19:15:00+00:00,6252.99,6257.99,6250.97,6257.99,219
2026-09-10T19:30:00+00:00,6257.99,6260.47,6256.98,6257.97,148
2026-09-10T19:45:00+00:00,6257.97,6258.04,6255.47,6258.04,151
2026-09-11T06:00:00+00:00,6258.04,6292.74,6258.04,6290.26,383
2026-09-11T06:15:00+00:00,6290.26,6292.25,6286.25,6290.26,179
2026-09-11T06:30:00+00:00,6290.26,6295.26,6286.74,6292.75,287
2026-09-11T06:45:00+00:00,6292.75,6303.25,6291.74,6297.25,434
2026-09-11T07:00:00+00:00,6297.25,6303.24,6295.25,6297.24,597
2026-09-11T07:15:00+00:00,6297.24,6302.24,6295.24,6295.76,639
2026-09-11T07:30:00+00:00,6295.76,6296.76,6290.24,6295.24,511
2026-09-11T07:45:00+00:00,6295.24,6295.76,6289.74,6294.25,410
2026-09-11T08:00:00+00:00,6294.25,6298.25,6284.24,6294.26,539
2026-09-11T08:15:00+00:00,6294.26,6308.26,6292.24,6297.74,658
2026-09-11T08:30:00+00:00,6297.74,6307.26,6297.24,6300.26,527
2026-09-11T08:45:00+00:00,6300.26,6310.26,6299.25,6309.75,327
2026-09-11T09:00:00+00:00,6309.75,6313.26,6303.24,6304.26,327
2026-09-11T09:15:00+00:00,6304.26,6306.74,6302.24,6305.74,301
2026-09-11T09:30:00+00:00,6305.74,6310.26,6305.24,6307.76,218
2026-09-11T09:45:00+00:00,6307.76,6313.24,6307.24,6311.76,137
2026-09-11T10:00:00+00:00,6311.76,6319.26,6304.76,6317.24,309
2026-09-11T10:15:00+00:00,6317.24,6318.25,6313.74,6315.75,214
2026-09-11T10:30:00+00:00,6315.75,6321.26,6315.75,6318.25,172
2026-09-11T10:45:00+00:00,6318.25,6319.25,6313.25,6314.24,144
2026-09-11T11:00:00+00:00,6314.24,6315.26,6310.24,6311.75,196
2026-09-11T11:15:00+00:00,6311.75,6315.26,6311.24,6313.25,184
2026-09-11T11:30:00+00:00,6313.25,6315.76,6307.75,6312.24,259
2026-09-11T11:45:00+00:00,6312.24,6314.26,6309.24,6311.75,240
2026-09-11T12:00:00+00:00,6311.75,6313.26,6306.24,6309.74,275
2026-09-11T12:15:00+00:00,6309.74,6321.26,6309.74,6320.74,421
2026-09-11T12:30:00+00:00,6320.74,6325.76,6294.3,6320.74,1616
2026-09-11T12:45:00+00:00,6320.74,6336.24,6318.25,6336.24,642
2026-09-11T13:00:00+00:00,6336.24,6342.26,6329.24,6330.24,648
2026-09-11T13:15:00+00:00,6330.24,6337.26,6323.24,6333.26,568
2026-09-11T13:30:00+00:00,6333.26,6333.26,6320.24,6327.24,737
2026-09-11T13:45:00+00:00,6327.24,6336.26,6324.75,6336.26,613
2026-09-11T14:00:00+00:00,6336.26,6336.26,6315.76,6320.74,613
2026-09-11T14:15:00+00:00,6320.74,6323.76,6314.25,6316.26,431
2026-09-11T14:30:00+00:00,6316.26,6316.26,6305.25,6309.24,446
2026-09-11T14:45:00+00:00,6309.24,6316.76,6308.25,6309.76,554
2026-09-11T15:00:00+00:00,6309.76,6320.26,6308.74,6313.25,364
2026-09-11T15:15:00+00:00,6313.25,6325.26,6313.25,6322.75,286
2026-09-11T15:30:00+00:00,6322.75,6329.24,6321.24,6325.24,298
2026-09-11T15:45:00+00:00,6325.24,6325.26,6318.24,6318.24,119
2026-09-11T16:00:00+00:00,6318.24,6323.24,6318.24,6320.25,96
2026-09-11T16:15:00+00:00,6320.25,6322.26,6316.75,6317.26,256
2026-09-11T16:30:00+00:00,6317.26,6325.26,6316.25,6324.25,372
2026-09-11T16:45:00+00:00,6324.25,6326.25,6323.24,6325.26,279
2026-09-11T17:00:00+00:00,6325.26,6330.25,6324.25,6326.24,285
2026-09-11T17:15:00+00:00,6326.24,6330.26,6325.24,6330.26,161
2026-09-11T17:30:00+00:00,6330.26,6331.25,6326.24,6326.24,79
2026-09-11T17:45:00+00:00,6326.24,6326.26,6324.24,6324.74,72
2026-09-11T18:00:00+00:00,6324.74,6326.26,6324.74,6325.25,77
2026-09-11T18:15:00+00:00,6325.25,6326.24,6319.24,6321.25,283
2026-09-11T18:30:00+00:00,6321.25,6321.26,6318.74,6320.25,121
2026-09-11T18:45:00+00:00,6320.25,6320.26,6317.74,6318.24,27
2026-09-11T19:00:00+00:00,6318.24,6318.26,6316.24,6317.24,88
2026-09-11T19:15:00+00:00,6317.24,6319.26,6317.24,6317.26,43
2026-09-11T19:30:00+00:00,6317.26,6318.26,6317.24,6318.24,41
2026-09-11T19:45:00+00:00,6318.24,6322.26,6317.25,6320.3,178
